INFO:app.services.upload_service:File saved: app/uploads\balance_2021_utf.csv
INFO:app.services.upload_service:Upload registered with ID: 22
ERROR:app.services.upload_service:Upload failed: 'account_code'
Traceback (most recent call last):
  File "C:\Users\mayyara.haj-yahia\AppData\Local\Programs\Python\Python312\Lib\site-packages\pandas\core\indexes\base.py", line 3805, in get_loc
    return self._engine.get_loc(casted_key)
           ^^^^^^^^^^^^^^^^^^^^^^^^^^^^^^^^
  File "index.pyx", line 167, in pandas._libs.index.IndexEngine.get_loc
  File "index.pyx", line 191, in pandas._libs.index.IndexEngine.get_loc
  File "index.pyx", line 228, in pandas._libs.index.IndexEngine._get_loc_duplicates
KeyError: 'account_code'

The above exception was the direct cause of the following exception:

Traceback (most recent call last):
  File "C:\Users\mayyara.haj-yahia\Travail\Project\financial_engine\backend\app\services\upload_service.py", line 39, in save_file_and_register
    validated_data = parse_csv(file.file, upload.id)
                     ^^^^^^^^^^^^^^^^^^^^^^^^^^^^^^^
  File "C:\Users\mayyara.haj-yahia\Travail\Project\financial_engine\backend\app\services\csv_parsing_service.py", line 24, in parse_csv
    extracted_data = extract_data(df, column_mapping)
                     ^^^^^^^^^^^^^^^^^^^^^^^^^^^^^^^^
  File "C:\Users\mayyara.haj-yahia\Travail\Project\financial_engine\backend\app\services\data_extractor.py", line 13, in extract_data
    df = df[df["account_code"].notna()]
            ~~^^^^^^^^^^^^^^^^
  File "C:\Users\mayyara.haj-yahia\AppData\Local\Programs\Python\Python312\Lib\site-packages\pandas\core\frame.py", line 4102, in __getitem__
    indexer = self.columns.get_loc(key)
              ^^^^^^^^^^^^^^^^^^^^^^^^^
  File "C:\Users\mayyara.haj-yahia\AppData\Local\Programs\Python\Python312\Lib\site-packages\pandas\core\indexes\base.py", line 3812, in get_loc
    raise KeyError(key) from err
KeyError: 'account_code'
INFO:app.services.upload_service:File saved: app/uploads\balance_2021_utf.csv
INFO:app.services.upload_service:Upload registered with ID: 23
ERROR:app.services.upload_service:Upload failed: Could not detect account_code column. Available columns: ['unknown', 'unknown', 'unknown', 'unknown', 'unknown', 'unknown', 'unknown']. Mapping was: {'': 'unknown'}
Traceback (most recent call last):
  File "C:\Users\mayyara.haj-yahia\Travail\Project\financial_engine\backend\app\services\upload_service.py", line 39, in save_file_and_register
    validated_data = parse_csv(file.file, upload.id)
                     ^^^^^^^^^^^^^^^^^^^^^^^^^^^^^^^
  File "C:\Users\mayyara.haj-yahia\Travail\Project\financial_engine\backend\app\services\csv_parsing_service.py", line 24, in parse_csv
    extracted_data = extract_data(df, column_mapping)
                     ^^^^^^^^^^^^^^^^^^^^^^^^^^^^^^^^
  File "C:\Users\mayyara.haj-yahia\Travail\Project\financial_engine\backend\app\services\data_extractor.py", line 16, in extract_data
    raise ValueError(
ValueError: Could not detect account_code column. Available columns: ['unknown', 'unknown', 'unknown', 'unknown', 'unknown', 'unknown', 'unknown']. Mapping was: {'': 'unknown'}
INFO:app.services.upload_service:File saved: app/uploads\balance_2021.csv
INFO:app.services.upload_service:Upload registered with ID: 24
ERROR:app.services.upload_service:Upload failed: Could not detect account_code column. Available columns: ['unknown', 'unknown', 'unknown', 'unknown', 'unknown', 'unknown', 'unknown']. Mapping was: {'': 'unknown'}
Traceback (most recent call last):
  File "C:\Users\mayyara.haj-yahia\Travail\Project\financial_engine\backend\app\services\upload_service.py", line 39, in save_file_and_register
    validated_data = parse_csv(file.file, upload.id)
                     ^^^^^^^^^^^^^^^^^^^^^^^^^^^^^^^
  File "C:\Users\mayyara.haj-yahia\Travail\Project\financial_engine\backend\app\services\csv_parsing_service.py", line 24, in parse_csv
    extracted_data = extract_data(df, column_mapping)
                     ^^^^^^^^^^^^^^^^^^^^^^^^^^^^^^^^
  File "C:\Users\mayyara.haj-yahia\Travail\Project\financial_engine\backend\app\services\data_extractor.py", line 16, in extract_data
    raise ValueError(
ValueError: Could not detect account_code column. Available columns: ['unknown', 'unknown', 'unknown', 'unknown', 'unknown', 'unknown', 'unknown']. Mapping was: {'': 'unknown'}
INFO:app.services.upload_service:File saved: app/uploads\balance_2021.csv
INFO:app.services.upload_service:Upload registered with ID: 25
WARNING:app.services.column_classifier:Unknown column detected: 
WARNING:app.services.column_classifier:Unknown column detected: 
WARNING:app.services.column_classifier:Unknown column detected: 
WARNING:app.services.column_classifier:Unknown column detected: 
WARNING:app.services.column_classifier:Unknown column detected: 
WARNING:app.services.column_classifier:Unknown column detected: 
WARNING:app.services.column_classifier:Unknown column detected: 
INFO:app.services.column_classifier:Column mapping: {'': 'unknown'}
INFO:app.services.data_extractor:DataFrame columns after renaming: ['unknown', 'unknown', 'unknown', 'unknown', 'unknown', 'unknown', 'unknown']
INFO:root:Upload 25: Encoding=MacRoman, Delimiter=;, Columns={'': 'unknown'}
INFO:app.services.upload_service:Upload 25: 0 accounts inserted. Detected columns: []
INFO:app.services.upload_service:File saved: app/uploads\balance_2021.csv
INFO:app.services.upload_service:Upload registered with ID: 26
WARNING:app.services.column_classifier:Unknown column detected: 
WARNING:app.services.column_classifier:Unknown column detected: 
WARNING:app.services.column_classifier:Unknown column detected: 
WARNING:app.services.column_classifier:Unknown column detected: 
WARNING:app.services.column_classifier:Unknown column detected: 
WARNING:app.services.column_classifier:Unknown column detected: 
WARNING:app.services.column_classifier:Unknown column detected: 
INFO:app.services.column_classifier:Column mapping: {'': 'unknown'}
INFO:app.services.data_extractor:DataFrame columns after renaming: ['unknown', 'unknown', 'unknown', 'unknown', 'unknown', 'unknown', 'unknown']
INFO:app.services.data_extractor:Rows before filtering: 105
INFO:root:Upload 26: Encoding=MacRoman, Delimiter=;, Columns={'': 'unknown'}
INFO:app.services.upload_service:Upload 26: 0 accounts inserted. Detected columns: []
INFO:app.services.upload_service:File saved: app/uploads\balance_2021.csv
INFO:app.services.upload_service:Upload registered with ID: 27
WARNING:app.services.column_classifier:Unknown column detected: 
WARNING:app.services.column_classifier:Unknown column detected: 
WARNING:app.services.column_classifier:Unknown column detected: 
WARNING:app.services.column_classifier:Unknown column detected: 
WARNING:app.services.column_classifier:Unknown column detected: 
WARNING:app.services.column_classifier:Unknown column detected: 
WARNING:app.services.column_classifier:Unknown column detected: 
INFO:app.services.column_classifier:Column mapping: {'': 'unknown'}
INFO:app.services.data_extractor:DataFrame columns after renaming: ['unknown', 'unknown', 'unknown', 'unknown', 'unknown', 'unknown', 'unknown']
INFO:app.services.data_extractor:DataFrame sample:
    unknown             unknown       unknown unknown unknown unknown unknown
0                                                                            
1        N\u221e    LibellÈ Ècriture   Solde Final                                
2  10100000             CAPITAL    -1 000,000                                
3  11100000      RESERVE LEGALE                                              
4  12100000  RESULTATS REPORTES  -150 000,000                                
INFO:app.services.data_extractor:Rows before filtering: 105
INFO:app.services.data_extractor:DataFrame sample before filtering:
    unknown             unknown       unknown unknown unknown unknown unknown
0                                                                            
1        N\u221e    LibellÈ Ècriture   Solde Final                                
2  10100000             CAPITAL    -1 000,000                                
3  11100000      RESERVE LEGALE                                              
4  12100000  RESULTATS REPORTES  -150 000,000                                
ERROR:app.services.data_extractor:No account_code column found after renaming!
INFO:app.services.data_extractor:Rows after filtering: 105
INFO:app.services.data_extractor:DataFrame sample after filtering:
    unknown             unknown       unknown unknown unknown unknown unknown
0                                                                            
1        N\u221e    LibellÈ Ècriture   Solde Final                                
2  10100000             CAPITAL    -1 000,000                                
3  11100000      RESERVE LEGALE                                              
4  12100000  RESULTATS REPORTES  -150 000,000                                
INFO:root:Upload 27: Encoding=MacRoman, Delimiter=;, Columns={'': 'unknown'}
INFO:app.services.upload_service:Upload 27: 0 accounts inserted. Detected columns: []
INFO:app.services.upload_service:File saved: app/uploads\balance_2021.csv
INFO:app.services.upload_service:Upload registered with ID: 28
WARNING:app.services.column_classifier:Unknown column detected: 
WARNING:app.services.column_classifier:Unknown column detected: 
WARNING:app.services.column_classifier:Unknown column detected: 
WARNING:app.services.column_classifier:Unknown column detected: 
WARNING:app.services.column_classifier:Unknown column detected: 
WARNING:app.services.column_classifier:Unknown column detected: 
WARNING:app.services.column_classifier:Unknown column detected: 
INFO:app.services.column_classifier:Final column mapping: {'': 'unknown'}
INFO:app.services.data_extractor:Reverse mapping: {}
INFO:app.services.data_extractor:DataFrame columns after renaming: ['', '', '', '', '', '', '']
INFO:app.services.data_extractor:DataFrame shape: (105, 7)
INFO:app.services.data_extractor:DataFrame sample:
                                                     
0                                                    
1        N\u221e    LibellÈ Ècriture   Solde Final        
2  10100000             CAPITAL    -1 000,000        
3  11100000      RESERVE LEGALE                      
4  12100000  RESULTATS REPORTES  -150 000,000        
ERROR:app.services.upload_service:Upload failed: Critical column 'account_code' not found. Available columns: ['', '', '', '', '', '', '']
Traceback (most recent call last):
  File "C:\Users\mayyara.haj-yahia\Travail\Project\financial_engine\backend\app\services\upload_service.py", line 39, in save_file_and_register
    validated_data = parse_csv(file.file, upload.id)
                     ^^^^^^^^^^^^^^^^^^^^^^^^^^^^^^^
  File "C:\Users\mayyara.haj-yahia\Travail\Project\financial_engine\backend\app\services\csv_parsing_service.py", line 24, in parse_csv
    extracted_data = extract_data(df, column_mapping)
                     ^^^^^^^^^^^^^^^^^^^^^^^^^^^^^^^^
  File "C:\Users\mayyara.haj-yahia\Travail\Project\financial_engine\backend\app\services\data_extractor.py", line 37, in extract_data
    raise ValueError(
ValueError: Critical column 'account_code' not found. Available columns: ['', '', '', '', '', '', '']
INFO:app.services.upload_service:File saved: app/uploads\balance_2021.csv
INFO:app.services.upload_service:Upload registered with ID: 29
WARNING:app.services.column_classifier:Unknown column detected: 
WARNING:app.services.column_classifier:Unknown column detected: 
WARNING:app.services.column_classifier:Unknown column detected: 
WARNING:app.services.column_classifier:Unknown column detected: 
WARNING:app.services.column_classifier:Unknown column detected: 
WARNING:app.services.column_classifier:Unknown column detected: 
WARNING:app.services.column_classifier:Unknown column detected: 
INFO:app.services.column_classifier:Final column mapping: {'': 'unknown'}
INFO:app.services.data_extractor:Reverse mapping: {}
INFO:app.services.data_extractor:DataFrame columns after renaming: ['', '', '', '', '', '', '']
INFO:app.services.data_extractor:DataFrame shape: (105, 7)
INFO:app.services.data_extractor:DataFrame sample:
                                                     
0                                                    
1        N\u221e    LibellÈ Ècriture   Solde Final        
2  10100000             CAPITAL    -1 000,000        
3  11100000      RESERVE LEGALE                      
4  12100000  RESULTATS REPORTES  -150 000,000        
ERROR:app.services.upload_service:Upload failed: Critical column 'account_code' not found. Available columns: ['', '', '', '', '', '', '']
Traceback (most recent call last):
  File "C:\Users\mayyara.haj-yahia\Travail\Project\financial_engine\backend\app\services\upload_service.py", line 39, in save_file_and_register
    validated_data = parse_csv(file.file, upload.id)
                     ^^^^^^^^^^^^^^^^^^^^^^^^^^^^^^^
  File "C:\Users\mayyara.haj-yahia\Travail\Project\financial_engine\backend\app\services\csv_parsing_service.py", line 24, in parse_csv
    extracted_data = extract_data(df, column_mapping)
                     ^^^^^^^^^^^^^^^^^^^^^^^^^^^^^^^^
  File "C:\Users\mayyara.haj-yahia\Travail\Project\financial_engine\backend\app\services\data_extractor.py", line 37, in extract_data
    raise ValueError(
ValueError: Critical column 'account_code' not found. Available columns: ['', '', '', '', '', '', '']
INFO:app.services.upload_service:File saved: app/uploads\balance_2021.csv
INFO:app.services.upload_service:Upload registered with ID: 30
INFO:app.services.csv_parsing_service:Raw columns after reading CSV: ['BALANCE 2021', 'Unnamed: 1', 'Unnamed: 2', 'Unnamed: 3', 'Unnamed: 4', 'Unnamed: 5', 'Unnamed: 6']
WARNING:app.services.column_classifier:Unknown column detected: 
WARNING:app.services.column_classifier:Unknown column detected: 
WARNING:app.services.column_classifier:Unknown column detected: 
WARNING:app.services.column_classifier:Unknown column detected: 
WARNING:app.services.column_classifier:Unknown column detected: 
WARNING:app.services.column_classifier:Unknown column detected: 
WARNING:app.services.column_classifier:Unknown column detected: 
INFO:app.services.column_classifier:Final column mapping: {'': 'unknown'}
INFO:app.services.data_extractor:Reverse mapping: {}
INFO:app.services.data_extractor:DataFrame columns after renaming: ['', '', '', '', '', '', '']
INFO:app.services.data_extractor:DataFrame shape: (105, 7)
INFO:app.services.data_extractor:DataFrame sample:
                                                     
0                                                    
1        N\u221e    LibellÈ Ècriture   Solde Final        
2  10100000             CAPITAL    -1 000,000        
3  11100000      RESERVE LEGALE                      
4  12100000  RESULTATS REPORTES  -150 000,000        
ERROR:app.services.upload_service:Upload failed: Critical column 'account_code' not found. Available columns: ['', '', '', '', '', '', '']
Traceback (most recent call last):
  File "C:\Users\mayyara.haj-yahia\Travail\Project\financial_engine\backend\app\services\upload_service.py", line 39, in save_file_and_register
    validated_data = parse_csv(file.file, upload.id)
                     ^^^^^^^^^^^^^^^^^^^^^^^^^^^^^^^
  File "C:\Users\mayyara.haj-yahia\Travail\Project\financial_engine\backend\app\services\csv_parsing_service.py", line 27, in parse_csv
    extracted_data = extract_data(df, column_mapping)
                     ^^^^^^^^^^^^^^^^^^^^^^^^^^^^^^^^
  File "C:\Users\mayyara.haj-yahia\Travail\Project\financial_engine\backend\app\services\data_extractor.py", line 37, in extract_data
    raise ValueError(
ValueError: Critical column 'account_code' not found. Available columns: ['', '', '', '', '', '', '']
INFO:app.services.upload_service:File saved: app/uploads\balance_2021.csv
INFO:app.services.upload_service:Upload registered with ID: 31
INFO:app.utils.helpers:CSV read successfully: 106 rows, 7 columns
INFO:app.services.csv_parsing_service:Raw columns after reading CSV: ['col_0', 'col_1', 'col_2', 'col_3', 'col_4', 'col_5', 'col_6']
WARNING:app.services.header_detector:Using first row as header (fallback): ['BALANCE 2021', '', '', '', '', '', '']
WARNING:app.services.column_classifier:Column 'BALANCE 2021' partially matched 'solde_final' (score: 35, below 80% threshold)
WARNING:app.services.column_classifier:Unknown column detected: 
WARNING:app.services.column_classifier:Unknown column detected: 
WARNING:app.services.column_classifier:Unknown column detected: 
WARNING:app.services.column_classifier:Unknown column detected: 
WARNING:app.services.column_classifier:Unknown column detected: 
WARNING:app.services.column_classifier:Unknown column detected: 
INFO:app.services.column_classifier:Final column mapping: {'BALANCE 2021': 'unknown', '': 'unknown'}
INFO:app.services.data_extractor:Reverse mapping: {}
INFO:app.services.data_extractor:DataFrame columns after renaming: ['BALANCE 2021', '', '', '', '', '', '']
INFO:app.services.data_extractor:DataFrame shape: (106, 7)
INFO:app.services.data_extractor:DataFrame sample:
   BALANCE 2021                                       
0  BALANCE 2021                                       
1                                                     
2            N\u221e  LibellÈ Ècriture  Solde Final        
3      10100000           CAPITAL   -1 000,000        
4      11100000    RESERVE LEGALE                     
ERROR:app.services.upload_service:Upload failed: Critical column 'account_code' not found. Available columns: ['BALANCE 2021', '', '', '', '', '', '']
Traceback (most recent call last):
  File "C:\Users\mayyara.haj-yahia\Travail\Project\financial_engine\backend\app\services\upload_service.py", line 39, in save_file_and_register
    validated_data = parse_csv(file.file, upload.id)
                     ^^^^^^^^^^^^^^^^^^^^^^^^^^^^^^^
  File "C:\Users\mayyara.haj-yahia\Travail\Project\financial_engine\backend\app\services\csv_parsing_service.py", line 27, in parse_csv
    extracted_data = extract_data(df, column_mapping)
                     ^^^^^^^^^^^^^^^^^^^^^^^^^^^^^^^^
  File "C:\Users\mayyara.haj-yahia\Travail\Project\financial_engine\backend\app\services\data_extractor.py", line 37, in extract_data
    raise ValueError(
ValueError: Critical column 'account_code' not found. Available columns: ['BALANCE 2021', '', '', '', '', '', '']
INFO:app.services.upload_service:File saved: app/uploads\F1773661755482_BAL(in).csv
INFO:app.services.upload_service:Upload registered with ID: 32
ERROR:app.services.upload_service:Upload failed: 'utf-8' codec can't decode byte 0xe9 in position 14: invalid continuation byte
Traceback (most recent call last):
  File "C:\Users\mayyara.haj-yahia\Travail\Project\financial_engine\backend\app\services\upload_service.py", line 39, in save_file_and_register
    validated_data = parse_csv(file.file, upload.id)
                     ^^^^^^^^^^^^^^^^^^^^^^^^^^^^^^^
  File "C:\Users\mayyara.haj-yahia\Travail\Project\financial_engine\backend\app\services\csv_parsing_service.py", line 13, in parse_csv
    delimiter = detect_delimiter(file)
                ^^^^^^^^^^^^^^^^^^^^^^
  File "C:\Users\mayyara.haj-yahia\Travail\Project\financial_engine\backend\app\utils\helpers.py", line 23, in detect_delimiter
    first_line = file.readline().decode(encoding)
                 ^^^^^^^^^^^^^^^^^^^^^^^^^^^^^^^^
UnicodeDecodeError: 'utf-8' codec can't decode byte 0xe9 in position 14: invalid continuation byte
INFO:app.services.upload_service:File saved: app/uploads\balance_2021_utf.csv
INFO:app.services.upload_service:Upload registered with ID: 33
INFO:app.utils.helpers:Successfully decoded first line with utf-8
INFO:app.utils.helpers:Detected delimiter: ';' from: {',': 0, ';': 6, '\t': 0, '|': 0}
INFO:app.utils.helpers:CSV read successfully: 106 rows, 7 columns
INFO:app.services.csv_parsing_service:Raw columns after reading CSV: ['col_0', 'col_1', 'col_2', 'col_3', 'col_4', 'col_5', 'col_6']
INFO:app.services.header_detector:Detected header at row 2: ['N°', 'Libellé écriture', 'Solde Final', '', '', '', '']
INFO:app.services.column_classifier:Mapped 'N°' \u2192 'account_code' (score: 100)
WARNING:app.services.column_classifier:Column 'Libellé écriture' partially matched 'label' (score: 61, below 80% threshold)
INFO:app.services.column_classifier:Mapped 'Solde Final' \u2192 'solde_final' (score: 100)
WARNING:app.services.column_classifier:Unknown column detected: 
WARNING:app.services.column_classifier:Unknown column detected: 
WARNING:app.services.column_classifier:Unknown column detected: 
WARNING:app.services.column_classifier:Unknown column detected: 
INFO:app.services.column_classifier:Final column mapping: {'N°': 'account_code', 'Libellé écriture': 'unknown', 'Solde Final': 'solde_final', '': 'unknown'}
INFO:app.services.data_extractor:Reverse mapping: {'account_code': ['N°'], 'solde_final': ['Solde Final']}
INFO:app.services.data_extractor:DataFrame columns after renaming: ['account_code', 'Libellé écriture', 'solde_final', '', '', '', '']
INFO:app.services.data_extractor:DataFrame shape: (106, 7)
INFO:app.services.data_extractor:DataFrame sample:
   account_code  Libellé écriture  solde_final        
0  BALANCE 2021                                       
1                                                     
2            N°  Libellé écriture  Solde Final        
3      10100000           CAPITAL   -1 000,000        
4      11100000    RESERVE LEGALE                     
INFO:app.services.data_extractor:Converted column 'solde_final' to numeric
INFO:app.services.data_extractor:Rows before filtering: 106
INFO:app.services.data_extractor:Rows after filtering: 100
INFO:app.services.data_extractor:Sample data:
   account_code    Libellé écriture  solde_final        
0  BALANCE 2021                              0.0        
2            N°    Libellé écriture          0.0        
3      10100000             CAPITAL      -1000.0        
4      11100000      RESERVE LEGALE          0.0        
5      12100000  RESULTATS REPORTES    -150000.0        
INFO:app.services.data_extractor:Successfully extracted 100 records
INFO:root:Upload 33: Encoding=UTF-8-SIG, Delimiter=;, Columns={'N°': 'account_code', 'Libellé écriture': 'unknown', 'Solde Final': 'solde_final', '': 'unknown'}
ERROR:app.services.upload_service:Upload failed: (psycopg2.errors.UndefinedColumn) ERREUR:  la colonne « opening_debit » de la relation « accounts » n'existe pas
LINE 1: ..., credit, solde_debit, solde_credit, solde_final, opening_de...
                                                             ^

[SQL: INSERT INTO accounts (upload_id, account_code, label, debit, credit, solde_debit, solde_credit, solde_final, opening_debit, opening_credit) SELECT p0::INTEGER, p1::VARCHAR, p2::VARCHAR, p3::NUMERIC(20, 2), p4::NUMERIC(20, 2), p5::NUMERIC(20, 2), p6:: ... 20019 characters truncated ... , sen_counter) ORDER BY sen_counter RETURNING accounts.id, accounts.created_at, accounts.id AS id__1]
[parameters: {'debit__0': None, 'solde_final__0': -1000.0, 'upload_id__0': 33, 'solde_credit__0': None, 'account_code__0': '10100000', 'opening_debit__0': None, 'opening_credit__0': None, 'solde_debit__0': None, 'credit__0': None, 'label__0': None, 'debit__1': None, 'solde_final__1': 0.0, 'upload_id__1': 33, 'solde_credit__1': None, 'account_code__1': '11100000', 'opening_debit__1': None, 'opening_credit__1': None, 'solde_debit__1': None, 'credit__1': None, 'label__1': None, 'debit__2': None, 'solde_final__2': -150000.0, 'upload_id__2': 33, 'solde_credit__2': None, 'account_code__2': '12100000', 'opening_debit__2': None, 'opening_credit__2': None, 'solde_debit__2': None, 'credit__2': None, 'label__2': None, 'debit__3': None, 'solde_final__3': 0.0, 'upload_id__3': 33, 'solde_credit__3': None, 'account_code__3': '13000000', 'opening_debit__3': None, 'opening_credit__3': None, 'solde_debit__3': None, 'credit__3': None, 'label__3': None, 'debit__4': None, 'solde_final__4': 0.0, 'upload_id__4': 33, 'solde_credit__4': None, 'account_code__4': '13100000', 'opening_debit__4': None, 'opening_credit__4': None, 'solde_debit__4': None, 'credit__4': None, 'label__4': None ... 880 parameters truncated ... 'debit__93': None, 'solde_final__93': 0.0, 'upload_id__93': 33, 'solde_credit__93': None, 'account_code__93': '6900000', 'opening_debit__93': None, 'opening_credit__93': None, 'solde_debit__93': None, 'credit__93': None, 'label__93': None, 'debit__94': None, 'solde_final__94': -5719800.0, 'upload_id__94': 33, 'solde_credit__94': None, 'account_code__94': '70500100', 'opening_debit__94': None, 'opening_credit__94': None, 'solde_debit__94': None, 'credit__94': None, 'label__94': None, 'debit__95': None, 'solde_final__95': 0.0, 'upload_id__95': 33, 'solde_credit__95': None, 'account_code__95': '73600000', 'opening_debit__95': None, 'opening_credit__95': None, 'solde_debit__95': None, 'credit__95': None, 'label__95': None, 'debit__96': None, 'solde_final__96': 0.0, 'upload_id__96': 33, 'solde_credit__96': None, 'account_code__96': '73600001', 'opening_debit__96': None, 'opening_credit__96': None, 'solde_debit__96': None, 'credit__96': None, 'label__96': None, 'debit__97': None, 'solde_final__97': 0.0, 'upload_id__97': 33, 'solde_credit__97': None, 'account_code__97': '78100000', 'opening_debit__97': None, 'opening_credit__97': None, 'solde_debit__97': None, 'credit__97': None, 'label__97': None}]
(Background on this error at: https://sqlalche.me/e/20/f405)
Traceback (most recent call last):
  File "C:\Users\mayyara.haj-yahia\AppData\Local\Programs\Python\Python312\Lib\site-packages\sqlalchemy\engine\base.py", line 2125, in _exec_insertmany_context
    dialect.do_execute(
  File "C:\Users\mayyara.haj-yahia\AppData\Local\Programs\Python\Python312\Lib\site-packages\sqlalchemy\engine\default.py", line 952, in do_execute
    cursor.execute(statement, parameters)
psycopg2.errors.UndefinedColumn: ERREUR:  la colonne « opening_debit » de la relation « accounts » n'existe pas
LINE 1: ..., credit, solde_debit, solde_credit, solde_final, opening_de...
                                                             ^


The above exception was the direct cause of the following exception:

Traceback (most recent call last):
  File "C:\Users\mayyara.haj-yahia\Travail\Project\financial_engine\backend\app\services\upload_service.py", line 42, in save_file_and_register
    save_accounts(db, validated_data, upload.id)
  File "C:\Users\mayyara.haj-yahia\Travail\Project\financial_engine\backend\app\repositories\account_repository.py", line 22, in save_accounts
    session.commit()
  File "C:\Users\mayyara.haj-yahia\AppData\Local\Programs\Python\Python312\Lib\site-packages\sqlalchemy\orm\session.py", line 2030, in commit
    trans.commit(_to_root=True)
  File "<string>", line 2, in commit
  File "C:\Users\mayyara.haj-yahia\AppData\Local\Programs\Python\Python312\Lib\site-packages\sqlalchemy\orm\state_changes.py", line 137, in _go
    ret_value = fn(self, *arg, **kw)
                ^^^^^^^^^^^^^^^^^^^^
  File "C:\Users\mayyara.haj-yahia\AppData\Local\Programs\Python\Python312\Lib\site-packages\sqlalchemy\orm\session.py", line 1311, in commit
    self._prepare_impl()
  File "<string>", line 2, in _prepare_impl
  File "C:\Users\mayyara.haj-yahia\AppData\Local\Programs\Python\Python312\Lib\site-packages\sqlalchemy\orm\state_changes.py", line 137, in _go
    ret_value = fn(self, *arg, **kw)
                ^^^^^^^^^^^^^^^^^^^^
  File "C:\Users\mayyara.haj-yahia\AppData\Local\Programs\Python\Python312\Lib\site-packages\sqlalchemy\orm\session.py", line 1286, in _prepare_impl
    self.session.flush()
  File "C:\Users\mayyara.haj-yahia\AppData\Local\Programs\Python\Python312\Lib\site-packages\sqlalchemy\orm\session.py", line 4331, in flush
    self._flush(objects)
  File "C:\Users\mayyara.haj-yahia\AppData\Local\Programs\Python\Python312\Lib\site-packages\sqlalchemy\orm\session.py", line 4466, in _flush
    with util.safe_reraise():
  File "C:\Users\mayyara.haj-yahia\AppData\Local\Programs\Python\Python312\Lib\site-packages\sqlalchemy\util\langhelpers.py", line 121, in __exit__
    raise exc_value.with_traceback(exc_tb)
  File "C:\Users\mayyara.haj-yahia\AppData\Local\Programs\Python\Python312\Lib\site-packages\sqlalchemy\orm\session.py", line 4427, in _flush
    flush_context.execute()
  File "C:\Users\mayyara.haj-yahia\AppData\Local\Programs\Python\Python312\Lib\site-packages\sqlalchemy\orm\unitofwork.py", line 466, in execute
    rec.execute(self)
  File "C:\Users\mayyara.haj-yahia\AppData\Local\Programs\Python\Python312\Lib\site-packages\sqlalchemy\orm\unitofwork.py", line 642, in execute
    util.preloaded.orm_persistence.save_obj(
  File "C:\Users\mayyara.haj-yahia\AppData\Local\Programs\Python\Python312\Lib\site-packages\sqlalchemy\orm\persistence.py", line 93, in save_obj
    _emit_insert_statements(
  File "C:\Users\mayyara.haj-yahia\AppData\Local\Programs\Python\Python312\Lib\site-packages\sqlalchemy\orm\persistence.py", line 1143, in _emit_insert_statements
    result = connection.execute(
             ^^^^^^^^^^^^^^^^^^^
  File "C:\Users\mayyara.haj-yahia\AppData\Local\Programs\Python\Python312\Lib\site-packages\sqlalchemy\engine\base.py", line 1419, in execute
    return meth(
           ^^^^^
  File "C:\Users\mayyara.haj-yahia\AppData\Local\Programs\Python\Python312\Lib\site-packages\sqlalchemy\sql\elements.py", line 527, in _execute_on_connection
    return connection._execute_clauseelement(
           ^^^^^^^^^^^^^^^^^^^^^^^^^^^^^^^^^^
  File "C:\Users\mayyara.haj-yahia\AppData\Local\Programs\Python\Python312\Lib\site-packages\sqlalchemy\engine\base.py", line 1641, in _execute_clauseelement
    ret = self._execute_context(
          ^^^^^^^^^^^^^^^^^^^^^^
  File "C:\Users\mayyara.haj-yahia\AppData\Local\Programs\Python\Python312\Lib\site-packages\sqlalchemy\engine\base.py", line 1844, in _execute_context
    return self._exec_insertmany_context(dialect, context)
           ^^^^^^^^^^^^^^^^^^^^^^^^^^^^^^^^^^^^^^^^^^^^^^^
  File "C:\Users\mayyara.haj-yahia\AppData\Local\Programs\Python\Python312\Lib\site-packages\sqlalchemy\engine\base.py", line 2133, in _exec_insertmany_context
    self._handle_dbapi_exception(
  File "C:\Users\mayyara.haj-yahia\AppData\Local\Programs\Python\Python312\Lib\site-packages\sqlalchemy\engine\base.py", line 2363, in _handle_dbapi_exception
    raise sqlalchemy_exception.with_traceback(exc_info[2]) from e
  File "C:\Users\mayyara.haj-yahia\AppData\Local\Programs\Python\Python312\Lib\site-packages\sqlalchemy\engine\base.py", line 2125, in _exec_insertmany_context
    dialect.do_execute(
  File "C:\Users\mayyara.haj-yahia\AppData\Local\Programs\Python\Python312\Lib\site-packages\sqlalchemy\engine\default.py", line 952, in do_execute
    cursor.execute(statement, parameters)
sqlalchemy.exc.ProgrammingError: (psycopg2.errors.UndefinedColumn) ERREUR:  la colonne « opening_debit » de la relation « accounts » n'existe pas
LINE 1: ..., credit, solde_debit, solde_credit, solde_final, opening_de...
                                                             ^

[SQL: INSERT INTO accounts (upload_id, account_code, label, debit, credit, solde_debit, solde_credit, solde_final, opening_debit, opening_credit) SELECT p0::INTEGER, p1::VARCHAR, p2::VARCHAR, p3::NUMERIC(20, 2), p4::NUMERIC(20, 2), p5::NUMERIC(20, 2), p6:: ... 20019 characters truncated ... , sen_counter) ORDER BY sen_counter RETURNING accounts.id, accounts.created_at, accounts.id AS id__1]
[parameters: {'debit__0': None, 'solde_final__0': -1000.0, 'upload_id__0': 33, 'solde_credit__0': None, 'account_code__0': '10100000', 'opening_debit__0': None, 'opening_credit__0': None, 'solde_debit__0': None, 'credit__0': None, 'label__0': None, 'debit__1': None, 'solde_final__1': 0.0, 'upload_id__1': 33, 'solde_credit__1': None, 'account_code__1': '11100000', 'opening_debit__1': None, 'opening_credit__1': None, 'solde_debit__1': None, 'credit__1': None, 'label__1': None, 'debit__2': None, 'solde_final__2': -150000.0, 'upload_id__2': 33, 'solde_credit__2': None, 'account_code__2': '12100000', 'opening_debit__2': None, 'opening_credit__2': None, 'solde_debit__2': None, 'credit__2': None, 'label__2': None, 'debit__3': None, 'solde_final__3': 0.0, 'upload_id__3': 33, 'solde_credit__3': None, 'account_code__3': '13000000', 'opening_debit__3': None, 'opening_credit__3': None, 'solde_debit__3': None, 'credit__3': None, 'label__3': None, 'debit__4': None, 'solde_final__4': 0.0, 'upload_id__4': 33, 'solde_credit__4': None, 'account_code__4': '13100000', 'opening_debit__4': None, 'opening_credit__4': None, 'solde_debit__4': None, 'credit__4': None, 'label__4': None ... 880 parameters truncated ... 'debit__93': None, 'solde_final__93': 0.0, 'upload_id__93': 33, 'solde_credit__93': None, 'account_code__93': '6900000', 'opening_debit__93': None, 'opening_credit__93': None, 'solde_debit__93': None, 'credit__93': None, 'label__93': None, 'debit__94': None, 'solde_final__94': -5719800.0, 'upload_id__94': 33, 'solde_credit__94': None, 'account_code__94': '70500100', 'opening_debit__94': None, 'opening_credit__94': None, 'solde_debit__94': None, 'credit__94': None, 'label__94': None, 'debit__95': None, 'solde_final__95': 0.0, 'upload_id__95': 33, 'solde_credit__95': None, 'account_code__95': '73600000', 'opening_debit__95': None, 'opening_credit__95': None, 'solde_debit__95': None, 'credit__95': None, 'label__95': None, 'debit__96': None, 'solde_final__96': 0.0, 'upload_id__96': 33, 'solde_credit__96': None, 'account_code__96': '73600001', 'opening_debit__96': None, 'opening_credit__96': None, 'solde_debit__96': None, 'credit__96': None, 'label__96': None, 'debit__97': None, 'solde_final__97': 0.0, 'upload_id__97': 33, 'solde_credit__97': None, 'account_code__97': '78100000', 'opening_debit__97': None, 'opening_credit__97': None, 'solde_debit__97': None, 'credit__97': None, 'label__97': None}]
(Background on this error at: https://sqlalche.me/e/20/f405)
INFO:app.services.upload_service:File saved: app/uploads\F1773661755482_BAL(in).csv
INFO:app.services.upload_service:Upload registered with ID: 34
INFO:app.utils.helpers:Successfully decoded first line with latin1
INFO:app.utils.helpers:Detected delimiter: ';' from: {',': 0, ';': 9, '\t': 0, '|': 0}
INFO:app.utils.helpers:CSV read successfully: 166 rows, 10 columns
INFO:app.services.csv_parsing_service:Raw columns after reading CSV: ['col_0', 'col_1', 'col_2', 'col_3', 'col_4', 'col_5', 'col_6', 'col_7', 'col_8', 'col_9']
INFO:app.services.header_detector:Detected header at row 0: ['Compte', 'Intitulé', 'Solde ant Dbt (réf)', 'Solde ant Cdt (réf)', 'Débit période (réf)', 'Crédit période (réf)', 'Solde pér Dbt (réf)', 'Solde pér Cdt (réf)', 'Solde fin Dbt (réf)', 'Solde fin Cdt (réf)']
INFO:app.services.column_classifier:Mapped 'Compte' \u2192 'account_code' (score: 100)
INFO:app.services.column_classifier:Mapped 'Intitulé' \u2192 'label' (score: 100)
WARNING:app.services.column_classifier:Column 'Solde ant Dbt (réf)' partially matched 'solde_debit' (score: 57, below 80% threshold)
WARNING:app.services.column_classifier:Column 'Solde ant Cdt (réf)' partially matched 'solde_credit' (score: 64, below 80% threshold)
WARNING:app.services.column_classifier:Column 'Débit période (réf)' partially matched 'debit' (score: 42, below 80% threshold)
WARNING:app.services.column_classifier:Column 'Crédit période (réf)' partially matched 'credit' (score: 46, below 80% threshold)
WARNING:app.services.column_classifier:Column 'Solde pér Dbt (réf)' partially matched 'solde_debit' (score: 60, below 80% threshold)
WARNING:app.services.column_classifier:Column 'Solde pér Cdt (réf)' partially matched 'solde_credit' (score: 64, below 80% threshold)
WARNING:app.services.column_classifier:Column 'Solde fin Dbt (réf)' partially matched 'solde_final' (score: 60, below 80% threshold)
WARNING:app.services.column_classifier:Column 'Solde fin Cdt (réf)' partially matched 'solde_credit' (score: 64, below 80% threshold)
INFO:app.services.column_classifier:Final column mapping: {'Compte': 'account_code', 'Intitulé': 'label', 'Solde ant Dbt (réf)': 'unknown', 'Solde ant Cdt (réf)': 'unknown', 'Débit période (réf)': 'unknown', 'Crédit période (réf)': 'unknown', 'Solde pér Dbt (réf)': 'unknown', 'Solde pér Cdt (réf)': 'unknown', 'Solde fin Dbt (réf)': 'unknown', 'Solde fin Cdt (réf)': 'unknown'}
INFO:app.services.data_extractor:Reverse mapping: {'account_code': ['Compte'], 'label': ['Intitulé']}
INFO:app.services.data_extractor:DataFrame columns after renaming: ['account_code', 'label', 'Solde ant Dbt (réf)', 'Solde ant Cdt (réf)', 'Débit période (réf)', 'Crédit période (réf)', 'Solde pér Dbt (réf)', 'Solde pér Cdt (réf)', 'Solde fin Dbt (réf)', 'Solde fin Cdt (réf)']
INFO:app.services.data_extractor:DataFrame shape: (166, 10)
INFO:app.services.data_extractor:DataFrame sample:
  account_code                           label  ...  Solde fin Dbt (réf)  Solde fin Cdt (réf)
0       Compte                        Intitulé  ...  Solde fin Dbt (réf)  Solde fin Cdt (réf)
1     10100000                  CAPITAL SOCIAL  ...                    0             12400000
2     10900000  ACTIONNAIRE CAPITAL NON APPELE  ...                   10                    0
3     16210000                EMPRUNT BANCAIRE  ...                    0             21100000
4     16220000                 EMPRUNT LEASING  ...                    0           1298680,66

[5 rows x 10 columns]
INFO:app.services.data_extractor:Rows before filtering: 166
INFO:app.services.data_extractor:Rows after filtering: 166
INFO:app.services.data_extractor:Sample data:
  account_code                           label  ...  Solde fin Dbt (réf)  Solde fin Cdt (réf)
0       Compte                        Intitulé  ...  Solde fin Dbt (réf)  Solde fin Cdt (réf)
1     10100000                  CAPITAL SOCIAL  ...                    0             12400000
2     10900000  ACTIONNAIRE CAPITAL NON APPELE  ...                   10                    0
3     16210000                EMPRUNT BANCAIRE  ...                    0             21100000
4     16220000                 EMPRUNT LEASING  ...                    0           1298680,66

[5 rows x 10 columns]
INFO:app.services.data_extractor:Successfully extracted 166 records
INFO:root:Upload 34: Encoding=ISO-8859-1, Delimiter=;, Columns={'Compte': 'account_code', 'Intitulé': 'label', 'Solde ant Dbt (réf)': 'unknown', 'Solde ant Cdt (réf)': 'unknown', 'Débit période (réf)': 'unknown', 'Crédit période (réf)': 'unknown', 'Solde pér Dbt (réf)': 'unknown', 'Solde pér Cdt (réf)': 'unknown', 'Solde fin Dbt (réf)': 'unknown', 'Solde fin Cdt (réf)': 'unknown'}
ERROR:app.services.upload_service:Upload failed: (psycopg2.errors.UndefinedColumn) ERREUR:  la colonne « opening_debit » de la relation « accounts » n'existe pas
LINE 1: ..., credit, solde_debit, solde_credit, solde_final, opening_de...
                                                             ^

[SQL: INSERT INTO accounts (upload_id, account_code, label, debit, credit, solde_debit, solde_credit, solde_final, opening_debit, opening_credit) SELECT p0::INTEGER, p1::VARCHAR, p2::VARCHAR, p3::NUMERIC(20, 2), p4::NUMERIC(20, 2), p5::NUMERIC(20, 2), p6:: ... 34402 characters truncated ... , sen_counter) ORDER BY sen_counter RETURNING accounts.id, accounts.created_at, accounts.id AS id__1]
[parameters: {'debit__0': None, 'solde_final__0': None, 'upload_id__0': 34, 'solde_credit__0': None, 'account_code__0': '10100000', 'opening_debit__0': None, 'opening_credit__0': None, 'solde_debit__0': None, 'credit__0': None, 'label__0': 'CAPITAL SOCIAL', 'debit__1': None, 'solde_final__1': None, 'upload_id__1': 34, 'solde_credit__1': None, 'account_code__1': '10900000', 'opening_debit__1': None, 'opening_credit__1': None, 'solde_debit__1': None, 'credit__1': None, 'label__1': 'ACTIONNAIRE CAPITAL NON APPELE', 'debit__2': None, 'solde_final__2': None, 'upload_id__2': 34, 'solde_credit__2': None, 'account_code__2': '16210000', 'opening_debit__2': None, 'opening_credit__2': None, 'solde_debit__2': None, 'credit__2': None, 'label__2': 'EMPRUNT BANCAIRE', 'debit__3': None, 'solde_final__3': None, 'upload_id__3': 34, 'solde_credit__3': None, 'account_code__3': '16220000', 'opening_debit__3': None, 'opening_credit__3': None, 'solde_debit__3': None, 'credit__3': None, 'label__3': 'EMPRUNT LEASING', 'debit__4': None, 'solde_final__4': None, 'upload_id__4': 34, 'solde_credit__4': None, 'account_code__4': '21220000', 'opening_debit__4': None, 'opening_credit__4': None, 'solde_debit__4': None, 'credit__4': None, 'label__4': 'LICENCES' ... 1550 parameters truncated ... 'debit__160': None, 'solde_final__160': None, 'upload_id__160': 34, 'solde_credit__160': None, 'account_code__160': '73000000', 'opening_debit__160': None, 'opening_credit__160': None, 'solde_debit__160': None, 'credit__160': None, 'label__160': 'PRODUITS DIVERS ORDINAIRES', 'debit__161': None, 'solde_final__161': None, 'upload_id__161': 34, 'solde_credit__161': None, 'account_code__161': '75000000', 'opening_debit__161': None, 'opening_credit__161': None, 'solde_debit__161': None, 'credit__161': None, 'label__161': 'PRODUITS FINANCIERS', 'debit__162': None, 'solde_final__162': None, 'upload_id__162': 34, 'solde_credit__162': None, 'account_code__162': '75400000', 'opening_debit__162': None, 'opening_credit__162': None, 'solde_debit__162': None, 'credit__162': None, 'label__162': 'REVENU VALEUR MOBIL PLACEM', 'debit__163': None, 'solde_final__163': None, 'upload_id__163': 34, 'solde_credit__163': None, 'account_code__163': '75410000', 'opening_debit__163': None, 'opening_credit__163': None, 'solde_debit__163': None, 'credit__163': None, 'label__163': 'INTERET CREDITEUR ', 'debit__164': None, 'solde_final__164': None, 'upload_id__164': 34, 'solde_credit__164': None, 'account_code__164': '79000000', 'opening_debit__164': None, 'opening_credit__164': None, 'solde_debit__164': None, 'credit__164': None, 'label__164': 'TRANSFERTS DE CHARGES'}]
(Background on this error at: https://sqlalche.me/e/20/f405)
Traceback (most recent call last):
  File "C:\Users\mayyara.haj-yahia\AppData\Local\Programs\Python\Python312\Lib\site-packages\sqlalchemy\engine\base.py", line 2125, in _exec_insertmany_context
    dialect.do_execute(
  File "C:\Users\mayyara.haj-yahia\AppData\Local\Programs\Python\Python312\Lib\site-packages\sqlalchemy\engine\default.py", line 952, in do_execute
    cursor.execute(statement, parameters)
psycopg2.errors.UndefinedColumn: ERREUR:  la colonne « opening_debit » de la relation « accounts » n'existe pas
LINE 1: ..., credit, solde_debit, solde_credit, solde_final, opening_de...
                                                             ^


The above exception was the direct cause of the following exception:

Traceback (most recent call last):
  File "C:\Users\mayyara.haj-yahia\Travail\Project\financial_engine\backend\app\services\upload_service.py", line 42, in save_file_and_register
    save_accounts(db, validated_data, upload.id)
  File "C:\Users\mayyara.haj-yahia\Travail\Project\financial_engine\backend\app\repositories\account_repository.py", line 22, in save_accounts
    session.commit()
  File "C:\Users\mayyara.haj-yahia\AppData\Local\Programs\Python\Python312\Lib\site-packages\sqlalchemy\orm\session.py", line 2030, in commit
    trans.commit(_to_root=True)
  File "<string>", line 2, in commit
  File "C:\Users\mayyara.haj-yahia\AppData\Local\Programs\Python\Python312\Lib\site-packages\sqlalchemy\orm\state_changes.py", line 137, in _go
    ret_value = fn(self, *arg, **kw)
                ^^^^^^^^^^^^^^^^^^^^
  File "C:\Users\mayyara.haj-yahia\AppData\Local\Programs\Python\Python312\Lib\site-packages\sqlalchemy\orm\session.py", line 1311, in commit
    self._prepare_impl()
  File "<string>", line 2, in _prepare_impl
  File "C:\Users\mayyara.haj-yahia\AppData\Local\Programs\Python\Python312\Lib\site-packages\sqlalchemy\orm\state_changes.py", line 137, in _go
    ret_value = fn(self, *arg, **kw)
                ^^^^^^^^^^^^^^^^^^^^
  File "C:\Users\mayyara.haj-yahia\AppData\Local\Programs\Python\Python312\Lib\site-packages\sqlalchemy\orm\session.py", line 1286, in _prepare_impl
    self.session.flush()
  File "C:\Users\mayyara.haj-yahia\AppData\Local\Programs\Python\Python312\Lib\site-packages\sqlalchemy\orm\session.py", line 4331, in flush
    self._flush(objects)
  File "C:\Users\mayyara.haj-yahia\AppData\Local\Programs\Python\Python312\Lib\site-packages\sqlalchemy\orm\session.py", line 4466, in _flush
    with util.safe_reraise():
  File "C:\Users\mayyara.haj-yahia\AppData\Local\Programs\Python\Python312\Lib\site-packages\sqlalchemy\util\langhelpers.py", line 121, in __exit__
    raise exc_value.with_traceback(exc_tb)
  File "C:\Users\mayyara.haj-yahia\AppData\Local\Programs\Python\Python312\Lib\site-packages\sqlalchemy\orm\session.py", line 4427, in _flush
    flush_context.execute()
  File "C:\Users\mayyara.haj-yahia\AppData\Local\Programs\Python\Python312\Lib\site-packages\sqlalchemy\orm\unitofwork.py", line 466, in execute
    rec.execute(self)
  File "C:\Users\mayyara.haj-yahia\AppData\Local\Programs\Python\Python312\Lib\site-packages\sqlalchemy\orm\unitofwork.py", line 642, in execute
    util.preloaded.orm_persistence.save_obj(
  File "C:\Users\mayyara.haj-yahia\AppData\Local\Programs\Python\Python312\Lib\site-packages\sqlalchemy\orm\persistence.py", line 93, in save_obj
    _emit_insert_statements(
  File "C:\Users\mayyara.haj-yahia\AppData\Local\Programs\Python\Python312\Lib\site-packages\sqlalchemy\orm\persistence.py", line 1143, in _emit_insert_statements
    result = connection.execute(
             ^^^^^^^^^^^^^^^^^^^
  File "C:\Users\mayyara.haj-yahia\AppData\Local\Programs\Python\Python312\Lib\site-packages\sqlalchemy\engine\base.py", line 1419, in execute
    return meth(
           ^^^^^
  File "C:\Users\mayyara.haj-yahia\AppData\Local\Programs\Python\Python312\Lib\site-packages\sqlalchemy\sql\elements.py", line 527, in _execute_on_connection
    return connection._execute_clauseelement(
           ^^^^^^^^^^^^^^^^^^^^^^^^^^^^^^^^^^
  File "C:\Users\mayyara.haj-yahia\AppData\Local\Programs\Python\Python312\Lib\site-packages\sqlalchemy\engine\base.py", line 1641, in _execute_clauseelement
    ret = self._execute_context(
          ^^^^^^^^^^^^^^^^^^^^^^
  File "C:\Users\mayyara.haj-yahia\AppData\Local\Programs\Python\Python312\Lib\site-packages\sqlalchemy\engine\base.py", line 1844, in _execute_context
    return self._exec_insertmany_context(dialect, context)
           ^^^^^^^^^^^^^^^^^^^^^^^^^^^^^^^^^^^^^^^^^^^^^^^
  File "C:\Users\mayyara.haj-yahia\AppData\Local\Programs\Python\Python312\Lib\site-packages\sqlalchemy\engine\base.py", line 2133, in _exec_insertmany_context
    self._handle_dbapi_exception(
  File "C:\Users\mayyara.haj-yahia\AppData\Local\Programs\Python\Python312\Lib\site-packages\sqlalchemy\engine\base.py", line 2363, in _handle_dbapi_exception
    raise sqlalchemy_exception.with_traceback(exc_info[2]) from e
  File "C:\Users\mayyara.haj-yahia\AppData\Local\Programs\Python\Python312\Lib\site-packages\sqlalchemy\engine\base.py", line 2125, in _exec_insertmany_context
    dialect.do_execute(
  File "C:\Users\mayyara.haj-yahia\AppData\Local\Programs\Python\Python312\Lib\site-packages\sqlalchemy\engine\default.py", line 952, in do_execute
    cursor.execute(statement, parameters)
sqlalchemy.exc.ProgrammingError: (psycopg2.errors.UndefinedColumn) ERREUR:  la colonne « opening_debit » de la relation « accounts » n'existe pas
LINE 1: ..., credit, solde_debit, solde_credit, solde_final, opening_de...
                                                             ^

[SQL: INSERT INTO accounts (upload_id, account_code, label, debit, credit, solde_debit, solde_credit, solde_final, opening_debit, opening_credit) SELECT p0::INTEGER, p1::VARCHAR, p2::VARCHAR, p3::NUMERIC(20, 2), p4::NUMERIC(20, 2), p5::NUMERIC(20, 2), p6:: ... 34402 characters truncated ... , sen_counter) ORDER BY sen_counter RETURNING accounts.id, accounts.created_at, accounts.id AS id__1]
[parameters: {'debit__0': None, 'solde_final__0': None, 'upload_id__0': 34, 'solde_credit__0': None, 'account_code__0': '10100000', 'opening_debit__0': None, 'opening_credit__0': None, 'solde_debit__0': None, 'credit__0': None, 'label__0': 'CAPITAL SOCIAL', 'debit__1': None, 'solde_final__1': None, 'upload_id__1': 34, 'solde_credit__1': None, 'account_code__1': '10900000', 'opening_debit__1': None, 'opening_credit__1': None, 'solde_debit__1': None, 'credit__1': None, 'label__1': 'ACTIONNAIRE CAPITAL NON APPELE', 'debit__2': None, 'solde_final__2': None, 'upload_id__2': 34, 'solde_credit__2': None, 'account_code__2': '16210000', 'opening_debit__2': None, 'opening_credit__2': None, 'solde_debit__2': None, 'credit__2': None, 'label__2': 'EMPRUNT BANCAIRE', 'debit__3': None, 'solde_final__3': None, 'upload_id__3': 34, 'solde_credit__3': None, 'account_code__3': '16220000', 'opening_debit__3': None, 'opening_credit__3': None, 'solde_debit__3': None, 'credit__3': None, 'label__3': 'EMPRUNT LEASING', 'debit__4': None, 'solde_final__4': None, 'upload_id__4': 34, 'solde_credit__4': None, 'account_code__4': '21220000', 'opening_debit__4': None, 'opening_credit__4': None, 'solde_debit__4': None, 'credit__4': None, 'label__4': 'LICENCES' ... 1550 parameters truncated ... 'debit__160': None, 'solde_final__160': None, 'upload_id__160': 34, 'solde_credit__160': None, 'account_code__160': '73000000', 'opening_debit__160': None, 'opening_credit__160': None, 'solde_debit__160': None, 'credit__160': None, 'label__160': 'PRODUITS DIVERS ORDINAIRES', 'debit__161': None, 'solde_final__161': None, 'upload_id__161': 34, 'solde_credit__161': None, 'account_code__161': '75000000', 'opening_debit__161': None, 'opening_credit__161': None, 'solde_debit__161': None, 'credit__161': None, 'label__161': 'PRODUITS FINANCIERS', 'debit__162': None, 'solde_final__162': None, 'upload_id__162': 34, 'solde_credit__162': None, 'account_code__162': '75400000', 'opening_debit__162': None, 'opening_credit__162': None, 'solde_debit__162': None, 'credit__162': None, 'label__162': 'REVENU VALEUR MOBIL PLACEM', 'debit__163': None, 'solde_final__163': None, 'upload_id__163': 34, 'solde_credit__163': None, 'account_code__163': '75410000', 'opening_debit__163': None, 'opening_credit__163': None, 'solde_debit__163': None, 'credit__163': None, 'label__163': 'INTERET CREDITEUR ', 'debit__164': None, 'solde_final__164': None, 'upload_id__164': 34, 'solde_credit__164': None, 'account_code__164': '79000000', 'opening_debit__164': None, 'opening_credit__164': None, 'solde_debit__164': None, 'credit__164': None, 'label__164': 'TRANSFERTS DE CHARGES'}]
(Background on this error at: https://sqlalche.me/e/20/f405)
INFO:app.services.upload_service:File saved: app/uploads\balance_2021_utf.csv
INFO:app.services.upload_service:Upload registered with ID: 35
INFO:app.utils.helpers:Successfully decoded first line with utf-8
INFO:app.utils.helpers:Detected delimiter: ';' from: {',': 0, ';': 6, '\t': 0, '|': 0}
INFO:app.utils.helpers:CSV read successfully: 106 rows, 7 columns
INFO:app.services.csv_parsing_service:Raw columns after reading CSV: ['col_0', 'col_1', 'col_2', 'col_3', 'col_4', 'col_5', 'col_6']
INFO:app.services.header_detector:Detected header at row 2: ['N°', 'Libellé écriture', 'Solde Final', '', '', '', '']
INFO:app.services.column_classifier:Mapped 'N°' \u2192 'account_code' (score: 100)
WARNING:app.services.column_classifier:Column 'Libellé écriture' partially matched 'label' (score: 61, below 80% threshold)
INFO:app.services.column_classifier:Mapped 'Solde Final' \u2192 'solde_final' (score: 100)
WARNING:app.services.column_classifier:Unknown column detected: 
WARNING:app.services.column_classifier:Unknown column detected: 
WARNING:app.services.column_classifier:Unknown column detected: 
WARNING:app.services.column_classifier:Unknown column detected: 
INFO:app.services.column_classifier:Final column mapping: {'N°': 'account_code', 'Libellé écriture': 'unknown', 'Solde Final': 'solde_final', '': 'unknown'}
INFO:app.services.data_extractor:Reverse mapping: {'account_code': ['N°'], 'solde_final': ['Solde Final']}
INFO:app.services.data_extractor:DataFrame columns after renaming: ['account_code', 'Libellé écriture', 'solde_final', '', '', '', '']
INFO:app.services.data_extractor:DataFrame shape: (106, 7)
INFO:app.services.data_extractor:DataFrame sample:
   account_code  Libellé écriture  solde_final        
0  BALANCE 2021                                       
1                                                     
2            N°  Libellé écriture  Solde Final        
3      10100000           CAPITAL   -1 000,000        
4      11100000    RESERVE LEGALE                     
INFO:app.services.data_extractor:Converted column 'solde_final' to numeric
INFO:app.services.data_extractor:Rows before filtering: 106
INFO:app.services.data_extractor:Rows after filtering: 100
INFO:app.services.data_extractor:Sample data:
   account_code    Libellé écriture  solde_final        
0  BALANCE 2021                              0.0        
2            N°    Libellé écriture          0.0        
3      10100000             CAPITAL      -1000.0        
4      11100000      RESERVE LEGALE          0.0        
5      12100000  RESULTATS REPORTES    -150000.0        
INFO:app.services.data_extractor:Successfully extracted 100 records
INFO:app.services.data_extractor:Available fields per record: ['account_code', 'Libellé écriture', 'solde_final', '']
INFO:root:Upload 35: Encoding=UTF-8-SIG, Delimiter=;, Columns={'N°': 'account_code', 'Libellé écriture': 'unknown', 'Solde Final': 'solde_final', '': 'unknown'}
ERROR:app.services.upload_service:Upload failed: (psycopg2.errors.UndefinedColumn) ERREUR:  la colonne « opening_debit » de la relation « accounts » n'existe pas
LINE 1: ..., credit, solde_debit, solde_credit, solde_final, opening_de...
                                                             ^

[SQL: INSERT INTO accounts (upload_id, account_code, label, debit, credit, solde_debit, solde_credit, solde_final, opening_debit, opening_credit) SELECT p0::INTEGER, p1::VARCHAR, p2::VARCHAR, p3::NUMERIC(20, 2), p4::NUMERIC(20, 2), p5::NUMERIC(20, 2), p6:: ... 20019 characters truncated ... , sen_counter) ORDER BY sen_counter RETURNING accounts.id, accounts.created_at, accounts.id AS id__1]
[parameters: {'solde_credit__0': None, 'opening_credit__0': None, 'account_code__0': '10100000', 'upload_id__0': 35, 'debit__0': None, 'solde_debit__0': None, 'solde_final__0': -1000.0, 'credit__0': None, 'opening_debit__0': None, 'label__0': None, 'solde_credit__1': None, 'opening_credit__1': None, 'account_code__1': '11100000', 'upload_id__1': 35, 'debit__1': None, 'solde_debit__1': None, 'solde_final__1': None, 'credit__1': None, 'opening_debit__1': None, 'label__1': None, 'solde_credit__2': None, 'opening_credit__2': None, 'account_code__2': '12100000', 'upload_id__2': 35, 'debit__2': None, 'solde_debit__2': None, 'solde_final__2': -150000.0, 'credit__2': None, 'opening_debit__2': None, 'label__2': None, 'solde_credit__3': None, 'opening_credit__3': None, 'account_code__3': '13000000', 'upload_id__3': 35, 'debit__3': None, 'solde_debit__3': None, 'solde_final__3': None, 'credit__3': None, 'opening_debit__3': None, 'label__3': None, 'solde_credit__4': None, 'opening_credit__4': None, 'account_code__4': '13100000', 'upload_id__4': 35, 'debit__4': None, 'solde_debit__4': None, 'solde_final__4': None, 'credit__4': None, 'opening_debit__4': None, 'label__4': None ... 880 parameters truncated ... 'solde_credit__93': None, 'opening_credit__93': None, 'account_code__93': '6900000', 'upload_id__93': 35, 'debit__93': None, 'solde_debit__93': None, 'solde_final__93': None, 'credit__93': None, 'opening_debit__93': None, 'label__93': None, 'solde_credit__94': None, 'opening_credit__94': None, 'account_code__94': '70500100', 'upload_id__94': 35, 'debit__94': None, 'solde_debit__94': None, 'solde_final__94': -5719800.0, 'credit__94': None, 'opening_debit__94': None, 'label__94': None, 'solde_credit__95': None, 'opening_credit__95': None, 'account_code__95': '73600000', 'upload_id__95': 35, 'debit__95': None, 'solde_debit__95': None, 'solde_final__95': None, 'credit__95': None, 'opening_debit__95': None, 'label__95': None, 'solde_credit__96': None, 'opening_credit__96': None, 'account_code__96': '73600001', 'upload_id__96': 35, 'debit__96': None, 'solde_debit__96': None, 'solde_final__96': None, 'credit__96': None, 'opening_debit__96': None, 'label__96': None, 'solde_credit__97': None, 'opening_credit__97': None, 'account_code__97': '78100000', 'upload_id__97': 35, 'debit__97': None, 'solde_debit__97': None, 'solde_final__97': None, 'credit__97': None, 'opening_debit__97': None, 'label__97': None}]
(Background on this error at: https://sqlalche.me/e/20/f405)
Traceback (most recent call last):
  File "C:\Users\mayyara.haj-yahia\AppData\Local\Programs\Python\Python312\Lib\site-packages\sqlalchemy\engine\base.py", line 2125, in _exec_insertmany_context
    dialect.do_execute(
  File "C:\Users\mayyara.haj-yahia\AppData\Local\Programs\Python\Python312\Lib\site-packages\sqlalchemy\engine\default.py", line 952, in do_execute
    cursor.execute(statement, parameters)
psycopg2.errors.UndefinedColumn: ERREUR:  la colonne « opening_debit » de la relation « accounts » n'existe pas
LINE 1: ..., credit, solde_debit, solde_credit, solde_final, opening_de...
                                                             ^


The above exception was the direct cause of the following exception:

Traceback (most recent call last):
  File "C:\Users\mayyara.haj-yahia\Travail\Project\financial_engine\backend\app\services\upload_service.py", line 42, in save_file_and_register
    save_accounts(db, validated_data, upload.id)
  File "C:\Users\mayyara.haj-yahia\Travail\Project\financial_engine\backend\app\repositories\account_repository.py", line 54, in save_accounts
    session.commit()
  File "C:\Users\mayyara.haj-yahia\AppData\Local\Programs\Python\Python312\Lib\site-packages\sqlalchemy\orm\session.py", line 2030, in commit
    trans.commit(_to_root=True)
  File "<string>", line 2, in commit
  File "C:\Users\mayyara.haj-yahia\AppData\Local\Programs\Python\Python312\Lib\site-packages\sqlalchemy\orm\state_changes.py", line 137, in _go
    ret_value = fn(self, *arg, **kw)
                ^^^^^^^^^^^^^^^^^^^^
  File "C:\Users\mayyara.haj-yahia\AppData\Local\Programs\Python\Python312\Lib\site-packages\sqlalchemy\orm\session.py", line 1311, in commit
    self._prepare_impl()
  File "<string>", line 2, in _prepare_impl
  File "C:\Users\mayyara.haj-yahia\AppData\Local\Programs\Python\Python312\Lib\site-packages\sqlalchemy\orm\state_changes.py", line 137, in _go
    ret_value = fn(self, *arg, **kw)
                ^^^^^^^^^^^^^^^^^^^^
  File "C:\Users\mayyara.haj-yahia\AppData\Local\Programs\Python\Python312\Lib\site-packages\sqlalchemy\orm\session.py", line 1286, in _prepare_impl
    self.session.flush()
  File "C:\Users\mayyara.haj-yahia\AppData\Local\Programs\Python\Python312\Lib\site-packages\sqlalchemy\orm\session.py", line 4331, in flush
    self._flush(objects)
  File "C:\Users\mayyara.haj-yahia\AppData\Local\Programs\Python\Python312\Lib\site-packages\sqlalchemy\orm\session.py", line 4466, in _flush
    with util.safe_reraise():
  File "C:\Users\mayyara.haj-yahia\AppData\Local\Programs\Python\Python312\Lib\site-packages\sqlalchemy\util\langhelpers.py", line 121, in __exit__
    raise exc_value.with_traceback(exc_tb)
  File "C:\Users\mayyara.haj-yahia\AppData\Local\Programs\Python\Python312\Lib\site-packages\sqlalchemy\orm\session.py", line 4427, in _flush
    flush_context.execute()
  File "C:\Users\mayyara.haj-yahia\AppData\Local\Programs\Python\Python312\Lib\site-packages\sqlalchemy\orm\unitofwork.py", line 466, in execute
    rec.execute(self)
  File "C:\Users\mayyara.haj-yahia\AppData\Local\Programs\Python\Python312\Lib\site-packages\sqlalchemy\orm\unitofwork.py", line 642, in execute
    util.preloaded.orm_persistence.save_obj(
  File "C:\Users\mayyara.haj-yahia\AppData\Local\Programs\Python\Python312\Lib\site-packages\sqlalchemy\orm\persistence.py", line 93, in save_obj
    _emit_insert_statements(
  File "C:\Users\mayyara.haj-yahia\AppData\Local\Programs\Python\Python312\Lib\site-packages\sqlalchemy\orm\persistence.py", line 1143, in _emit_insert_statements
    result = connection.execute(
             ^^^^^^^^^^^^^^^^^^^
  File "C:\Users\mayyara.haj-yahia\AppData\Local\Programs\Python\Python312\Lib\site-packages\sqlalchemy\engine\base.py", line 1419, in execute
    return meth(
           ^^^^^
  File "C:\Users\mayyara.haj-yahia\AppData\Local\Programs\Python\Python312\Lib\site-packages\sqlalchemy\sql\elements.py", line 527, in _execute_on_connection
    return connection._execute_clauseelement(
           ^^^^^^^^^^^^^^^^^^^^^^^^^^^^^^^^^^
  File "C:\Users\mayyara.haj-yahia\AppData\Local\Programs\Python\Python312\Lib\site-packages\sqlalchemy\engine\base.py", line 1641, in _execute_clauseelement
    ret = self._execute_context(
          ^^^^^^^^^^^^^^^^^^^^^^
  File "C:\Users\mayyara.haj-yahia\AppData\Local\Programs\Python\Python312\Lib\site-packages\sqlalchemy\engine\base.py", line 1844, in _execute_context
    return self._exec_insertmany_context(dialect, context)
           ^^^^^^^^^^^^^^^^^^^^^^^^^^^^^^^^^^^^^^^^^^^^^^^
  File "C:\Users\mayyara.haj-yahia\AppData\Local\Programs\Python\Python312\Lib\site-packages\sqlalchemy\engine\base.py", line 2133, in _exec_insertmany_context
    self._handle_dbapi_exception(
  File "C:\Users\mayyara.haj-yahia\AppData\Local\Programs\Python\Python312\Lib\site-packages\sqlalchemy\engine\base.py", line 2363, in _handle_dbapi_exception
    raise sqlalchemy_exception.with_traceback(exc_info[2]) from e
  File "C:\Users\mayyara.haj-yahia\AppData\Local\Programs\Python\Python312\Lib\site-packages\sqlalchemy\engine\base.py", line 2125, in _exec_insertmany_context
    dialect.do_execute(
  File "C:\Users\mayyara.haj-yahia\AppData\Local\Programs\Python\Python312\Lib\site-packages\sqlalchemy\engine\default.py", line 952, in do_execute
    cursor.execute(statement, parameters)
sqlalchemy.exc.ProgrammingError: (psycopg2.errors.UndefinedColumn) ERREUR:  la colonne « opening_debit » de la relation « accounts » n'existe pas
LINE 1: ..., credit, solde_debit, solde_credit, solde_final, opening_de...
                                                             ^

[SQL: INSERT INTO accounts (upload_id, account_code, label, debit, credit, solde_debit, solde_credit, solde_final, opening_debit, opening_credit) SELECT p0::INTEGER, p1::VARCHAR, p2::VARCHAR, p3::NUMERIC(20, 2), p4::NUMERIC(20, 2), p5::NUMERIC(20, 2), p6:: ... 20019 characters truncated ... , sen_counter) ORDER BY sen_counter RETURNING accounts.id, accounts.created_at, accounts.id AS id__1]
[parameters: {'solde_credit__0': None, 'opening_credit__0': None, 'account_code__0': '10100000', 'upload_id__0': 35, 'debit__0': None, 'solde_debit__0': None, 'solde_final__0': -1000.0, 'credit__0': None, 'opening_debit__0': None, 'label__0': None, 'solde_credit__1': None, 'opening_credit__1': None, 'account_code__1': '11100000', 'upload_id__1': 35, 'debit__1': None, 'solde_debit__1': None, 'solde_final__1': None, 'credit__1': None, 'opening_debit__1': None, 'label__1': None, 'solde_credit__2': None, 'opening_credit__2': None, 'account_code__2': '12100000', 'upload_id__2': 35, 'debit__2': None, 'solde_debit__2': None, 'solde_final__2': -150000.0, 'credit__2': None, 'opening_debit__2': None, 'label__2': None, 'solde_credit__3': None, 'opening_credit__3': None, 'account_code__3': '13000000', 'upload_id__3': 35, 'debit__3': None, 'solde_debit__3': None, 'solde_final__3': None, 'credit__3': None, 'opening_debit__3': None, 'label__3': None, 'solde_credit__4': None, 'opening_credit__4': None, 'account_code__4': '13100000', 'upload_id__4': 35, 'debit__4': None, 'solde_debit__4': None, 'solde_final__4': None, 'credit__4': None, 'opening_debit__4': None, 'label__4': None ... 880 parameters truncated ... 'solde_credit__93': None, 'opening_credit__93': None, 'account_code__93': '6900000', 'upload_id__93': 35, 'debit__93': None, 'solde_debit__93': None, 'solde_final__93': None, 'credit__93': None, 'opening_debit__93': None, 'label__93': None, 'solde_credit__94': None, 'opening_credit__94': None, 'account_code__94': '70500100', 'upload_id__94': 35, 'debit__94': None, 'solde_debit__94': None, 'solde_final__94': -5719800.0, 'credit__94': None, 'opening_debit__94': None, 'label__94': None, 'solde_credit__95': None, 'opening_credit__95': None, 'account_code__95': '73600000', 'upload_id__95': 35, 'debit__95': None, 'solde_debit__95': None, 'solde_final__95': None, 'credit__95': None, 'opening_debit__95': None, 'label__95': None, 'solde_credit__96': None, 'opening_credit__96': None, 'account_code__96': '73600001', 'upload_id__96': 35, 'debit__96': None, 'solde_debit__96': None, 'solde_final__96': None, 'credit__96': None, 'opening_debit__96': None, 'label__96': None, 'solde_credit__97': None, 'opening_credit__97': None, 'account_code__97': '78100000', 'upload_id__97': 35, 'debit__97': None, 'solde_debit__97': None, 'solde_final__97': None, 'credit__97': None, 'opening_debit__97': None, 'label__97': None}]
(Background on this error at: https://sqlalche.me/e/20/f405)
INFO:app.services.upload_service:File saved: app/uploads\balance_2021.csv
INFO:app.services.upload_service:Upload registered with ID: 36
INFO:app.utils.helpers:Successfully decoded first line with utf-8
INFO:app.utils.helpers:Detected delimiter: ';' from: {',': 0, ';': 6, '\t': 0, '|': 0}
INFO:app.utils.helpers:CSV read successfully: 106 rows, 7 columns
INFO:app.services.csv_parsing_service:Raw columns after reading CSV: ['col_0', 'col_1', 'col_2', 'col_3', 'col_4', 'col_5', 'col_6']
INFO:app.services.header_detector:Detected header at row 2: ['N\u221e', 'LibellÈ Ècriture', 'Solde Final', '', '', '', '']
WARNING:app.services.column_classifier:Column 'N\u221e' partially matched 'account_code' (score: 67, below 80% threshold)
WARNING:app.services.column_classifier:Column 'LibellÈ Ècriture' partially matched 'solde_credit' (score: 58, below 80% threshold)
INFO:app.services.column_classifier:Mapped 'Solde Final' \u2192 'solde_final' (score: 100)
WARNING:app.services.column_classifier:Unknown column detected: 
WARNING:app.services.column_classifier:Unknown column detected: 
WARNING:app.services.column_classifier:Unknown column detected: 
WARNING:app.services.column_classifier:Unknown column detected: 
INFO:app.services.column_classifier:Final column mapping: {'N\u221e': 'unknown', 'LibellÈ Ècriture': 'unknown', 'Solde Final': 'solde_final', '': 'unknown'}
INFO:app.services.data_extractor:Reverse mapping: {'solde_final': ['Solde Final']}
INFO:app.services.data_extractor:DataFrame columns after renaming: ['N\u221e', 'LibellÈ Ècriture', 'solde_final', '', '', '', '']
INFO:app.services.data_extractor:DataFrame shape: (106, 7)
INFO:app.services.data_extractor:DataFrame sample:
             N\u221e  LibellÈ Ècriture  solde_final        
0  BALANCE 2021                                       
1                                                     
2            N\u221e  LibellÈ Ècriture  Solde Final        
3      10100000           CAPITAL   -1 000,000        
4      11100000    RESERVE LEGALE                     
ERROR:app.services.upload_service:Upload failed: Critical column 'account_code' not found. Available columns: ['N\u221e', 'LibellÈ Ècriture', 'solde_final', '', '', '', '']
Traceback (most recent call last):
  File "C:\Users\mayyara.haj-yahia\Travail\Project\financial_engine\backend\app\services\upload_service.py", line 39, in save_file_and_register
    validated_data = parse_csv(file.file, upload.id)
                     ^^^^^^^^^^^^^^^^^^^^^^^^^^^^^^^
  File "C:\Users\mayyara.haj-yahia\Travail\Project\financial_engine\backend\app\services\csv_parsing_service.py", line 27, in parse_csv
    extracted_data = extract_data(df, column_mapping)
                     ^^^^^^^^^^^^^^^^^^^^^^^^^^^^^^^^
  File "C:\Users\mayyara.haj-yahia\Travail\Project\financial_engine\backend\app\services\data_extractor.py", line 37, in extract_data
    raise ValueError(
ValueError: Critical column 'account_code' not found. Available columns: ['N\u221e', 'LibellÈ Ècriture', 'solde_final', '', '', '', '']
INFO:app.services.upload_service:File saved: app/uploads\F1773661755482_BAL(in).csv
INFO:app.services.upload_service:Upload registered with ID: 37
INFO:app.utils.helpers:Successfully decoded first line with latin1
INFO:app.utils.helpers:Detected delimiter: ';' from: {',': 0, ';': 9, '\t': 0, '|': 0}
INFO:app.utils.helpers:CSV read successfully: 166 rows, 10 columns
INFO:app.services.csv_parsing_service:Raw columns after reading CSV: ['col_0', 'col_1', 'col_2', 'col_3', 'col_4', 'col_5', 'col_6', 'col_7', 'col_8', 'col_9']
INFO:app.services.header_detector:Detected header at row 0: ['Compte', 'Intitulé', 'Solde ant Dbt (réf)', 'Solde ant Cdt (réf)', 'Débit période (réf)', 'Crédit période (réf)', 'Solde pér Dbt (réf)', 'Solde pér Cdt (réf)', 'Solde fin Dbt (réf)', 'Solde fin Cdt (réf)']
INFO:app.services.column_classifier:Processing column: 'Compte' \u2192 normalized: 'compte'
INFO:app.services.column_classifier:\u2713 Mapped 'Compte' \u2192 'account_code' (normalized score: 100)
INFO:app.services.column_classifier:Processing column: 'Intitulé' \u2192 normalized: 'intitule'
INFO:app.services.column_classifier:\u2713 Mapped 'Intitulé' \u2192 'label' (normalized score: 100)
INFO:app.services.column_classifier:Processing column: 'Solde ant Dbt (réf)' \u2192 normalized: 'solde ant dbt ref'
WARNING:app.services.column_classifier:\u2717 Column 'Solde ant Dbt (réf)' partially matched 'solde_debit' (score: 62, below threshold)
INFO:app.services.column_classifier:Processing column: 'Solde ant Cdt (réf)' \u2192 normalized: 'solde ant cdt ref'
WARNING:app.services.column_classifier:\u2717 Column 'Solde ant Cdt (réf)' partially matched 'solde_credit' (score: 69, below threshold)
INFO:app.services.column_classifier:Processing column: 'Débit période (réf)' \u2192 normalized: 'debit periode ref'
WARNING:app.services.column_classifier:\u2717 Column 'Débit période (réf)' partially matched 'debit' (score: 45, below threshold)
INFO:app.services.column_classifier:Processing column: 'Crédit période (réf)' \u2192 normalized: 'credit periode ref'
WARNING:app.services.column_classifier:\u2717 Column 'Crédit période (réf)' partially matched 'credit' (score: 50, below threshold)
INFO:app.services.column_classifier:Processing column: 'Solde pér Dbt (réf)' \u2192 normalized: 'solde per dbt ref'
WARNING:app.services.column_classifier:\u2717 Column 'Solde pér Dbt (réf)' partially matched 'solde_debit' (score: 64, below threshold)
INFO:app.services.column_classifier:Processing column: 'Solde pér Cdt (réf)' \u2192 normalized: 'solde per cdt ref'
WARNING:app.services.column_classifier:\u2717 Column 'Solde pér Cdt (réf)' partially matched 'solde_credit' (score: 69, below threshold)
INFO:app.services.column_classifier:Processing column: 'Solde fin Dbt (réf)' \u2192 normalized: 'solde fin dbt ref'
WARNING:app.services.column_classifier:\u2717 Column 'Solde fin Dbt (réf)' partially matched 'solde_final' (score: 64, below threshold)
INFO:app.services.column_classifier:Processing column: 'Solde fin Cdt (réf)' \u2192 normalized: 'solde fin cdt ref'
WARNING:app.services.column_classifier:\u2717 Column 'Solde fin Cdt (réf)' partially matched 'solde_credit' (score: 69, below threshold)
INFO:app.services.column_classifier:Final column mapping: {'Compte': 'account_code', 'Intitulé': 'label', 'Solde ant Dbt (réf)': 'unknown', 'Solde ant Cdt (réf)': 'unknown', 'Débit période (réf)': 'unknown', 'Crédit période (réf)': 'unknown', 'Solde pér Dbt (réf)': 'unknown', 'Solde pér Cdt (réf)': 'unknown', 'Solde fin Dbt (réf)': 'unknown', 'Solde fin Cdt (réf)': 'unknown'}
INFO:app.services.data_extractor:Reverse mapping: {'account_code': ['Compte'], 'label': ['Intitulé']}
INFO:app.services.data_extractor:DataFrame columns after renaming: ['account_code', 'label', 'Solde ant Dbt (réf)', 'Solde ant Cdt (réf)', 'Débit période (réf)', 'Crédit période (réf)', 'Solde pér Dbt (réf)', 'Solde pér Cdt (réf)', 'Solde fin Dbt (réf)', 'Solde fin Cdt (réf)']
INFO:app.services.data_extractor:DataFrame shape: (166, 10)
INFO:app.services.data_extractor:DataFrame sample:
  account_code                           label  ...  Solde fin Dbt (réf)  Solde fin Cdt (réf)
0       Compte                        Intitulé  ...  Solde fin Dbt (réf)  Solde fin Cdt (réf)
1     10100000                  CAPITAL SOCIAL  ...                    0             12400000
2     10900000  ACTIONNAIRE CAPITAL NON APPELE  ...                   10                    0
3     16210000                EMPRUNT BANCAIRE  ...                    0             21100000
4     16220000                 EMPRUNT LEASING  ...                    0           1298680,66

[5 rows x 10 columns]
INFO:app.services.data_extractor:Rows before filtering: 166
INFO:app.services.data_extractor:Rows after filtering: 166
INFO:app.services.data_extractor:Sample data:
  account_code                           label  ...  Solde fin Dbt (réf)  Solde fin Cdt (réf)
0       Compte                        Intitulé  ...  Solde fin Dbt (réf)  Solde fin Cdt (réf)
1     10100000                  CAPITAL SOCIAL  ...                    0             12400000
2     10900000  ACTIONNAIRE CAPITAL NON APPELE  ...                   10                    0
3     16210000                EMPRUNT BANCAIRE  ...                    0             21100000
4     16220000                 EMPRUNT LEASING  ...                    0           1298680,66

[5 rows x 10 columns]
INFO:app.services.data_extractor:Successfully extracted 166 records
INFO:root:Upload 37: Encoding=ISO-8859-1, Delimiter=;, Columns={'Compte': 'account_code', 'Intitulé': 'label', 'Solde ant Dbt (réf)': 'unknown', 'Solde ant Cdt (réf)': 'unknown', 'Débit période (réf)': 'unknown', 'Crédit période (réf)': 'unknown', 'Solde pér Dbt (réf)': 'unknown', 'Solde pér Cdt (réf)': 'unknown', 'Solde fin Dbt (réf)': 'unknown', 'Solde fin Cdt (réf)': 'unknown'}
ERROR:app.services.upload_service:Upload failed: (psycopg2.errors.UndefinedColumn) ERREUR:  la colonne « opening_debit » de la relation « accounts » n'existe pas
LINE 1: ..., credit, solde_debit, solde_credit, solde_final, opening_de...
                                                             ^

[SQL: INSERT INTO accounts (upload_id, account_code, label, debit, credit, solde_debit, solde_credit, solde_final, opening_debit, opening_credit) SELECT p0::INTEGER, p1::VARCHAR, p2::VARCHAR, p3::NUMERIC(20, 2), p4::NUMERIC(20, 2), p5::NUMERIC(20, 2), p6:: ... 34402 characters truncated ... , sen_counter) ORDER BY sen_counter RETURNING accounts.id, accounts.created_at, accounts.id AS id__1]
[parameters: {'credit__0': None, 'solde_debit__0': None, 'label__0': 'CAPITAL SOCIAL', 'debit__0': None, 'solde_final__0': None, 'account_code__0': '10100000', 'opening_debit__0': None, 'upload_id__0': 37, 'solde_credit__0': None, 'opening_credit__0': None, 'credit__1': None, 'solde_debit__1': None, 'label__1': 'ACTIONNAIRE CAPITAL NON APPELE', 'debit__1': None, 'solde_final__1': None, 'account_code__1': '10900000', 'opening_debit__1': None, 'upload_id__1': 37, 'solde_credit__1': None, 'opening_credit__1': None, 'credit__2': None, 'solde_debit__2': None, 'label__2': 'EMPRUNT BANCAIRE', 'debit__2': None, 'solde_final__2': None, 'account_code__2': '16210000', 'opening_debit__2': None, 'upload_id__2': 37, 'solde_credit__2': None, 'opening_credit__2': None, 'credit__3': None, 'solde_debit__3': None, 'label__3': 'EMPRUNT LEASING', 'debit__3': None, 'solde_final__3': None, 'account_code__3': '16220000', 'opening_debit__3': None, 'upload_id__3': 37, 'solde_credit__3': None, 'opening_credit__3': None, 'credit__4': None, 'solde_debit__4': None, 'label__4': 'LICENCES', 'debit__4': None, 'solde_final__4': None, 'account_code__4': '21220000', 'opening_debit__4': None, 'upload_id__4': 37, 'solde_credit__4': None, 'opening_credit__4': None ... 1550 parameters truncated ... 'credit__160': None, 'solde_debit__160': None, 'label__160': 'PRODUITS DIVERS ORDINAIRES', 'debit__160': None, 'solde_final__160': None, 'account_code__160': '73000000', 'opening_debit__160': None, 'upload_id__160': 37, 'solde_credit__160': None, 'opening_credit__160': None, 'credit__161': None, 'solde_debit__161': None, 'label__161': 'PRODUITS FINANCIERS', 'debit__161': None, 'solde_final__161': None, 'account_code__161': '75000000', 'opening_debit__161': None, 'upload_id__161': 37, 'solde_credit__161': None, 'opening_credit__161': None, 'credit__162': None, 'solde_debit__162': None, 'label__162': 'REVENU VALEUR MOBIL PLACEM', 'debit__162': None, 'solde_final__162': None, 'account_code__162': '75400000', 'opening_debit__162': None, 'upload_id__162': 37, 'solde_credit__162': None, 'opening_credit__162': None, 'credit__163': None, 'solde_debit__163': None, 'label__163': 'INTERET CREDITEUR ', 'debit__163': None, 'solde_final__163': None, 'account_code__163': '75410000', 'opening_debit__163': None, 'upload_id__163': 37, 'solde_credit__163': None, 'opening_credit__163': None, 'credit__164': None, 'solde_debit__164': None, 'label__164': 'TRANSFERTS DE CHARGES', 'debit__164': None, 'solde_final__164': None, 'account_code__164': '79000000', 'opening_debit__164': None, 'upload_id__164': 37, 'solde_credit__164': None, 'opening_credit__164': None}]
(Background on this error at: https://sqlalche.me/e/20/f405)
Traceback (most recent call last):
  File "C:\Users\mayyara.haj-yahia\AppData\Local\Programs\Python\Python312\Lib\site-packages\sqlalchemy\engine\base.py", line 2125, in _exec_insertmany_context
    dialect.do_execute(
  File "C:\Users\mayyara.haj-yahia\AppData\Local\Programs\Python\Python312\Lib\site-packages\sqlalchemy\engine\default.py", line 952, in do_execute
    cursor.execute(statement, parameters)
psycopg2.errors.UndefinedColumn: ERREUR:  la colonne « opening_debit » de la relation « accounts » n'existe pas
LINE 1: ..., credit, solde_debit, solde_credit, solde_final, opening_de...
                                                             ^


The above exception was the direct cause of the following exception:

Traceback (most recent call last):
  File "C:\Users\mayyara.haj-yahia\Travail\Project\financial_engine\backend\app\services\upload_service.py", line 42, in save_file_and_register
    save_accounts(db, validated_data, upload.id)
  File "C:\Users\mayyara.haj-yahia\Travail\Project\financial_engine\backend\app\repositories\account_repository.py", line 22, in save_accounts
    session.commit()
  File "C:\Users\mayyara.haj-yahia\AppData\Local\Programs\Python\Python312\Lib\site-packages\sqlalchemy\orm\session.py", line 2030, in commit
    trans.commit(_to_root=True)
  File "<string>", line 2, in commit
  File "C:\Users\mayyara.haj-yahia\AppData\Local\Programs\Python\Python312\Lib\site-packages\sqlalchemy\orm\state_changes.py", line 137, in _go
    ret_value = fn(self, *arg, **kw)
                ^^^^^^^^^^^^^^^^^^^^
  File "C:\Users\mayyara.haj-yahia\AppData\Local\Programs\Python\Python312\Lib\site-packages\sqlalchemy\orm\session.py", line 1311, in commit
    self._prepare_impl()
  File "<string>", line 2, in _prepare_impl
  File "C:\Users\mayyara.haj-yahia\AppData\Local\Programs\Python\Python312\Lib\site-packages\sqlalchemy\orm\state_changes.py", line 137, in _go
    ret_value = fn(self, *arg, **kw)
                ^^^^^^^^^^^^^^^^^^^^
  File "C:\Users\mayyara.haj-yahia\AppData\Local\Programs\Python\Python312\Lib\site-packages\sqlalchemy\orm\session.py", line 1286, in _prepare_impl
    self.session.flush()
  File "C:\Users\mayyara.haj-yahia\AppData\Local\Programs\Python\Python312\Lib\site-packages\sqlalchemy\orm\session.py", line 4331, in flush
    self._flush(objects)
  File "C:\Users\mayyara.haj-yahia\AppData\Local\Programs\Python\Python312\Lib\site-packages\sqlalchemy\orm\session.py", line 4466, in _flush
    with util.safe_reraise():
  File "C:\Users\mayyara.haj-yahia\AppData\Local\Programs\Python\Python312\Lib\site-packages\sqlalchemy\util\langhelpers.py", line 121, in __exit__
    raise exc_value.with_traceback(exc_tb)
  File "C:\Users\mayyara.haj-yahia\AppData\Local\Programs\Python\Python312\Lib\site-packages\sqlalchemy\orm\session.py", line 4427, in _flush
    flush_context.execute()
  File "C:\Users\mayyara.haj-yahia\AppData\Local\Programs\Python\Python312\Lib\site-packages\sqlalchemy\orm\unitofwork.py", line 466, in execute
    rec.execute(self)
  File "C:\Users\mayyara.haj-yahia\AppData\Local\Programs\Python\Python312\Lib\site-packages\sqlalchemy\orm\unitofwork.py", line 642, in execute
    util.preloaded.orm_persistence.save_obj(
  File "C:\Users\mayyara.haj-yahia\AppData\Local\Programs\Python\Python312\Lib\site-packages\sqlalchemy\orm\persistence.py", line 93, in save_obj
    _emit_insert_statements(
  File "C:\Users\mayyara.haj-yahia\AppData\Local\Programs\Python\Python312\Lib\site-packages\sqlalchemy\orm\persistence.py", line 1143, in _emit_insert_statements
    result = connection.execute(
             ^^^^^^^^^^^^^^^^^^^
  File "C:\Users\mayyara.haj-yahia\AppData\Local\Programs\Python\Python312\Lib\site-packages\sqlalchemy\engine\base.py", line 1419, in execute
    return meth(
           ^^^^^
  File "C:\Users\mayyara.haj-yahia\AppData\Local\Programs\Python\Python312\Lib\site-packages\sqlalchemy\sql\elements.py", line 527, in _execute_on_connection
    return connection._execute_clauseelement(
           ^^^^^^^^^^^^^^^^^^^^^^^^^^^^^^^^^^
  File "C:\Users\mayyara.haj-yahia\AppData\Local\Programs\Python\Python312\Lib\site-packages\sqlalchemy\engine\base.py", line 1641, in _execute_clauseelement
    ret = self._execute_context(
          ^^^^^^^^^^^^^^^^^^^^^^
  File "C:\Users\mayyara.haj-yahia\AppData\Local\Programs\Python\Python312\Lib\site-packages\sqlalchemy\engine\base.py", line 1844, in _execute_context
    return self._exec_insertmany_context(dialect, context)
           ^^^^^^^^^^^^^^^^^^^^^^^^^^^^^^^^^^^^^^^^^^^^^^^
  File "C:\Users\mayyara.haj-yahia\AppData\Local\Programs\Python\Python312\Lib\site-packages\sqlalchemy\engine\base.py", line 2133, in _exec_insertmany_context
    self._handle_dbapi_exception(
  File "C:\Users\mayyara.haj-yahia\AppData\Local\Programs\Python\Python312\Lib\site-packages\sqlalchemy\engine\base.py", line 2363, in _handle_dbapi_exception
    raise sqlalchemy_exception.with_traceback(exc_info[2]) from e
  File "C:\Users\mayyara.haj-yahia\AppData\Local\Programs\Python\Python312\Lib\site-packages\sqlalchemy\engine\base.py", line 2125, in _exec_insertmany_context
    dialect.do_execute(
  File "C:\Users\mayyara.haj-yahia\AppData\Local\Programs\Python\Python312\Lib\site-packages\sqlalchemy\engine\default.py", line 952, in do_execute
    cursor.execute(statement, parameters)
sqlalchemy.exc.ProgrammingError: (psycopg2.errors.UndefinedColumn) ERREUR:  la colonne « opening_debit » de la relation « accounts » n'existe pas
LINE 1: ..., credit, solde_debit, solde_credit, solde_final, opening_de...
                                                             ^

[SQL: INSERT INTO accounts (upload_id, account_code, label, debit, credit, solde_debit, solde_credit, solde_final, opening_debit, opening_credit) SELECT p0::INTEGER, p1::VARCHAR, p2::VARCHAR, p3::NUMERIC(20, 2), p4::NUMERIC(20, 2), p5::NUMERIC(20, 2), p6:: ... 34402 characters truncated ... , sen_counter) ORDER BY sen_counter RETURNING accounts.id, accounts.created_at, accounts.id AS id__1]
[parameters: {'credit__0': None, 'solde_debit__0': None, 'label__0': 'CAPITAL SOCIAL', 'debit__0': None, 'solde_final__0': None, 'account_code__0': '10100000', 'opening_debit__0': None, 'upload_id__0': 37, 'solde_credit__0': None, 'opening_credit__0': None, 'credit__1': None, 'solde_debit__1': None, 'label__1': 'ACTIONNAIRE CAPITAL NON APPELE', 'debit__1': None, 'solde_final__1': None, 'account_code__1': '10900000', 'opening_debit__1': None, 'upload_id__1': 37, 'solde_credit__1': None, 'opening_credit__1': None, 'credit__2': None, 'solde_debit__2': None, 'label__2': 'EMPRUNT BANCAIRE', 'debit__2': None, 'solde_final__2': None, 'account_code__2': '16210000', 'opening_debit__2': None, 'upload_id__2': 37, 'solde_credit__2': None, 'opening_credit__2': None, 'credit__3': None, 'solde_debit__3': None, 'label__3': 'EMPRUNT LEASING', 'debit__3': None, 'solde_final__3': None, 'account_code__3': '16220000', 'opening_debit__3': None, 'upload_id__3': 37, 'solde_credit__3': None, 'opening_credit__3': None, 'credit__4': None, 'solde_debit__4': None, 'label__4': 'LICENCES', 'debit__4': None, 'solde_final__4': None, 'account_code__4': '21220000', 'opening_debit__4': None, 'upload_id__4': 37, 'solde_credit__4': None, 'opening_credit__4': None ... 1550 parameters truncated ... 'credit__160': None, 'solde_debit__160': None, 'label__160': 'PRODUITS DIVERS ORDINAIRES', 'debit__160': None, 'solde_final__160': None, 'account_code__160': '73000000', 'opening_debit__160': None, 'upload_id__160': 37, 'solde_credit__160': None, 'opening_credit__160': None, 'credit__161': None, 'solde_debit__161': None, 'label__161': 'PRODUITS FINANCIERS', 'debit__161': None, 'solde_final__161': None, 'account_code__161': '75000000', 'opening_debit__161': None, 'upload_id__161': 37, 'solde_credit__161': None, 'opening_credit__161': None, 'credit__162': None, 'solde_debit__162': None, 'label__162': 'REVENU VALEUR MOBIL PLACEM', 'debit__162': None, 'solde_final__162': None, 'account_code__162': '75400000', 'opening_debit__162': None, 'upload_id__162': 37, 'solde_credit__162': None, 'opening_credit__162': None, 'credit__163': None, 'solde_debit__163': None, 'label__163': 'INTERET CREDITEUR ', 'debit__163': None, 'solde_final__163': None, 'account_code__163': '75410000', 'opening_debit__163': None, 'upload_id__163': 37, 'solde_credit__163': None, 'opening_credit__163': None, 'credit__164': None, 'solde_debit__164': None, 'label__164': 'TRANSFERTS DE CHARGES', 'debit__164': None, 'solde_final__164': None, 'account_code__164': '79000000', 'opening_debit__164': None, 'upload_id__164': 37, 'solde_credit__164': None, 'opening_credit__164': None}]
(Background on this error at: https://sqlalche.me/e/20/f405)
INFO:app.services.upload_service:File saved: app/uploads\balance_2021.csv
INFO:app.services.upload_service:Upload registered with ID: 38
INFO:app.utils.helpers:Successfully decoded first line with utf-8
INFO:app.utils.helpers:Detected delimiter: ';' from: {',': 0, ';': 6, '\t': 0, '|': 0}
INFO:app.utils.helpers:CSV read successfully: 106 rows, 7 columns
INFO:app.services.csv_parsing_service:Raw columns after reading CSV: ['col_0', 'col_1', 'col_2', 'col_3', 'col_4', 'col_5', 'col_6']
INFO:app.services.header_detector:Detected header at row 2: ['N\u221e', 'LibellÈ Ècriture', 'Solde Final', '', '', '', '']
INFO:app.services.column_classifier:Processing column: 'N\u221e' \u2192 normalized: 'n'
INFO:app.services.column_classifier:\u2713 Mapped 'N\u221e' \u2192 'account_code' (normalized score: 100)
INFO:app.services.column_classifier:Processing column: 'LibellÈ Ècriture' \u2192 normalized: 'libelle ecriture'
WARNING:app.services.column_classifier:\u2717 Column 'LibellÈ Ècriture' partially matched 'label' (score: 61, below threshold)
INFO:app.services.column_classifier:Processing column: 'Solde Final' \u2192 normalized: 'solde final'
INFO:app.services.column_classifier:\u2713 Mapped 'Solde Final' \u2192 'solde_final' (normalized score: 100)
INFO:app.services.column_classifier:Processing column: '' \u2192 normalized: ''
WARNING:app.services.column_classifier:\u2717 Unknown column detected: ''
INFO:app.services.column_classifier:Processing column: '' \u2192 normalized: ''
WARNING:app.services.column_classifier:\u2717 Unknown column detected: ''
INFO:app.services.column_classifier:Processing column: '' \u2192 normalized: ''
WARNING:app.services.column_classifier:\u2717 Unknown column detected: ''
INFO:app.services.column_classifier:Processing column: '' \u2192 normalized: ''
WARNING:app.services.column_classifier:\u2717 Unknown column detected: ''
INFO:app.services.column_classifier:Final column mapping: {'N\u221e': 'account_code', 'LibellÈ Ècriture': 'unknown', 'Solde Final': 'solde_final', '': 'unknown'}
INFO:app.services.data_extractor:Reverse mapping: {'account_code': ['N\u221e'], 'solde_final': ['Solde Final']}
INFO:app.services.data_extractor:DataFrame columns after renaming: ['account_code', 'LibellÈ Ècriture', 'solde_final', '', '', '', '']
INFO:app.services.data_extractor:DataFrame shape: (106, 7)
INFO:app.services.data_extractor:DataFrame sample:
   account_code  LibellÈ Ècriture  solde_final        
0  BALANCE 2021                                       
1                                                     
2            N\u221e  LibellÈ Ècriture  Solde Final        
3      10100000           CAPITAL   -1 000,000        
4      11100000    RESERVE LEGALE                     
INFO:app.services.data_extractor:Converted column 'solde_final' to numeric
INFO:app.services.data_extractor:Rows before filtering: 106
INFO:app.services.data_extractor:Rows after filtering: 100
INFO:app.services.data_extractor:Sample data:
   account_code    LibellÈ Ècriture  solde_final        
0  BALANCE 2021                              NaN        
2            N\u221e    LibellÈ Ècriture          NaN        
3      10100000             CAPITAL      -1000.0        
4      11100000      RESERVE LEGALE          NaN        
5      12100000  RESULTATS REPORTES    -150000.0        
INFO:app.services.data_extractor:Successfully extracted 100 records
INFO:root:Upload 38: Encoding=MacRoman, Delimiter=;, Columns={'N\u221e': 'account_code', 'LibellÈ Ècriture': 'unknown', 'Solde Final': 'solde_final', '': 'unknown'}
INFO:app.services.upload_service:Upload 38: 98 accounts inserted. Detected columns: ['account_code', 'LibellÈ Ècriture', 'solde_final', '']
INFO:app.services.upload_service:File saved: app/uploads\F1773661755482_BAL(in).csv
INFO:app.services.upload_service:Upload registered with ID: 39
INFO:app.utils.helpers:Successfully decoded first line with latin1
INFO:app.utils.helpers:Detected delimiter: ';' from: {',': 0, ';': 9, '\t': 0, '|': 0}
INFO:app.utils.helpers:CSV read successfully: 166 rows, 10 columns
INFO:app.services.csv_parsing_service:Raw columns after reading CSV: ['col_0', 'col_1', 'col_2', 'col_3', 'col_4', 'col_5', 'col_6', 'col_7', 'col_8', 'col_9']
INFO:app.services.header_detector:Detected header at row 0: ['Compte', 'Intitulé', 'Solde ant Dbt (réf)', 'Solde ant Cdt (réf)', 'Débit période (réf)', 'Crédit période (réf)', 'Solde pér Dbt (réf)', 'Solde pér Cdt (réf)', 'Solde fin Dbt (réf)', 'Solde fin Cdt (réf)']
INFO:app.services.column_classifier:Processing column: 'Compte' \u2192 normalized: 'compte'
INFO:app.services.column_classifier:\u2713 Mapped 'Compte' \u2192 'account_code' (normalized score: 100)
INFO:app.services.column_classifier:Processing column: 'Intitulé' \u2192 normalized: 'intitule'
INFO:app.services.column_classifier:\u2713 Mapped 'Intitulé' \u2192 'label' (normalized score: 100)
INFO:app.services.column_classifier:Processing column: 'Solde ant Dbt (réf)' \u2192 normalized: 'solde ant dbt ref'
WARNING:app.services.column_classifier:\u2717 Column 'Solde ant Dbt (réf)' partially matched 'solde_debit' (score: 62, below threshold)
INFO:app.services.column_classifier:Processing column: 'Solde ant Cdt (réf)' \u2192 normalized: 'solde ant cdt ref'
WARNING:app.services.column_classifier:\u2717 Column 'Solde ant Cdt (réf)' partially matched 'solde_credit' (score: 69, below threshold)
INFO:app.services.column_classifier:Processing column: 'Débit période (réf)' \u2192 normalized: 'debit periode ref'
WARNING:app.services.column_classifier:\u2717 Column 'Débit période (réf)' partially matched 'debit' (score: 45, below threshold)
INFO:app.services.column_classifier:Processing column: 'Crédit période (réf)' \u2192 normalized: 'credit periode ref'
WARNING:app.services.column_classifier:\u2717 Column 'Crédit période (réf)' partially matched 'credit' (score: 50, below threshold)
INFO:app.services.column_classifier:Processing column: 'Solde pér Dbt (réf)' \u2192 normalized: 'solde per dbt ref'
WARNING:app.services.column_classifier:\u2717 Column 'Solde pér Dbt (réf)' partially matched 'solde_debit' (score: 64, below threshold)
INFO:app.services.column_classifier:Processing column: 'Solde pér Cdt (réf)' \u2192 normalized: 'solde per cdt ref'
WARNING:app.services.column_classifier:\u2717 Column 'Solde pér Cdt (réf)' partially matched 'solde_credit' (score: 69, below threshold)
INFO:app.services.column_classifier:Processing column: 'Solde fin Dbt (réf)' \u2192 normalized: 'solde fin dbt ref'
WARNING:app.services.column_classifier:\u2717 Column 'Solde fin Dbt (réf)' partially matched 'solde_final' (score: 64, below threshold)
INFO:app.services.column_classifier:Processing column: 'Solde fin Cdt (réf)' \u2192 normalized: 'solde fin cdt ref'
WARNING:app.services.column_classifier:\u2717 Column 'Solde fin Cdt (réf)' partially matched 'solde_credit' (score: 69, below threshold)
INFO:app.services.column_classifier:Final column mapping: {'Compte': 'account_code', 'Intitulé': 'label', 'Solde ant Dbt (réf)': 'unknown', 'Solde ant Cdt (réf)': 'unknown', 'Débit période (réf)': 'unknown', 'Crédit période (réf)': 'unknown', 'Solde pér Dbt (réf)': 'unknown', 'Solde pér Cdt (réf)': 'unknown', 'Solde fin Dbt (réf)': 'unknown', 'Solde fin Cdt (réf)': 'unknown'}
INFO:app.services.data_extractor:Reverse mapping: {'account_code': ['Compte'], 'label': ['Intitulé']}
INFO:app.services.data_extractor:DataFrame columns after renaming: ['account_code', 'label', 'Solde ant Dbt (réf)', 'Solde ant Cdt (réf)', 'Débit période (réf)', 'Crédit période (réf)', 'Solde pér Dbt (réf)', 'Solde pér Cdt (réf)', 'Solde fin Dbt (réf)', 'Solde fin Cdt (réf)']
INFO:app.services.data_extractor:DataFrame shape: (166, 10)
INFO:app.services.data_extractor:DataFrame sample:
  account_code                           label  ...  Solde fin Dbt (réf)  Solde fin Cdt (réf)
0       Compte                        Intitulé  ...  Solde fin Dbt (réf)  Solde fin Cdt (réf)
1     10100000                  CAPITAL SOCIAL  ...                    0             12400000
2     10900000  ACTIONNAIRE CAPITAL NON APPELE  ...                   10                    0
3     16210000                EMPRUNT BANCAIRE  ...                    0             21100000
4     16220000                 EMPRUNT LEASING  ...                    0           1298680,66

[5 rows x 10 columns]
INFO:app.services.data_extractor:Rows before filtering: 166
INFO:app.services.data_extractor:Rows after filtering: 166
INFO:app.services.data_extractor:Sample data:
  account_code                           label  ...  Solde fin Dbt (réf)  Solde fin Cdt (réf)
0       Compte                        Intitulé  ...  Solde fin Dbt (réf)  Solde fin Cdt (réf)
1     10100000                  CAPITAL SOCIAL  ...                    0             12400000
2     10900000  ACTIONNAIRE CAPITAL NON APPELE  ...                   10                    0
3     16210000                EMPRUNT BANCAIRE  ...                    0             21100000
4     16220000                 EMPRUNT LEASING  ...                    0           1298680,66

[5 rows x 10 columns]
INFO:app.services.data_extractor:Successfully extracted 166 records
INFO:root:Upload 39: Encoding=ISO-8859-1, Delimiter=;, Columns={'Compte': 'account_code', 'Intitulé': 'label', 'Solde ant Dbt (réf)': 'unknown', 'Solde ant Cdt (réf)': 'unknown', 'Débit période (réf)': 'unknown', 'Crédit période (réf)': 'unknown', 'Solde pér Dbt (réf)': 'unknown', 'Solde pér Cdt (réf)': 'unknown', 'Solde fin Dbt (réf)': 'unknown', 'Solde fin Cdt (réf)': 'unknown'}
INFO:app.services.upload_service:Upload 39: 165 accounts inserted. Detected columns: ['account_code', 'label', 'Solde ant Dbt (réf)', 'Solde ant Cdt (réf)', 'Débit période (réf)', 'Crédit période (réf)', 'Solde pér Dbt (réf)', 'Solde pér Cdt (réf)', 'Solde fin Dbt (réf)', 'Solde fin Cdt (réf)']
INFO:app.services.upload_service:File saved: app/uploads\balance_2021_utf.csv
INFO:app.services.upload_service:Upload registered with ID: 40
INFO:app.utils.helpers:Successfully decoded first line with utf-8
INFO:app.utils.helpers:Detected delimiter: ';' from: {',': 0, ';': 6, '\t': 0, '|': 0}
INFO:app.utils.helpers:CSV read successfully: 106 rows, 7 columns
INFO:app.services.csv_parsing_service:Raw columns after reading CSV: ['col_0', 'col_1', 'col_2', 'col_3', 'col_4', 'col_5', 'col_6']
INFO:app.services.header_detector:Detected header at row 2: ['N°', 'Libellé écriture', 'Solde Final', '', '', '', '']
INFO:app.services.column_classifier:Processing column: 'N°' \u2192 normalized: 'n'
INFO:app.services.column_classifier:\u2713 Mapped 'N°' \u2192 'account_code' (normalized score: 100)
INFO:app.services.column_classifier:Processing column: 'Libellé écriture' \u2192 normalized: 'libelle ecriture'
WARNING:app.services.column_classifier:\u2717 Column 'Libellé écriture' partially matched 'label' (score: 61, below threshold)
INFO:app.services.column_classifier:Processing column: 'Solde Final' \u2192 normalized: 'solde final'
INFO:app.services.column_classifier:\u2713 Mapped 'Solde Final' \u2192 'solde_final' (normalized score: 100)
INFO:app.services.column_classifier:Processing column: '' \u2192 normalized: ''
WARNING:app.services.column_classifier:\u2717 Unknown column detected: ''
INFO:app.services.column_classifier:Processing column: '' \u2192 normalized: ''
WARNING:app.services.column_classifier:\u2717 Unknown column detected: ''
INFO:app.services.column_classifier:Processing column: '' \u2192 normalized: ''
WARNING:app.services.column_classifier:\u2717 Unknown column detected: ''
INFO:app.services.column_classifier:Processing column: '' \u2192 normalized: ''
WARNING:app.services.column_classifier:\u2717 Unknown column detected: ''
INFO:app.services.column_classifier:Final column mapping: {'N°': 'account_code', 'Libellé écriture': 'unknown', 'Solde Final': 'solde_final', '': 'unknown'}
INFO:app.services.data_extractor:Reverse mapping: {'account_code': ['N°'], 'solde_final': ['Solde Final']}
INFO:app.services.data_extractor:DataFrame columns after renaming: ['account_code', 'Libellé écriture', 'solde_final', '', '', '', '']
INFO:app.services.data_extractor:DataFrame shape: (106, 7)
INFO:app.services.data_extractor:DataFrame sample:
   account_code  Libellé écriture  solde_final        
0  BALANCE 2021                                       
1                                                     
2            N°  Libellé écriture  Solde Final        
3      10100000           CAPITAL   -1 000,000        
4      11100000    RESERVE LEGALE                     
INFO:app.services.data_extractor:Converted column 'solde_final' to numeric
INFO:app.services.data_extractor:Rows before filtering: 106
INFO:app.services.data_extractor:Rows after filtering: 100
INFO:app.services.data_extractor:Sample data:
   account_code    Libellé écriture  solde_final        
0  BALANCE 2021                              NaN        
2            N°    Libellé écriture          NaN        
3      10100000             CAPITAL      -1000.0        
4      11100000      RESERVE LEGALE          NaN        
5      12100000  RESULTATS REPORTES    -150000.0        
INFO:app.services.data_extractor:Successfully extracted 100 records
INFO:root:Upload 40: Encoding=UTF-8-SIG, Delimiter=;, Columns={'N°': 'account_code', 'Libellé écriture': 'unknown', 'Solde Final': 'solde_final', '': 'unknown'}
INFO:app.services.upload_service:Upload 40: 98 accounts inserted. Detected columns: ['account_code', 'Libellé écriture', 'solde_final', '']
INFO:app.services.upload_service:File saved: app/uploads\balance_2021_utf.csv
INFO:app.services.upload_service:Upload registered with ID: 41
INFO:app.utils.helpers:Successfully decoded first line with utf-8
INFO:app.utils.helpers:Detected delimiter: ';' from: {',': 0, ';': 6, '\t': 0, '|': 0}
INFO:app.utils.helpers:CSV read successfully: 106 rows, 7 columns
INFO:app.services.csv_parsing_service:Raw columns after reading CSV: ['col_0', 'col_1', 'col_2', 'col_3', 'col_4', 'col_5', 'col_6']
INFO:app.services.header_detector:Detected header at row 2: ['N°', 'Libellé écriture', 'Solde Final', '', '', '', '']
INFO:app.services.column_classifier:Processing column: 'N°' \u2192 normalized: 'n'
INFO:app.services.column_classifier:\u2713 Mapped 'N°' \u2192 'account_code' (normalized score: 100)
INFO:app.services.column_classifier:Processing column: 'Libellé écriture' \u2192 normalized: 'libelle ecriture'
INFO:app.services.column_classifier:\u2713 Mapped 'Libellé écriture' \u2192 'label' (normalized score: 100)
INFO:app.services.column_classifier:Processing column: 'Solde Final' \u2192 normalized: 'solde final'
INFO:app.services.column_classifier:\u2713 Mapped 'Solde Final' \u2192 'solde_final' (normalized score: 100)
INFO:app.services.column_classifier:Processing column: '' \u2192 normalized: ''
WARNING:app.services.column_classifier:\u2717 Unknown column detected: ''
INFO:app.services.column_classifier:Processing column: '' \u2192 normalized: ''
WARNING:app.services.column_classifier:\u2717 Unknown column detected: ''
INFO:app.services.column_classifier:Processing column: '' \u2192 normalized: ''
WARNING:app.services.column_classifier:\u2717 Unknown column detected: ''
INFO:app.services.column_classifier:Processing column: '' \u2192 normalized: ''
WARNING:app.services.column_classifier:\u2717 Unknown column detected: ''
INFO:app.services.column_classifier:Final column mapping: {'N°': 'account_code', 'Libellé écriture': 'label', 'Solde Final': 'solde_final', '': 'unknown'}
INFO:app.services.data_extractor:Reverse mapping: {'account_code': ['N°'], 'label': ['Libellé écriture'], 'solde_final': ['Solde Final']}
INFO:app.services.data_extractor:DataFrame columns after renaming: ['account_code', 'label', 'solde_final', '', '', '', '']
INFO:app.services.data_extractor:DataFrame shape: (106, 7)
INFO:app.services.data_extractor:DataFrame sample:
   account_code             label  solde_final        
0  BALANCE 2021                                       
1                                                     
2            N°  Libellé écriture  Solde Final        
3      10100000           CAPITAL   -1 000,000        
4      11100000    RESERVE LEGALE                     
INFO:app.services.data_extractor:Converted column 'solde_final' to numeric
INFO:app.services.data_extractor:Rows before filtering: 106
INFO:app.services.data_extractor:Rows after filtering: 100
INFO:app.services.data_extractor:Sample data:
   account_code               label  solde_final        
0  BALANCE 2021                              NaN        
2            N°    Libellé écriture          NaN        
3      10100000             CAPITAL      -1000.0        
4      11100000      RESERVE LEGALE          NaN        
5      12100000  RESULTATS REPORTES    -150000.0        
INFO:app.services.data_extractor:Successfully extracted 100 records
INFO:root:Upload 41: Encoding=UTF-8-SIG, Delimiter=;, Columns={'N°': 'account_code', 'Libellé écriture': 'label', 'Solde Final': 'solde_final', '': 'unknown'}
INFO:app.services.upload_service:Upload 41: 98 accounts inserted. Detected columns: ['account_code', 'label', 'solde_final', '']
INFO:app.services.upload_service:File saved: app/uploads\balance_2021_utf.csv
INFO:app.services.upload_service:Upload registered with ID: 42
INFO:app.utils.helpers:Successfully decoded first line with utf-8
INFO:app.utils.helpers:Detected delimiter: ';' from: {',': 0, ';': 6, '\t': 0, '|': 0}
INFO:app.utils.helpers:CSV read successfully: 106 rows, 7 columns
INFO:app.services.csv_parsing_service:Raw columns after reading CSV: ['col_0', 'col_1', 'col_2', 'col_3', 'col_4', 'col_5', 'col_6']
INFO:app.services.header_detector:Detected header at row 2: ['N°', 'Libellé écriture', 'Solde Final', '', '', '', '']
INFO:app.services.csv_parsing_service:Starting NLP-based column classification with semantic matching...
INFO:app.services.column_classifier:Processing column: 'N°' \u2192 normalized: 'n'
INFO:app.services.semantic_classifier:Loading semantic model: sentence-transformers/all-MiniLM-L6-v2
INFO:sentence_transformers.SentenceTransformer:Use pytorch device_name: cpu
INFO:sentence_transformers.SentenceTransformer:Load pretrained SentenceTransformer: sentence-transformers/all-MiniLM-L6-v2
INFO:httpx:HTTP Request: HEAD https://huggingface.co/sentence-transformers/all-MiniLM-L6-v2/resolve/main/modules.json "HTTP/1.1 307 Temporary Redirect"
INFO:httpx:HTTP Request: HEAD https://huggingface.co/api/resolve-cache/models/sentence-transformers/all-MiniLM-L6-v2/c9745ed1d9f207416be6d2e6f8de32d1f16199bf/modules.json "HTTP/1.1 200 OK"
INFO:httpx:HTTP Request: HEAD https://huggingface.co/sentence-transformers/all-MiniLM-L6-v2/resolve/main/config_sentence_transformers.json "HTTP/1.1 307 Temporary Redirect"
INFO:httpx:HTTP Request: HEAD https://huggingface.co/api/resolve-cache/models/sentence-transformers/all-MiniLM-L6-v2/c9745ed1d9f207416be6d2e6f8de32d1f16199bf/config_sentence_transformers.json "HTTP/1.1 200 OK"
INFO:httpx:HTTP Request: HEAD https://huggingface.co/sentence-transformers/all-MiniLM-L6-v2/resolve/main/config_sentence_transformers.json "HTTP/1.1 307 Temporary Redirect"
INFO:httpx:HTTP Request: HEAD https://huggingface.co/api/resolve-cache/models/sentence-transformers/all-MiniLM-L6-v2/c9745ed1d9f207416be6d2e6f8de32d1f16199bf/config_sentence_transformers.json "HTTP/1.1 200 OK"
INFO:httpx:HTTP Request: HEAD https://huggingface.co/sentence-transformers/all-MiniLM-L6-v2/resolve/main/README.md "HTTP/1.1 307 Temporary Redirect"
WARNING:huggingface_hub.utils._http:Warning: You are sending unauthenticated requests to the HF Hub. Please set a HF_TOKEN to enable higher rate limits and faster downloads.
INFO:httpx:HTTP Request: HEAD https://huggingface.co/api/resolve-cache/models/sentence-transformers/all-MiniLM-L6-v2/c9745ed1d9f207416be6d2e6f8de32d1f16199bf/README.md "HTTP/1.1 200 OK"
INFO:httpx:HTTP Request: HEAD https://huggingface.co/sentence-transformers/all-MiniLM-L6-v2/resolve/main/modules.json "HTTP/1.1 307 Temporary Redirect"
INFO:httpx:HTTP Request: HEAD https://huggingface.co/api/resolve-cache/models/sentence-transformers/all-MiniLM-L6-v2/c9745ed1d9f207416be6d2e6f8de32d1f16199bf/modules.json "HTTP/1.1 200 OK"
INFO:httpx:HTTP Request: HEAD https://huggingface.co/sentence-transformers/all-MiniLM-L6-v2/resolve/main/sentence_bert_config.json "HTTP/1.1 307 Temporary Redirect"
INFO:httpx:HTTP Request: HEAD https://huggingface.co/api/resolve-cache/models/sentence-transformers/all-MiniLM-L6-v2/c9745ed1d9f207416be6d2e6f8de32d1f16199bf/sentence_bert_config.json "HTTP/1.1 200 OK"
INFO:httpx:HTTP Request: HEAD https://huggingface.co/sentence-transformers/all-MiniLM-L6-v2/resolve/main/adapter_config.json "HTTP/1.1 404 Not Found"
INFO:httpx:HTTP Request: HEAD https://huggingface.co/sentence-transformers/all-MiniLM-L6-v2/resolve/main/config.json "HTTP/1.1 307 Temporary Redirect"
INFO:httpx:HTTP Request: HEAD https://huggingface.co/api/resolve-cache/models/sentence-transformers/all-MiniLM-L6-v2/c9745ed1d9f207416be6d2e6f8de32d1f16199bf/config.json "HTTP/1.1 200 OK"
INFO:httpx:HTTP Request: HEAD https://huggingface.co/sentence-transformers/all-MiniLM-L6-v2/resolve/main/config.json "HTTP/1.1 307 Temporary Redirect"
INFO:httpx:HTTP Request: HEAD https://huggingface.co/api/resolve-cache/models/sentence-transformers/all-MiniLM-L6-v2/c9745ed1d9f207416be6d2e6f8de32d1f16199bf/config.json "HTTP/1.1 200 OK"
INFO:httpx:HTTP Request: HEAD https://huggingface.co/sentence-transformers/all-MiniLM-L6-v2/resolve/main/tokenizer_config.json "HTTP/1.1 307 Temporary Redirect"
INFO:httpx:HTTP Request: HEAD https://huggingface.co/api/resolve-cache/models/sentence-transformers/all-MiniLM-L6-v2/c9745ed1d9f207416be6d2e6f8de32d1f16199bf/tokenizer_config.json "HTTP/1.1 200 OK"
INFO:httpx:HTTP Request: GET https://huggingface.co/api/models/sentence-transformers/all-MiniLM-L6-v2/tree/main/additional_chat_templates?recursive=false&expand=false "HTTP/1.1 404 Not Found"
INFO:httpx:HTTP Request: GET https://huggingface.co/api/models/sentence-transformers/all-MiniLM-L6-v2/tree/main?recursive=true&expand=false "HTTP/1.1 200 OK"
INFO:httpx:HTTP Request: HEAD https://huggingface.co/sentence-transformers/all-MiniLM-L6-v2/resolve/main/1_Pooling/config.json "HTTP/1.1 307 Temporary Redirect"
INFO:httpx:HTTP Request: HEAD https://huggingface.co/api/resolve-cache/models/sentence-transformers/all-MiniLM-L6-v2/c9745ed1d9f207416be6d2e6f8de32d1f16199bf/1_Pooling%2Fconfig.json "HTTP/1.1 200 OK"
INFO:httpx:HTTP Request: GET https://huggingface.co/api/models/sentence-transformers/all-MiniLM-L6-v2 "HTTP/1.1 200 OK"
INFO:app.services.semantic_classifier:Semantic model loaded successfully
WARNING:app.services.column_classifier:\u2717 Column 'N°' partially matched 'account_code' (score: 44.7/100, below 70 threshold)
INFO:app.services.column_classifier:Processing column: 'Libellé écriture' \u2192 normalized: 'libelle ecriture'
WARNING:app.services.column_classifier:\u2717 Column 'Libellé écriture' partially matched 'label' (score: 46.3/100, below 70 threshold)
INFO:app.services.column_classifier:Processing column: 'Solde Final' \u2192 normalized: 'solde final'
WARNING:app.services.column_classifier:\u2717 Column 'Solde Final' partially matched 'solde_final' (score: 40.8/100, below 70 threshold)
INFO:app.services.column_classifier:Processing column: '' \u2192 normalized: ''
WARNING:app.services.column_classifier:\u2717 Column '' partially matched 'account_code' (score: 12.0/100, below 70 threshold)
INFO:app.services.column_classifier:Processing column: '' \u2192 normalized: ''
WARNING:app.services.column_classifier:\u2717 Column '' partially matched 'account_code' (score: 12.0/100, below 70 threshold)
INFO:app.services.column_classifier:Processing column: '' \u2192 normalized: ''
WARNING:app.services.column_classifier:\u2717 Column '' partially matched 'account_code' (score: 12.0/100, below 70 threshold)
INFO:app.services.column_classifier:Processing column: '' \u2192 normalized: ''
WARNING:app.services.column_classifier:\u2717 Column '' partially matched 'account_code' (score: 12.0/100, below 70 threshold)
INFO:app.services.column_classifier:Validating and boosting confidence scores using content analysis...
INFO:app.services.column_classifier:Final column mapping: {'N°': 'unknown', 'Libellé écriture': 'unknown', 'Solde Final': 'unknown', '': 'unknown'}
INFO:app.services.column_classifier:Confidence scores: [('N°', '0.0%'), ('Libellé écriture', '0.0%'), ('Solde Final', '0.0%'), ('', '0.0%')]
INFO:app.services.csv_parsing_service:Column classification results with confidence:
INFO:app.services.csv_parsing_service:  'N°' \u2192 'unknown' (confidence: 0.0%)
INFO:app.services.csv_parsing_service:  'Libellé écriture' \u2192 'unknown' (confidence: 0.0%)
INFO:app.services.csv_parsing_service:  'Solde Final' \u2192 'unknown' (confidence: 0.0%)
INFO:app.services.csv_parsing_service:  '' \u2192 'unknown' (confidence: 0.0%)
INFO:app.services.csv_parsing_service:  '' \u2192 'unknown' (confidence: 0.0%)
INFO:app.services.csv_parsing_service:  '' \u2192 'unknown' (confidence: 0.0%)
INFO:app.services.csv_parsing_service:  '' \u2192 'unknown' (confidence: 0.0%)
INFO:app.services.data_extractor:Reverse mapping: {}
INFO:app.services.data_extractor:DataFrame columns after renaming: ['N°', 'Libellé écriture', 'Solde Final', '', '', '', '']
INFO:app.services.data_extractor:DataFrame shape: (106, 7)
INFO:app.services.data_extractor:DataFrame sample:
             N°  Libellé écriture  Solde Final        
0  BALANCE 2021                                       
1                                                     
2            N°  Libellé écriture  Solde Final        
3      10100000           CAPITAL   -1 000,000        
4      11100000    RESERVE LEGALE                     
ERROR:app.services.upload_service:Upload failed: Critical column 'account_code' not found. Available columns: ['N°', 'Libellé écriture', 'Solde Final', '', '', '', '']
Traceback (most recent call last):
  File "C:\Users\mayyara.haj-yahia\Travail\Project\financial_engine\backend\app\services\upload_service.py", line 39, in save_file_and_register
    validated_data = parse_csv(file.file, upload.id)
                     ^^^^^^^^^^^^^^^^^^^^^^^^^^^^^^^
  File "C:\Users\mayyara.haj-yahia\Travail\Project\financial_engine\backend\app\services\csv_parsing_service.py", line 36, in parse_csv
    extracted_data = extract_data(df, column_mapping)
                     ^^^^^^^^^^^^^^^^^^^^^^^^^^^^^^^^
  File "C:\Users\mayyara.haj-yahia\Travail\Project\financial_engine\backend\app\services\data_extractor.py", line 37, in extract_data
    raise ValueError(
ValueError: Critical column 'account_code' not found. Available columns: ['N°', 'Libellé écriture', 'Solde Final', '', '', '', '']
INFO:app.services.upload_service:File saved: app/uploads\balance_2021_utf.csv
INFO:app.services.upload_service:Upload registered with ID: 43
INFO:app.utils.helpers:Successfully decoded first line with utf-8
INFO:app.utils.helpers:Detected delimiter: ';' from: {',': 0, ';': 6, '\t': 0, '|': 0}
INFO:app.utils.helpers:CSV read successfully: 106 rows, 7 columns
INFO:app.services.csv_parsing_service:Raw columns after reading CSV: ['col_0', 'col_1', 'col_2', 'col_3', 'col_4', 'col_5', 'col_6']
INFO:app.services.header_detector:Detected header at row 2: ['N°', 'Libellé écriture', 'Solde Final', '', '', '', '']
INFO:app.services.csv_parsing_service:Columns after filtering empty: ['N°', 'Libellé écriture', 'Solde Final']
INFO:app.services.csv_parsing_service:Starting NLP-based column classification with semantic matching...
INFO:app.services.column_classifier:Processing column: 'N°' \u2192 normalized: 'n'
INFO:app.services.semantic_classifier:Loading semantic model: sentence-transformers/all-MiniLM-L6-v2
INFO:sentence_transformers.SentenceTransformer:Use pytorch device_name: cpu
INFO:sentence_transformers.SentenceTransformer:Load pretrained SentenceTransformer: sentence-transformers/all-MiniLM-L6-v2
INFO:httpx:HTTP Request: HEAD https://huggingface.co/sentence-transformers/all-MiniLM-L6-v2/resolve/main/modules.json "HTTP/1.1 307 Temporary Redirect"
INFO:httpx:HTTP Request: HEAD https://huggingface.co/api/resolve-cache/models/sentence-transformers/all-MiniLM-L6-v2/c9745ed1d9f207416be6d2e6f8de32d1f16199bf/modules.json "HTTP/1.1 200 OK"
INFO:httpx:HTTP Request: HEAD https://huggingface.co/sentence-transformers/all-MiniLM-L6-v2/resolve/main/config_sentence_transformers.json "HTTP/1.1 307 Temporary Redirect"
WARNING:huggingface_hub.utils._http:Warning: You are sending unauthenticated requests to the HF Hub. Please set a HF_TOKEN to enable higher rate limits and faster downloads.
INFO:httpx:HTTP Request: HEAD https://huggingface.co/api/resolve-cache/models/sentence-transformers/all-MiniLM-L6-v2/c9745ed1d9f207416be6d2e6f8de32d1f16199bf/config_sentence_transformers.json "HTTP/1.1 200 OK"
INFO:httpx:HTTP Request: HEAD https://huggingface.co/sentence-transformers/all-MiniLM-L6-v2/resolve/main/config_sentence_transformers.json "HTTP/1.1 307 Temporary Redirect"
INFO:httpx:HTTP Request: HEAD https://huggingface.co/api/resolve-cache/models/sentence-transformers/all-MiniLM-L6-v2/c9745ed1d9f207416be6d2e6f8de32d1f16199bf/config_sentence_transformers.json "HTTP/1.1 200 OK"
INFO:httpx:HTTP Request: HEAD https://huggingface.co/sentence-transformers/all-MiniLM-L6-v2/resolve/main/README.md "HTTP/1.1 307 Temporary Redirect"
INFO:httpx:HTTP Request: HEAD https://huggingface.co/api/resolve-cache/models/sentence-transformers/all-MiniLM-L6-v2/c9745ed1d9f207416be6d2e6f8de32d1f16199bf/README.md "HTTP/1.1 200 OK"
INFO:httpx:HTTP Request: HEAD https://huggingface.co/sentence-transformers/all-MiniLM-L6-v2/resolve/main/modules.json "HTTP/1.1 307 Temporary Redirect"
INFO:httpx:HTTP Request: HEAD https://huggingface.co/api/resolve-cache/models/sentence-transformers/all-MiniLM-L6-v2/c9745ed1d9f207416be6d2e6f8de32d1f16199bf/modules.json "HTTP/1.1 200 OK"
INFO:httpx:HTTP Request: HEAD https://huggingface.co/sentence-transformers/all-MiniLM-L6-v2/resolve/main/sentence_bert_config.json "HTTP/1.1 307 Temporary Redirect"
INFO:httpx:HTTP Request: HEAD https://huggingface.co/api/resolve-cache/models/sentence-transformers/all-MiniLM-L6-v2/c9745ed1d9f207416be6d2e6f8de32d1f16199bf/sentence_bert_config.json "HTTP/1.1 200 OK"
INFO:httpx:HTTP Request: HEAD https://huggingface.co/sentence-transformers/all-MiniLM-L6-v2/resolve/main/adapter_config.json "HTTP/1.1 404 Not Found"
INFO:httpx:HTTP Request: HEAD https://huggingface.co/sentence-transformers/all-MiniLM-L6-v2/resolve/main/config.json "HTTP/1.1 307 Temporary Redirect"
INFO:httpx:HTTP Request: HEAD https://huggingface.co/api/resolve-cache/models/sentence-transformers/all-MiniLM-L6-v2/c9745ed1d9f207416be6d2e6f8de32d1f16199bf/config.json "HTTP/1.1 200 OK"
INFO:httpx:HTTP Request: HEAD https://huggingface.co/sentence-transformers/all-MiniLM-L6-v2/resolve/main/config.json "HTTP/1.1 307 Temporary Redirect"
INFO:httpx:HTTP Request: HEAD https://huggingface.co/api/resolve-cache/models/sentence-transformers/all-MiniLM-L6-v2/c9745ed1d9f207416be6d2e6f8de32d1f16199bf/config.json "HTTP/1.1 200 OK"
INFO:httpx:HTTP Request: HEAD https://huggingface.co/sentence-transformers/all-MiniLM-L6-v2/resolve/main/tokenizer_config.json "HTTP/1.1 307 Temporary Redirect"
INFO:httpx:HTTP Request: HEAD https://huggingface.co/api/resolve-cache/models/sentence-transformers/all-MiniLM-L6-v2/c9745ed1d9f207416be6d2e6f8de32d1f16199bf/tokenizer_config.json "HTTP/1.1 200 OK"
INFO:httpx:HTTP Request: GET https://huggingface.co/api/models/sentence-transformers/all-MiniLM-L6-v2/tree/main/additional_chat_templates?recursive=false&expand=false "HTTP/1.1 404 Not Found"
INFO:httpx:HTTP Request: GET https://huggingface.co/api/models/sentence-transformers/all-MiniLM-L6-v2/tree/main?recursive=true&expand=false "HTTP/1.1 200 OK"
INFO:httpx:HTTP Request: HEAD https://huggingface.co/sentence-transformers/all-MiniLM-L6-v2/resolve/main/1_Pooling/config.json "HTTP/1.1 307 Temporary Redirect"
INFO:httpx:HTTP Request: HEAD https://huggingface.co/api/resolve-cache/models/sentence-transformers/all-MiniLM-L6-v2/c9745ed1d9f207416be6d2e6f8de32d1f16199bf/1_Pooling%2Fconfig.json "HTTP/1.1 200 OK"
INFO:httpx:HTTP Request: GET https://huggingface.co/api/models/sentence-transformers/all-MiniLM-L6-v2 "HTTP/1.1 200 OK"
INFO:app.services.semantic_classifier:Semantic model loaded successfully
WARNING:app.services.column_classifier:\u2717 Column 'N°' partially matched 'account_code' (score: 44.7/100, below 70 threshold)
INFO:app.services.column_classifier:Processing column: 'Libellé écriture' \u2192 normalized: 'libelle ecriture'
WARNING:app.services.column_classifier:\u2717 Column 'Libellé écriture' partially matched 'label' (score: 46.3/100, below 70 threshold)
INFO:app.services.column_classifier:Processing column: 'Solde Final' \u2192 normalized: 'solde final'
WARNING:app.services.column_classifier:\u2717 Column 'Solde Final' partially matched 'solde_final' (score: 40.8/100, below 70 threshold)
INFO:app.services.column_classifier:Validating and boosting confidence scores using content analysis...
INFO:app.services.column_classifier:Final column mapping: {'N°': 'unknown', 'Libellé écriture': 'unknown', 'Solde Final': 'unknown'}
INFO:app.services.column_classifier:Confidence scores: [('N°', '0.0%'), ('Libellé écriture', '0.0%'), ('Solde Final', '0.0%')]
INFO:app.services.csv_parsing_service:Column classification results with confidence:
INFO:app.services.csv_parsing_service:  'N°' \u2192 'unknown' (confidence: 0.0%)
INFO:app.services.csv_parsing_service:  'Libellé écriture' \u2192 'unknown' (confidence: 0.0%)
INFO:app.services.csv_parsing_service:  'Solde Final' \u2192 'unknown' (confidence: 0.0%)
INFO:app.services.data_extractor:Reverse mapping: {}
INFO:app.services.data_extractor:DataFrame columns after renaming: ['N°', 'Libellé écriture', 'Solde Final']
INFO:app.services.data_extractor:DataFrame shape: (106, 3)
INFO:app.services.data_extractor:DataFrame sample:
             N°  Libellé écriture  Solde Final
0  BALANCE 2021                               
1                                             
2            N°  Libellé écriture  Solde Final
3      10100000           CAPITAL   -1 000,000
4      11100000    RESERVE LEGALE             
ERROR:app.services.upload_service:Upload failed: Critical column 'account_code' not found. Available columns: ['N°', 'Libellé écriture', 'Solde Final']
Traceback (most recent call last):
  File "C:\Users\mayyara.haj-yahia\Travail\Project\financial_engine\backend\app\services\upload_service.py", line 39, in save_file_and_register
    validated_data = parse_csv(file.file, upload.id)
                     ^^^^^^^^^^^^^^^^^^^^^^^^^^^^^^^
  File "C:\Users\mayyara.haj-yahia\Travail\Project\financial_engine\backend\app\services\csv_parsing_service.py", line 40, in parse_csv
    extracted_data = extract_data(df, column_mapping)
                     ^^^^^^^^^^^^^^^^^^^^^^^^^^^^^^^^
  File "C:\Users\mayyara.haj-yahia\Travail\Project\financial_engine\backend\app\services\data_extractor.py", line 37, in extract_data
    raise ValueError(
ValueError: Critical column 'account_code' not found. Available columns: ['N°', 'Libellé écriture', 'Solde Final']
INFO:app.services.upload_service:File saved: app/uploads\balance_2021_utf.csv
INFO:app.services.upload_service:Upload registered with ID: 44
INFO:app.utils.helpers:Successfully decoded first line with utf-8
INFO:app.utils.helpers:Detected delimiter: ';' from: {',': 0, ';': 6, '\t': 0, '|': 0}
INFO:app.utils.helpers:CSV read successfully: 106 rows, 7 columns
INFO:app.services.csv_parsing_service:Raw columns after reading CSV: ['col_0', 'col_1', 'col_2', 'col_3', 'col_4', 'col_5', 'col_6']
INFO:app.services.header_detector:Detected header at row 2: ['N°', 'Libellé écriture', 'Solde Final', '', '', '', '']
INFO:app.services.csv_parsing_service:Columns after filtering empty: ['N°', 'Libellé écriture', 'Solde Final']
INFO:app.services.csv_parsing_service:Starting NLP-based column classification with semantic matching...
INFO:app.services.column_classifier:Processing column: 'N°' \u2192 normalized: 'n'
INFO:app.services.semantic_classifier:Loading semantic model: sentence-transformers/all-MiniLM-L6-v2
INFO:sentence_transformers.SentenceTransformer:Use pytorch device_name: cpu
INFO:sentence_transformers.SentenceTransformer:Load pretrained SentenceTransformer: sentence-transformers/all-MiniLM-L6-v2
INFO:httpx:HTTP Request: HEAD https://huggingface.co/sentence-transformers/all-MiniLM-L6-v2/resolve/main/modules.json "HTTP/1.1 307 Temporary Redirect"
INFO:httpx:HTTP Request: HEAD https://huggingface.co/api/resolve-cache/models/sentence-transformers/all-MiniLM-L6-v2/c9745ed1d9f207416be6d2e6f8de32d1f16199bf/modules.json "HTTP/1.1 200 OK"
INFO:httpx:HTTP Request: HEAD https://huggingface.co/sentence-transformers/all-MiniLM-L6-v2/resolve/main/config_sentence_transformers.json "HTTP/1.1 307 Temporary Redirect"
INFO:httpx:HTTP Request: HEAD https://huggingface.co/api/resolve-cache/models/sentence-transformers/all-MiniLM-L6-v2/c9745ed1d9f207416be6d2e6f8de32d1f16199bf/config_sentence_transformers.json "HTTP/1.1 200 OK"
INFO:httpx:HTTP Request: HEAD https://huggingface.co/sentence-transformers/all-MiniLM-L6-v2/resolve/main/config_sentence_transformers.json "HTTP/1.1 307 Temporary Redirect"
WARNING:huggingface_hub.utils._http:Warning: You are sending unauthenticated requests to the HF Hub. Please set a HF_TOKEN to enable higher rate limits and faster downloads.
INFO:httpx:HTTP Request: HEAD https://huggingface.co/api/resolve-cache/models/sentence-transformers/all-MiniLM-L6-v2/c9745ed1d9f207416be6d2e6f8de32d1f16199bf/config_sentence_transformers.json "HTTP/1.1 200 OK"
INFO:httpx:HTTP Request: HEAD https://huggingface.co/sentence-transformers/all-MiniLM-L6-v2/resolve/main/README.md "HTTP/1.1 307 Temporary Redirect"
INFO:httpx:HTTP Request: HEAD https://huggingface.co/api/resolve-cache/models/sentence-transformers/all-MiniLM-L6-v2/c9745ed1d9f207416be6d2e6f8de32d1f16199bf/README.md "HTTP/1.1 200 OK"
INFO:httpx:HTTP Request: HEAD https://huggingface.co/sentence-transformers/all-MiniLM-L6-v2/resolve/main/modules.json "HTTP/1.1 307 Temporary Redirect"
INFO:httpx:HTTP Request: HEAD https://huggingface.co/api/resolve-cache/models/sentence-transformers/all-MiniLM-L6-v2/c9745ed1d9f207416be6d2e6f8de32d1f16199bf/modules.json "HTTP/1.1 200 OK"
INFO:httpx:HTTP Request: HEAD https://huggingface.co/sentence-transformers/all-MiniLM-L6-v2/resolve/main/sentence_bert_config.json "HTTP/1.1 307 Temporary Redirect"
INFO:httpx:HTTP Request: HEAD https://huggingface.co/api/resolve-cache/models/sentence-transformers/all-MiniLM-L6-v2/c9745ed1d9f207416be6d2e6f8de32d1f16199bf/sentence_bert_config.json "HTTP/1.1 200 OK"
INFO:httpx:HTTP Request: HEAD https://huggingface.co/sentence-transformers/all-MiniLM-L6-v2/resolve/main/adapter_config.json "HTTP/1.1 404 Not Found"
INFO:httpx:HTTP Request: HEAD https://huggingface.co/sentence-transformers/all-MiniLM-L6-v2/resolve/main/config.json "HTTP/1.1 307 Temporary Redirect"
INFO:httpx:HTTP Request: HEAD https://huggingface.co/api/resolve-cache/models/sentence-transformers/all-MiniLM-L6-v2/c9745ed1d9f207416be6d2e6f8de32d1f16199bf/config.json "HTTP/1.1 200 OK"
INFO:httpx:HTTP Request: HEAD https://huggingface.co/sentence-transformers/all-MiniLM-L6-v2/resolve/main/config.json "HTTP/1.1 307 Temporary Redirect"
INFO:httpx:HTTP Request: HEAD https://huggingface.co/api/resolve-cache/models/sentence-transformers/all-MiniLM-L6-v2/c9745ed1d9f207416be6d2e6f8de32d1f16199bf/config.json "HTTP/1.1 200 OK"
INFO:httpx:HTTP Request: HEAD https://huggingface.co/sentence-transformers/all-MiniLM-L6-v2/resolve/main/tokenizer_config.json "HTTP/1.1 307 Temporary Redirect"
INFO:httpx:HTTP Request: HEAD https://huggingface.co/api/resolve-cache/models/sentence-transformers/all-MiniLM-L6-v2/c9745ed1d9f207416be6d2e6f8de32d1f16199bf/tokenizer_config.json "HTTP/1.1 200 OK"
INFO:httpx:HTTP Request: GET https://huggingface.co/api/models/sentence-transformers/all-MiniLM-L6-v2/tree/main/additional_chat_templates?recursive=false&expand=false "HTTP/1.1 404 Not Found"
INFO:httpx:HTTP Request: GET https://huggingface.co/api/models/sentence-transformers/all-MiniLM-L6-v2/tree/main?recursive=true&expand=false "HTTP/1.1 200 OK"
INFO:httpx:HTTP Request: HEAD https://huggingface.co/sentence-transformers/all-MiniLM-L6-v2/resolve/main/1_Pooling/config.json "HTTP/1.1 307 Temporary Redirect"
INFO:httpx:HTTP Request: HEAD https://huggingface.co/api/resolve-cache/models/sentence-transformers/all-MiniLM-L6-v2/c9745ed1d9f207416be6d2e6f8de32d1f16199bf/1_Pooling%2Fconfig.json "HTTP/1.1 200 OK"
INFO:httpx:HTTP Request: GET https://huggingface.co/api/models/sentence-transformers/all-MiniLM-L6-v2 "HTTP/1.1 200 OK"
INFO:app.services.semantic_classifier:Semantic model loaded successfully
WARNING:app.services.column_classifier:\u2717 Column 'N°' partially matched 'account_code' (score: 44.7/100, below 65 threshold)
INFO:app.services.column_classifier:Processing column: 'Libellé écriture' \u2192 normalized: 'libelle ecriture'
WARNING:app.services.column_classifier:\u2717 Column 'Libellé écriture' partially matched 'label' (score: 46.3/100, below 65 threshold)
INFO:app.services.column_classifier:Processing column: 'Solde Final' \u2192 normalized: 'solde final'
WARNING:app.services.column_classifier:\u2717 Column 'Solde Final' partially matched 'solde_final' (score: 40.8/100, below 65 threshold)
INFO:app.services.column_classifier:Validating and boosting confidence scores using content analysis...
INFO:app.services.column_classifier:Final column mapping: {'N°': 'unknown', 'Libellé écriture': 'unknown', 'Solde Final': 'unknown'}
INFO:app.services.column_classifier:Confidence scores: [('N°', '0.0%'), ('Libellé écriture', '0.0%'), ('Solde Final', '0.0%')]
INFO:app.services.csv_parsing_service:Column classification results with confidence:
INFO:app.services.csv_parsing_service:  'N°' \u2192 'unknown' (confidence: 0.0%)
INFO:app.services.csv_parsing_service:  'Libellé écriture' \u2192 'unknown' (confidence: 0.0%)
INFO:app.services.csv_parsing_service:  'Solde Final' \u2192 'unknown' (confidence: 0.0%)
INFO:app.services.data_extractor:Reverse mapping: {}
INFO:app.services.data_extractor:DataFrame columns after renaming: ['N°', 'Libellé écriture', 'Solde Final']
INFO:app.services.data_extractor:DataFrame shape: (106, 3)
INFO:app.services.data_extractor:DataFrame sample:
             N°  Libellé écriture  Solde Final
0  BALANCE 2021                               
1                                             
2            N°  Libellé écriture  Solde Final
3      10100000           CAPITAL   -1 000,000
4      11100000    RESERVE LEGALE             
ERROR:app.services.upload_service:Upload failed: Critical column 'account_code' not found. Available columns: ['N°', 'Libellé écriture', 'Solde Final']
Traceback (most recent call last):
  File "C:\Users\mayyara.haj-yahia\Travail\Project\financial_engine\backend\app\services\upload_service.py", line 39, in save_file_and_register
    validated_data = parse_csv(file.file, upload.id)
                     ^^^^^^^^^^^^^^^^^^^^^^^^^^^^^^^
  File "C:\Users\mayyara.haj-yahia\Travail\Project\financial_engine\backend\app\services\csv_parsing_service.py", line 40, in parse_csv
    extracted_data = extract_data(df, column_mapping)
                     ^^^^^^^^^^^^^^^^^^^^^^^^^^^^^^^^
  File "C:\Users\mayyara.haj-yahia\Travail\Project\financial_engine\backend\app\services\data_extractor.py", line 37, in extract_data
    raise ValueError(
ValueError: Critical column 'account_code' not found. Available columns: ['N°', 'Libellé écriture', 'Solde Final']
INFO:app.services.upload_service:File saved: app/uploads\F1773661755482_BAL(in).csv
INFO:app.services.upload_service:Upload registered with ID: 45
INFO:app.utils.helpers:Successfully decoded first line with latin1
INFO:app.utils.helpers:Detected delimiter: ';' from: {',': 0, ';': 9, '\t': 0, '|': 0}
INFO:app.utils.helpers:CSV read successfully: 166 rows, 10 columns
INFO:app.services.csv_parsing_service:Raw columns after reading CSV: ['col_0', 'col_1', 'col_2', 'col_3', 'col_4', 'col_5', 'col_6', 'col_7', 'col_8', 'col_9']
INFO:app.services.header_detector:Detected header at row 0: ['Compte', 'Intitulé', 'Solde ant Dbt (réf)', 'Solde ant Cdt (réf)', 'Débit période (réf)', 'Crédit période (réf)', 'Solde pér Dbt (réf)', 'Solde pér Cdt (réf)', 'Solde fin Dbt (réf)', 'Solde fin Cdt (réf)']
INFO:app.services.csv_parsing_service:Columns after filtering empty: ['Compte', 'Intitulé', 'Solde ant Dbt (réf)', 'Solde ant Cdt (réf)', 'Débit période (réf)', 'Crédit période (réf)', 'Solde pér Dbt (réf)', 'Solde pér Cdt (réf)', 'Solde fin Dbt (réf)', 'Solde fin Cdt (réf)']
INFO:app.services.csv_parsing_service:Starting NLP-based column classification with semantic matching...
INFO:app.services.column_classifier:Processing column: 'Compte' \u2192 normalized: 'compte'
INFO:app.services.semantic_classifier:Loading semantic model: sentence-transformers/all-MiniLM-L6-v2
INFO:sentence_transformers.SentenceTransformer:Use pytorch device_name: cpu
INFO:sentence_transformers.SentenceTransformer:Load pretrained SentenceTransformer: sentence-transformers/all-MiniLM-L6-v2
INFO:httpx:HTTP Request: HEAD https://huggingface.co/sentence-transformers/all-MiniLM-L6-v2/resolve/main/modules.json "HTTP/1.1 307 Temporary Redirect"
INFO:httpx:HTTP Request: HEAD https://huggingface.co/api/resolve-cache/models/sentence-transformers/all-MiniLM-L6-v2/c9745ed1d9f207416be6d2e6f8de32d1f16199bf/modules.json "HTTP/1.1 200 OK"
INFO:httpx:HTTP Request: HEAD https://huggingface.co/sentence-transformers/all-MiniLM-L6-v2/resolve/main/config_sentence_transformers.json "HTTP/1.1 307 Temporary Redirect"
INFO:httpx:HTTP Request: HEAD https://huggingface.co/api/resolve-cache/models/sentence-transformers/all-MiniLM-L6-v2/c9745ed1d9f207416be6d2e6f8de32d1f16199bf/config_sentence_transformers.json "HTTP/1.1 200 OK"
INFO:httpx:HTTP Request: HEAD https://huggingface.co/sentence-transformers/all-MiniLM-L6-v2/resolve/main/config_sentence_transformers.json "HTTP/1.1 307 Temporary Redirect"
INFO:httpx:HTTP Request: HEAD https://huggingface.co/api/resolve-cache/models/sentence-transformers/all-MiniLM-L6-v2/c9745ed1d9f207416be6d2e6f8de32d1f16199bf/config_sentence_transformers.json "HTTP/1.1 200 OK"
INFO:httpx:HTTP Request: HEAD https://huggingface.co/sentence-transformers/all-MiniLM-L6-v2/resolve/main/README.md "HTTP/1.1 307 Temporary Redirect"
INFO:httpx:HTTP Request: HEAD https://huggingface.co/api/resolve-cache/models/sentence-transformers/all-MiniLM-L6-v2/c9745ed1d9f207416be6d2e6f8de32d1f16199bf/README.md "HTTP/1.1 200 OK"
INFO:httpx:HTTP Request: HEAD https://huggingface.co/sentence-transformers/all-MiniLM-L6-v2/resolve/main/modules.json "HTTP/1.1 307 Temporary Redirect"
INFO:httpx:HTTP Request: HEAD https://huggingface.co/api/resolve-cache/models/sentence-transformers/all-MiniLM-L6-v2/c9745ed1d9f207416be6d2e6f8de32d1f16199bf/modules.json "HTTP/1.1 200 OK"
INFO:httpx:HTTP Request: HEAD https://huggingface.co/sentence-transformers/all-MiniLM-L6-v2/resolve/main/sentence_bert_config.json "HTTP/1.1 307 Temporary Redirect"
INFO:httpx:HTTP Request: HEAD https://huggingface.co/api/resolve-cache/models/sentence-transformers/all-MiniLM-L6-v2/c9745ed1d9f207416be6d2e6f8de32d1f16199bf/sentence_bert_config.json "HTTP/1.1 200 OK"
INFO:httpx:HTTP Request: HEAD https://huggingface.co/sentence-transformers/all-MiniLM-L6-v2/resolve/main/adapter_config.json "HTTP/1.1 404 Not Found"
INFO:httpx:HTTP Request: HEAD https://huggingface.co/sentence-transformers/all-MiniLM-L6-v2/resolve/main/config.json "HTTP/1.1 307 Temporary Redirect"
INFO:httpx:HTTP Request: HEAD https://huggingface.co/api/resolve-cache/models/sentence-transformers/all-MiniLM-L6-v2/c9745ed1d9f207416be6d2e6f8de32d1f16199bf/config.json "HTTP/1.1 200 OK"
INFO:httpx:HTTP Request: HEAD https://huggingface.co/sentence-transformers/all-MiniLM-L6-v2/resolve/main/config.json "HTTP/1.1 307 Temporary Redirect"
INFO:httpx:HTTP Request: HEAD https://huggingface.co/api/resolve-cache/models/sentence-transformers/all-MiniLM-L6-v2/c9745ed1d9f207416be6d2e6f8de32d1f16199bf/config.json "HTTP/1.1 200 OK"
INFO:httpx:HTTP Request: HEAD https://huggingface.co/sentence-transformers/all-MiniLM-L6-v2/resolve/main/tokenizer_config.json "HTTP/1.1 307 Temporary Redirect"
WARNING:huggingface_hub.utils._http:Warning: You are sending unauthenticated requests to the HF Hub. Please set a HF_TOKEN to enable higher rate limits and faster downloads.
INFO:httpx:HTTP Request: HEAD https://huggingface.co/api/resolve-cache/models/sentence-transformers/all-MiniLM-L6-v2/c9745ed1d9f207416be6d2e6f8de32d1f16199bf/tokenizer_config.json "HTTP/1.1 200 OK"
INFO:httpx:HTTP Request: GET https://huggingface.co/api/models/sentence-transformers/all-MiniLM-L6-v2/tree/main/additional_chat_templates?recursive=false&expand=false "HTTP/1.1 404 Not Found"
INFO:httpx:HTTP Request: GET https://huggingface.co/api/models/sentence-transformers/all-MiniLM-L6-v2/tree/main?recursive=true&expand=false "HTTP/1.1 200 OK"
INFO:httpx:HTTP Request: HEAD https://huggingface.co/sentence-transformers/all-MiniLM-L6-v2/resolve/main/1_Pooling/config.json "HTTP/1.1 307 Temporary Redirect"
INFO:httpx:HTTP Request: HEAD https://huggingface.co/api/resolve-cache/models/sentence-transformers/all-MiniLM-L6-v2/c9745ed1d9f207416be6d2e6f8de32d1f16199bf/1_Pooling%2Fconfig.json "HTTP/1.1 200 OK"
INFO:httpx:HTTP Request: GET https://huggingface.co/api/models/sentence-transformers/all-MiniLM-L6-v2 "HTTP/1.1 200 OK"
INFO:app.services.semantic_classifier:Semantic model loaded successfully
WARNING:app.services.column_classifier:\u2717 Column 'Compte' partially matched 'account_code' (score: 42.0/100, below 44 threshold)
INFO:app.services.column_classifier:Processing column: 'Intitulé' \u2192 normalized: 'intitule'
INFO:app.services.column_classifier:\u2713 Mapped 'Intitulé' \u2192 'label' (confidence: 45.0%) [semantic=0.0, fuzzy=30.0, content=15.0]
INFO:app.services.column_classifier:Processing column: 'Solde ant Dbt (réf)' \u2192 normalized: 'solde ant dbt ref'
WARNING:app.services.column_classifier:\u2717 Column 'Solde ant Dbt (réf)' partially matched 'solde_debit' (score: 37.3/100, below 44 threshold)
INFO:app.services.column_classifier:Processing column: 'Solde ant Cdt (réf)' \u2192 normalized: 'solde ant cdt ref'
WARNING:app.services.column_classifier:\u2717 Column 'Solde ant Cdt (réf)' partially matched 'solde_credit' (score: 38.8/100, below 44 threshold)
INFO:app.services.column_classifier:Processing column: 'Débit période (réf)' \u2192 normalized: 'debit periode ref'
INFO:app.services.column_classifier:\u2713 Mapped 'Débit période (réf)' \u2192 'debit' (confidence: 60.5%) [semantic=27.0, fuzzy=13.5, content=20.0]
INFO:app.services.column_classifier:Processing column: 'Crédit période (réf)' \u2192 normalized: 'credit periode ref'
INFO:app.services.column_classifier:\u2713 Mapped 'Crédit période (réf)' \u2192 'credit' (confidence: 54.2%) [semantic=21.2, fuzzy=15.0, content=18.0]
INFO:app.services.column_classifier:Processing column: 'Solde pér Dbt (réf)' \u2192 normalized: 'solde per dbt ref'
INFO:app.services.column_classifier:\u2713 Mapped 'Solde pér Dbt (réf)' \u2192 'solde_final' (confidence: 47.5%) [semantic=12.5, fuzzy=15.0, content=20.0]
INFO:app.services.column_classifier:Processing column: 'Solde pér Cdt (réf)' \u2192 normalized: 'solde per cdt ref'
WARNING:app.services.column_classifier:\u2717 Column 'Solde pér Cdt (réf)' partially matched 'solde_credit' (score: 41.8/100, below 44 threshold)
INFO:app.services.column_classifier:Processing column: 'Solde fin Dbt (réf)' \u2192 normalized: 'solde fin dbt ref'
INFO:app.services.column_classifier:\u2713 Mapped 'Solde fin Dbt (réf)' \u2192 'solde_debit' (confidence: 45.8%) [semantic=7.2, fuzzy=18.6, content=20.0]
INFO:app.services.column_classifier:Processing column: 'Solde fin Cdt (réf)' \u2192 normalized: 'solde fin cdt ref'
WARNING:app.services.column_classifier:\u2717 Column 'Solde fin Cdt (réf)' partially matched 'solde_credit' (score: 41.1/100, below 44 threshold)
INFO:app.services.column_classifier:Validating and boosting confidence scores using content analysis...
INFO:app.services.column_classifier:Final column mapping: {'Compte': 'unknown', 'Intitulé': 'label', 'Solde ant Dbt (réf)': 'unknown', 'Solde ant Cdt (réf)': 'unknown', 'Débit période (réf)': 'debit', 'Crédit période (réf)': 'credit', 'Solde pér Dbt (réf)': 'solde_final', 'Solde pér Cdt (réf)': 'unknown', 'Solde fin Dbt (réf)': 'solde_debit', 'Solde fin Cdt (réf)': 'unknown'}
INFO:app.services.column_classifier:Confidence scores: [('Compte', '0.0%'), ('Intitulé', '48.8%'), ('Solde ant Dbt (réf)', '0.0%'), ('Solde ant Cdt (réf)', '0.0%'), ('Débit période (réf)', '65.5%'), ('Crédit période (réf)', '58.7%'), ('Solde pér Dbt (réf)', '52.5%'), ('Solde pér Cdt (réf)', '0.0%'), ('Solde fin Dbt (réf)', '50.8%'), ('Solde fin Cdt (réf)', '0.0%')]
INFO:app.services.csv_parsing_service:Column classification results with confidence:
INFO:app.services.csv_parsing_service:  'Compte' \u2192 'unknown' (confidence: 0.0%)
INFO:app.services.csv_parsing_service:  'Intitulé' \u2192 'label' (confidence: 48.8%)
INFO:app.services.csv_parsing_service:  'Solde ant Dbt (réf)' \u2192 'unknown' (confidence: 0.0%)
INFO:app.services.csv_parsing_service:  'Solde ant Cdt (réf)' \u2192 'unknown' (confidence: 0.0%)
INFO:app.services.csv_parsing_service:  'Débit période (réf)' \u2192 'debit' (confidence: 65.5%)
INFO:app.services.csv_parsing_service:  'Crédit période (réf)' \u2192 'credit' (confidence: 58.7%)
INFO:app.services.csv_parsing_service:  'Solde pér Dbt (réf)' \u2192 'solde_final' (confidence: 52.5%)
INFO:app.services.csv_parsing_service:  'Solde pér Cdt (réf)' \u2192 'unknown' (confidence: 0.0%)
INFO:app.services.csv_parsing_service:  'Solde fin Dbt (réf)' \u2192 'solde_debit' (confidence: 50.8%)
INFO:app.services.csv_parsing_service:  'Solde fin Cdt (réf)' \u2192 'unknown' (confidence: 0.0%)
INFO:app.services.data_extractor:Reverse mapping: {'label': ['Intitulé'], 'debit': ['Débit période (réf)'], 'credit': ['Crédit période (réf)'], 'solde_final': ['Solde pér Dbt (réf)'], 'solde_debit': ['Solde fin Dbt (réf)']}
INFO:app.services.data_extractor:DataFrame columns after renaming: ['Compte', 'label', 'Solde ant Dbt (réf)', 'Solde ant Cdt (réf)', 'debit', 'credit', 'solde_final', 'Solde pér Cdt (réf)', 'solde_debit', 'Solde fin Cdt (réf)']
INFO:app.services.data_extractor:DataFrame shape: (166, 10)
INFO:app.services.data_extractor:DataFrame sample:
     Compte                           label  ...          solde_debit  Solde fin Cdt (réf)
0    Compte                        Intitulé  ...  Solde fin Dbt (réf)  Solde fin Cdt (réf)
1  10100000                  CAPITAL SOCIAL  ...                    0             12400000
2  10900000  ACTIONNAIRE CAPITAL NON APPELE  ...                   10                    0
3  16210000                EMPRUNT BANCAIRE  ...                    0             21100000
4  16220000                 EMPRUNT LEASING  ...                    0           1298680,66

[5 rows x 10 columns]
ERROR:app.services.upload_service:Upload failed: Critical column 'account_code' not found. Available columns: ['Compte', 'label', 'Solde ant Dbt (réf)', 'Solde ant Cdt (réf)', 'debit', 'credit', 'solde_final', 'Solde pér Cdt (réf)', 'solde_debit', 'Solde fin Cdt (réf)']
Traceback (most recent call last):
  File "C:\Users\mayyara.haj-yahia\Travail\Project\financial_engine\backend\app\services\upload_service.py", line 39, in save_file_and_register
    validated_data = parse_csv(file.file, upload.id)
                     ^^^^^^^^^^^^^^^^^^^^^^^^^^^^^^^
  File "C:\Users\mayyara.haj-yahia\Travail\Project\financial_engine\backend\app\services\csv_parsing_service.py", line 40, in parse_csv
    extracted_data = extract_data(df, column_mapping)
                     ^^^^^^^^^^^^^^^^^^^^^^^^^^^^^^^^
  File "C:\Users\mayyara.haj-yahia\Travail\Project\financial_engine\backend\app\services\data_extractor.py", line 37, in extract_data
    raise ValueError(
ValueError: Critical column 'account_code' not found. Available columns: ['Compte', 'label', 'Solde ant Dbt (réf)', 'Solde ant Cdt (réf)', 'debit', 'credit', 'solde_final', 'Solde pér Cdt (réf)', 'solde_debit', 'Solde fin Cdt (réf)']
INFO:app.services.upload_service:File saved: app/uploads\F1773661755482_BAL(in).csv
INFO:app.services.upload_service:Upload registered with ID: 46
INFO:app.utils.helpers:Successfully decoded first line with latin1
INFO:app.utils.helpers:Detected delimiter: ';' from: {',': 0, ';': 9, '\t': 0, '|': 0}
INFO:app.utils.helpers:CSV read successfully: 166 rows, 10 columns
INFO:app.services.csv_parsing_service:Raw columns after reading CSV: ['col_0', 'col_1', 'col_2', 'col_3', 'col_4', 'col_5', 'col_6', 'col_7', 'col_8', 'col_9']
INFO:app.services.header_detector:Detected header at row 0: ['Compte', 'Intitulé', 'Solde ant Dbt (réf)', 'Solde ant Cdt (réf)', 'Débit période (réf)', 'Crédit période (réf)', 'Solde pér Dbt (réf)', 'Solde pér Cdt (réf)', 'Solde fin Dbt (réf)', 'Solde fin Cdt (réf)']
INFO:app.services.csv_parsing_service:Columns after filtering empty: ['Compte', 'Intitulé', 'Solde ant Dbt (réf)', 'Solde ant Cdt (réf)', 'Débit période (réf)', 'Crédit période (réf)', 'Solde pér Dbt (réf)', 'Solde pér Cdt (réf)', 'Solde fin Dbt (réf)', 'Solde fin Cdt (réf)']
INFO:app.services.csv_parsing_service:Starting NLP-based column classification with semantic matching...
INFO:app.services.column_classifier:Processing column: 'Compte' \u2192 normalized: 'compte'
INFO:app.services.semantic_classifier:Loading semantic model: sentence-transformers/all-MiniLM-L6-v2
INFO:sentence_transformers.SentenceTransformer:Use pytorch device_name: cpu
INFO:sentence_transformers.SentenceTransformer:Load pretrained SentenceTransformer: sentence-transformers/all-MiniLM-L6-v2
INFO:httpx:HTTP Request: HEAD https://huggingface.co/sentence-transformers/all-MiniLM-L6-v2/resolve/main/modules.json "HTTP/1.1 307 Temporary Redirect"
WARNING:huggingface_hub.utils._http:Warning: You are sending unauthenticated requests to the HF Hub. Please set a HF_TOKEN to enable higher rate limits and faster downloads.
INFO:httpx:HTTP Request: HEAD https://huggingface.co/api/resolve-cache/models/sentence-transformers/all-MiniLM-L6-v2/c9745ed1d9f207416be6d2e6f8de32d1f16199bf/modules.json "HTTP/1.1 200 OK"
INFO:httpx:HTTP Request: HEAD https://huggingface.co/sentence-transformers/all-MiniLM-L6-v2/resolve/main/config_sentence_transformers.json "HTTP/1.1 307 Temporary Redirect"
INFO:httpx:HTTP Request: HEAD https://huggingface.co/api/resolve-cache/models/sentence-transformers/all-MiniLM-L6-v2/c9745ed1d9f207416be6d2e6f8de32d1f16199bf/config_sentence_transformers.json "HTTP/1.1 200 OK"
INFO:httpx:HTTP Request: HEAD https://huggingface.co/sentence-transformers/all-MiniLM-L6-v2/resolve/main/config_sentence_transformers.json "HTTP/1.1 307 Temporary Redirect"
INFO:httpx:HTTP Request: HEAD https://huggingface.co/api/resolve-cache/models/sentence-transformers/all-MiniLM-L6-v2/c9745ed1d9f207416be6d2e6f8de32d1f16199bf/config_sentence_transformers.json "HTTP/1.1 200 OK"
INFO:httpx:HTTP Request: HEAD https://huggingface.co/sentence-transformers/all-MiniLM-L6-v2/resolve/main/README.md "HTTP/1.1 307 Temporary Redirect"
INFO:httpx:HTTP Request: HEAD https://huggingface.co/api/resolve-cache/models/sentence-transformers/all-MiniLM-L6-v2/c9745ed1d9f207416be6d2e6f8de32d1f16199bf/README.md "HTTP/1.1 200 OK"
INFO:httpx:HTTP Request: HEAD https://huggingface.co/sentence-transformers/all-MiniLM-L6-v2/resolve/main/modules.json "HTTP/1.1 307 Temporary Redirect"
INFO:httpx:HTTP Request: HEAD https://huggingface.co/api/resolve-cache/models/sentence-transformers/all-MiniLM-L6-v2/c9745ed1d9f207416be6d2e6f8de32d1f16199bf/modules.json "HTTP/1.1 200 OK"
INFO:httpx:HTTP Request: HEAD https://huggingface.co/sentence-transformers/all-MiniLM-L6-v2/resolve/main/sentence_bert_config.json "HTTP/1.1 307 Temporary Redirect"
INFO:httpx:HTTP Request: HEAD https://huggingface.co/api/resolve-cache/models/sentence-transformers/all-MiniLM-L6-v2/c9745ed1d9f207416be6d2e6f8de32d1f16199bf/sentence_bert_config.json "HTTP/1.1 200 OK"
INFO:httpx:HTTP Request: HEAD https://huggingface.co/sentence-transformers/all-MiniLM-L6-v2/resolve/main/adapter_config.json "HTTP/1.1 404 Not Found"
INFO:httpx:HTTP Request: HEAD https://huggingface.co/sentence-transformers/all-MiniLM-L6-v2/resolve/main/config.json "HTTP/1.1 307 Temporary Redirect"
INFO:httpx:HTTP Request: HEAD https://huggingface.co/api/resolve-cache/models/sentence-transformers/all-MiniLM-L6-v2/c9745ed1d9f207416be6d2e6f8de32d1f16199bf/config.json "HTTP/1.1 200 OK"
INFO:httpx:HTTP Request: HEAD https://huggingface.co/sentence-transformers/all-MiniLM-L6-v2/resolve/main/config.json "HTTP/1.1 307 Temporary Redirect"
INFO:httpx:HTTP Request: HEAD https://huggingface.co/api/resolve-cache/models/sentence-transformers/all-MiniLM-L6-v2/c9745ed1d9f207416be6d2e6f8de32d1f16199bf/config.json "HTTP/1.1 200 OK"
INFO:httpx:HTTP Request: HEAD https://huggingface.co/sentence-transformers/all-MiniLM-L6-v2/resolve/main/tokenizer_config.json "HTTP/1.1 307 Temporary Redirect"
INFO:httpx:HTTP Request: HEAD https://huggingface.co/api/resolve-cache/models/sentence-transformers/all-MiniLM-L6-v2/c9745ed1d9f207416be6d2e6f8de32d1f16199bf/tokenizer_config.json "HTTP/1.1 200 OK"
INFO:httpx:HTTP Request: GET https://huggingface.co/api/models/sentence-transformers/all-MiniLM-L6-v2/tree/main/additional_chat_templates?recursive=false&expand=false "HTTP/1.1 404 Not Found"
INFO:httpx:HTTP Request: GET https://huggingface.co/api/models/sentence-transformers/all-MiniLM-L6-v2/tree/main?recursive=true&expand=false "HTTP/1.1 200 OK"
INFO:httpx:HTTP Request: HEAD https://huggingface.co/sentence-transformers/all-MiniLM-L6-v2/resolve/main/1_Pooling/config.json "HTTP/1.1 307 Temporary Redirect"
INFO:httpx:HTTP Request: HEAD https://huggingface.co/api/resolve-cache/models/sentence-transformers/all-MiniLM-L6-v2/c9745ed1d9f207416be6d2e6f8de32d1f16199bf/1_Pooling%2Fconfig.json "HTTP/1.1 200 OK"
INFO:httpx:HTTP Request: GET https://huggingface.co/api/models/sentence-transformers/all-MiniLM-L6-v2 "HTTP/1.1 200 OK"
INFO:app.services.semantic_classifier:Semantic model loaded successfully
WARNING:app.services.column_classifier:\u2717 Column 'Compte' partially matched 'account_code' (score: 42.0/100, below 44 threshold)
INFO:app.services.column_classifier:Processing column: 'Intitulé' \u2192 normalized: 'intitule'
INFO:app.services.column_classifier:\u2713 Mapped 'Intitulé' \u2192 'label' (confidence: 45.0%) [semantic=0.0, fuzzy=30.0, content=15.0]
INFO:app.services.column_classifier:Processing column: 'Solde ant Dbt (réf)' \u2192 normalized: 'solde ant dbt ref'
WARNING:app.services.column_classifier:\u2717 Column 'Solde ant Dbt (réf)' partially matched 'solde_debit' (score: 37.3/100, below 44 threshold)
INFO:app.services.column_classifier:Processing column: 'Solde ant Cdt (réf)' \u2192 normalized: 'solde ant cdt ref'
WARNING:app.services.column_classifier:\u2717 Column 'Solde ant Cdt (réf)' partially matched 'solde_credit' (score: 38.8/100, below 44 threshold)
INFO:app.services.column_classifier:Processing column: 'Débit période (réf)' \u2192 normalized: 'debit periode ref'
INFO:app.services.column_classifier:\u2713 Mapped 'Débit période (réf)' \u2192 'debit' (confidence: 60.5%) [semantic=27.0, fuzzy=13.5, content=20.0]
INFO:app.services.column_classifier:Processing column: 'Crédit période (réf)' \u2192 normalized: 'credit periode ref'
INFO:app.services.column_classifier:\u2713 Mapped 'Crédit période (réf)' \u2192 'credit' (confidence: 54.2%) [semantic=21.2, fuzzy=15.0, content=18.0]
INFO:app.services.column_classifier:Processing column: 'Solde pér Dbt (réf)' \u2192 normalized: 'solde per dbt ref'
INFO:app.services.column_classifier:\u2713 Mapped 'Solde pér Dbt (réf)' \u2192 'solde_final' (confidence: 47.5%) [semantic=12.5, fuzzy=15.0, content=20.0]
INFO:app.services.column_classifier:Processing column: 'Solde pér Cdt (réf)' \u2192 normalized: 'solde per cdt ref'
WARNING:app.services.column_classifier:\u2717 Column 'Solde pér Cdt (réf)' partially matched 'solde_credit' (score: 41.8/100, below 44 threshold)
INFO:app.services.column_classifier:Processing column: 'Solde fin Dbt (réf)' \u2192 normalized: 'solde fin dbt ref'
INFO:app.services.column_classifier:\u2713 Mapped 'Solde fin Dbt (réf)' \u2192 'solde_debit' (confidence: 45.8%) [semantic=7.2, fuzzy=18.6, content=20.0]
INFO:app.services.column_classifier:Processing column: 'Solde fin Cdt (réf)' \u2192 normalized: 'solde fin cdt ref'
WARNING:app.services.column_classifier:\u2717 Column 'Solde fin Cdt (réf)' partially matched 'solde_credit' (score: 41.1/100, below 44 threshold)
INFO:app.services.column_classifier:Validating and boosting confidence scores using content analysis...
INFO:app.services.column_classifier:Final column mapping: {'Compte': 'unknown', 'Intitulé': 'label', 'Solde ant Dbt (réf)': 'unknown', 'Solde ant Cdt (réf)': 'unknown', 'Débit période (réf)': 'debit', 'Crédit période (réf)': 'credit', 'Solde pér Dbt (réf)': 'solde_final', 'Solde pér Cdt (réf)': 'unknown', 'Solde fin Dbt (réf)': 'solde_debit', 'Solde fin Cdt (réf)': 'unknown'}
INFO:app.services.column_classifier:Confidence scores: [('Compte', '0.0%'), ('Intitulé', '48.8%'), ('Solde ant Dbt (réf)', '0.0%'), ('Solde ant Cdt (réf)', '0.0%'), ('Débit période (réf)', '65.5%'), ('Crédit période (réf)', '58.7%'), ('Solde pér Dbt (réf)', '52.5%'), ('Solde pér Cdt (réf)', '0.0%'), ('Solde fin Dbt (réf)', '50.8%'), ('Solde fin Cdt (réf)', '0.0%')]
INFO:app.services.csv_parsing_service:Column classification results with confidence:
INFO:app.services.csv_parsing_service:  'Compte' \u2192 'unknown' (confidence: 0.0%)
INFO:app.services.csv_parsing_service:  'Intitulé' \u2192 'label' (confidence: 48.8%)
INFO:app.services.csv_parsing_service:  'Solde ant Dbt (réf)' \u2192 'unknown' (confidence: 0.0%)
INFO:app.services.csv_parsing_service:  'Solde ant Cdt (réf)' \u2192 'unknown' (confidence: 0.0%)
INFO:app.services.csv_parsing_service:  'Débit période (réf)' \u2192 'debit' (confidence: 65.5%)
INFO:app.services.csv_parsing_service:  'Crédit période (réf)' \u2192 'credit' (confidence: 58.7%)
INFO:app.services.csv_parsing_service:  'Solde pér Dbt (réf)' \u2192 'solde_final' (confidence: 52.5%)
INFO:app.services.csv_parsing_service:  'Solde pér Cdt (réf)' \u2192 'unknown' (confidence: 0.0%)
INFO:app.services.csv_parsing_service:  'Solde fin Dbt (réf)' \u2192 'solde_debit' (confidence: 50.8%)
INFO:app.services.csv_parsing_service:  'Solde fin Cdt (réf)' \u2192 'unknown' (confidence: 0.0%)
INFO:app.services.data_extractor:Reverse mapping: {'label': ['Intitulé'], 'debit': ['Débit période (réf)'], 'credit': ['Crédit période (réf)'], 'solde_final': ['Solde pér Dbt (réf)'], 'solde_debit': ['Solde fin Dbt (réf)']}
INFO:app.services.data_extractor:DataFrame columns after renaming: ['Compte', 'label', 'Solde ant Dbt (réf)', 'Solde ant Cdt (réf)', 'debit', 'credit', 'solde_final', 'Solde pér Cdt (réf)', 'solde_debit', 'Solde fin Cdt (réf)']
INFO:app.services.data_extractor:DataFrame shape: (166, 10)
INFO:app.services.data_extractor:DataFrame sample:
     Compte                           label  ...          solde_debit  Solde fin Cdt (réf)
0    Compte                        Intitulé  ...  Solde fin Dbt (réf)  Solde fin Cdt (réf)
1  10100000                  CAPITAL SOCIAL  ...                    0             12400000
2  10900000  ACTIONNAIRE CAPITAL NON APPELE  ...                   10                    0
3  16210000                EMPRUNT BANCAIRE  ...                    0             21100000
4  16220000                 EMPRUNT LEASING  ...                    0           1298680,66

[5 rows x 10 columns]
ERROR:app.services.upload_service:Upload failed: Critical column 'account_code' not found. Available columns: ['Compte', 'label', 'Solde ant Dbt (réf)', 'Solde ant Cdt (réf)', 'debit', 'credit', 'solde_final', 'Solde pér Cdt (réf)', 'solde_debit', 'Solde fin Cdt (réf)']
Traceback (most recent call last):
  File "C:\Users\mayyara.haj-yahia\Travail\Project\financial_engine\backend\app\services\upload_service.py", line 39, in save_file_and_register
    validated_data = parse_csv(file.file, upload.id)
                     ^^^^^^^^^^^^^^^^^^^^^^^^^^^^^^^
  File "C:\Users\mayyara.haj-yahia\Travail\Project\financial_engine\backend\app\services\csv_parsing_service.py", line 40, in parse_csv
    extracted_data = extract_data(df, column_mapping)
                     ^^^^^^^^^^^^^^^^^^^^^^^^^^^^^^^^
  File "C:\Users\mayyara.haj-yahia\Travail\Project\financial_engine\backend\app\services\data_extractor.py", line 37, in extract_data
    raise ValueError(
ValueError: Critical column 'account_code' not found. Available columns: ['Compte', 'label', 'Solde ant Dbt (réf)', 'Solde ant Cdt (réf)', 'debit', 'credit', 'solde_final', 'Solde pér Cdt (réf)', 'solde_debit', 'Solde fin Cdt (réf)']
INFO:app.services.upload_service:File saved: app/uploads\F1773661755482_BAL(in).csv
INFO:app.services.upload_service:Upload registered with ID: 47
INFO:app.services.upload_service:Starting to parse upload 46: F1773661755482_BAL(in).csv
INFO:app.utils.helpers:Successfully decoded first line with latin1
INFO:app.utils.helpers:Detected delimiter: ';' from: {',': 0, ';': 9, '\t': 0, '|': 0}
INFO:app.utils.helpers:CSV read successfully: 166 rows, 10 columns
INFO:app.services.csv_parsing_service:Raw columns after reading CSV: ['col_0', 'col_1', 'col_2', 'col_3', 'col_4', 'col_5', 'col_6', 'col_7', 'col_8', 'col_9']
INFO:app.services.header_detector:Detected header at row 0: ['Compte', 'Intitulé', 'Solde ant Dbt (réf)', 'Solde ant Cdt (réf)', 'Débit période (réf)', 'Crédit période (réf)', 'Solde pér Dbt (réf)', 'Solde pér Cdt (réf)', 'Solde fin Dbt (réf)', 'Solde fin Cdt (réf)']
INFO:app.services.csv_parsing_service:Preparing DataFrame: normalizing column names and data...
INFO:app.services.preparation_service:Starting DataFrame preparation...
INFO:app.services.preparation_service:Normalized column names: {'Compte': 'compte', 'Intitulé': 'intitule', 'Solde ant Dbt (réf)': 'solde ant dbt ref', 'Solde ant Cdt (réf)': 'solde ant cdt ref', 'Débit période (réf)': 'debit periode ref', 'Crédit période (réf)': 'credit periode ref', 'Solde pér Dbt (réf)': 'solde per dbt ref', 'Solde pér Cdt (réf)': 'solde per cdt ref', 'Solde fin Dbt (réf)': 'solde fin dbt ref', 'Solde fin Cdt (réf)': 'solde fin cdt ref'}
INFO:app.services.preparation_service:Removed empty columns. Remaining: ['compte', 'intitule', 'solde ant dbt ref', 'solde ant cdt ref', 'debit periode ref', 'credit periode ref', 'solde per dbt ref', 'solde per cdt ref', 'solde fin dbt ref', 'solde fin cdt ref']
INFO:app.services.preparation_service:DataFrame preparation complete
INFO:app.services.csv_parsing_service:Columns after preparation: ['compte', 'intitule', 'solde ant dbt ref', 'solde ant cdt ref', 'debit periode ref', 'credit periode ref', 'solde per dbt ref', 'solde per cdt ref', 'solde fin dbt ref', 'solde fin cdt ref']
INFO:app.services.csv_parsing_service:Starting NLP-based column classification with semantic matching...
INFO:app.services.column_classifier:Processing column: 'compte' \u2192 normalized: 'compte'
INFO:app.services.semantic_classifier:Loading semantic model: sentence-transformers/all-MiniLM-L6-v2
INFO:sentence_transformers.SentenceTransformer:Use pytorch device_name: cpu
INFO:sentence_transformers.SentenceTransformer:Load pretrained SentenceTransformer: sentence-transformers/all-MiniLM-L6-v2
INFO:httpx:HTTP Request: HEAD https://huggingface.co/sentence-transformers/all-MiniLM-L6-v2/resolve/main/modules.json "HTTP/1.1 307 Temporary Redirect"
INFO:httpx:HTTP Request: HEAD https://huggingface.co/api/resolve-cache/models/sentence-transformers/all-MiniLM-L6-v2/c9745ed1d9f207416be6d2e6f8de32d1f16199bf/modules.json "HTTP/1.1 200 OK"
INFO:httpx:HTTP Request: HEAD https://huggingface.co/sentence-transformers/all-MiniLM-L6-v2/resolve/main/config_sentence_transformers.json "HTTP/1.1 307 Temporary Redirect"
WARNING:huggingface_hub.utils._http:Warning: You are sending unauthenticated requests to the HF Hub. Please set a HF_TOKEN to enable higher rate limits and faster downloads.
INFO:httpx:HTTP Request: HEAD https://huggingface.co/api/resolve-cache/models/sentence-transformers/all-MiniLM-L6-v2/c9745ed1d9f207416be6d2e6f8de32d1f16199bf/config_sentence_transformers.json "HTTP/1.1 200 OK"
INFO:httpx:HTTP Request: HEAD https://huggingface.co/sentence-transformers/all-MiniLM-L6-v2/resolve/main/config_sentence_transformers.json "HTTP/1.1 307 Temporary Redirect"
INFO:httpx:HTTP Request: HEAD https://huggingface.co/api/resolve-cache/models/sentence-transformers/all-MiniLM-L6-v2/c9745ed1d9f207416be6d2e6f8de32d1f16199bf/config_sentence_transformers.json "HTTP/1.1 200 OK"
INFO:httpx:HTTP Request: HEAD https://huggingface.co/sentence-transformers/all-MiniLM-L6-v2/resolve/main/README.md "HTTP/1.1 307 Temporary Redirect"
INFO:httpx:HTTP Request: HEAD https://huggingface.co/api/resolve-cache/models/sentence-transformers/all-MiniLM-L6-v2/c9745ed1d9f207416be6d2e6f8de32d1f16199bf/README.md "HTTP/1.1 200 OK"
INFO:httpx:HTTP Request: HEAD https://huggingface.co/sentence-transformers/all-MiniLM-L6-v2/resolve/main/modules.json "HTTP/1.1 307 Temporary Redirect"
INFO:httpx:HTTP Request: HEAD https://huggingface.co/api/resolve-cache/models/sentence-transformers/all-MiniLM-L6-v2/c9745ed1d9f207416be6d2e6f8de32d1f16199bf/modules.json "HTTP/1.1 200 OK"
INFO:httpx:HTTP Request: HEAD https://huggingface.co/sentence-transformers/all-MiniLM-L6-v2/resolve/main/sentence_bert_config.json "HTTP/1.1 307 Temporary Redirect"
INFO:httpx:HTTP Request: HEAD https://huggingface.co/api/resolve-cache/models/sentence-transformers/all-MiniLM-L6-v2/c9745ed1d9f207416be6d2e6f8de32d1f16199bf/sentence_bert_config.json "HTTP/1.1 200 OK"
INFO:httpx:HTTP Request: HEAD https://huggingface.co/sentence-transformers/all-MiniLM-L6-v2/resolve/main/adapter_config.json "HTTP/1.1 404 Not Found"
INFO:httpx:HTTP Request: HEAD https://huggingface.co/sentence-transformers/all-MiniLM-L6-v2/resolve/main/config.json "HTTP/1.1 307 Temporary Redirect"
INFO:httpx:HTTP Request: HEAD https://huggingface.co/api/resolve-cache/models/sentence-transformers/all-MiniLM-L6-v2/c9745ed1d9f207416be6d2e6f8de32d1f16199bf/config.json "HTTP/1.1 200 OK"
INFO:httpx:HTTP Request: HEAD https://huggingface.co/sentence-transformers/all-MiniLM-L6-v2/resolve/main/config.json "HTTP/1.1 307 Temporary Redirect"
INFO:httpx:HTTP Request: HEAD https://huggingface.co/api/resolve-cache/models/sentence-transformers/all-MiniLM-L6-v2/c9745ed1d9f207416be6d2e6f8de32d1f16199bf/config.json "HTTP/1.1 200 OK"
INFO:httpx:HTTP Request: HEAD https://huggingface.co/sentence-transformers/all-MiniLM-L6-v2/resolve/main/tokenizer_config.json "HTTP/1.1 307 Temporary Redirect"
INFO:httpx:HTTP Request: HEAD https://huggingface.co/api/resolve-cache/models/sentence-transformers/all-MiniLM-L6-v2/c9745ed1d9f207416be6d2e6f8de32d1f16199bf/tokenizer_config.json "HTTP/1.1 200 OK"
INFO:httpx:HTTP Request: GET https://huggingface.co/api/models/sentence-transformers/all-MiniLM-L6-v2/tree/main/additional_chat_templates?recursive=false&expand=false "HTTP/1.1 404 Not Found"
INFO:httpx:HTTP Request: GET https://huggingface.co/api/models/sentence-transformers/all-MiniLM-L6-v2/tree/main?recursive=true&expand=false "HTTP/1.1 200 OK"
INFO:httpx:HTTP Request: HEAD https://huggingface.co/sentence-transformers/all-MiniLM-L6-v2/resolve/main/1_Pooling/config.json "HTTP/1.1 307 Temporary Redirect"
INFO:httpx:HTTP Request: HEAD https://huggingface.co/api/resolve-cache/models/sentence-transformers/all-MiniLM-L6-v2/c9745ed1d9f207416be6d2e6f8de32d1f16199bf/1_Pooling%2Fconfig.json "HTTP/1.1 200 OK"
INFO:httpx:HTTP Request: GET https://huggingface.co/api/models/sentence-transformers/all-MiniLM-L6-v2 "HTTP/1.1 200 OK"
INFO:app.services.semantic_classifier:Semantic model loaded successfully
WARNING:app.services.column_classifier:\u2717 Column 'compte' partially matched 'account_code' (score: 42.0/100, below 44 threshold)
INFO:app.services.column_classifier:Processing column: 'intitule' \u2192 normalized: 'intitule'
INFO:app.services.column_classifier:\u2713 Mapped 'intitule' \u2192 'label' (confidence: 45.0%) [semantic=0.0, fuzzy=30.0, content=15.0]
INFO:app.services.column_classifier:Processing column: 'solde ant dbt ref' \u2192 normalized: 'solde ant dbt ref'
WARNING:app.services.column_classifier:\u2717 Column 'solde ant dbt ref' partially matched 'solde_debit' (score: 37.3/100, below 44 threshold)
INFO:app.services.column_classifier:Processing column: 'solde ant cdt ref' \u2192 normalized: 'solde ant cdt ref'
WARNING:app.services.column_classifier:\u2717 Column 'solde ant cdt ref' partially matched 'solde_credit' (score: 38.8/100, below 44 threshold)
INFO:app.services.column_classifier:Processing column: 'debit periode ref' \u2192 normalized: 'debit periode ref'
INFO:app.services.column_classifier:\u2713 Mapped 'debit periode ref' \u2192 'debit' (confidence: 57.5%) [semantic=27.0, fuzzy=13.5, content=17.0]
INFO:app.services.column_classifier:Processing column: 'credit periode ref' \u2192 normalized: 'credit periode ref'
INFO:app.services.column_classifier:\u2713 Mapped 'credit periode ref' \u2192 'credit' (confidence: 51.2%) [semantic=21.2, fuzzy=15.0, content=15.0]
INFO:app.services.column_classifier:Processing column: 'solde per dbt ref' \u2192 normalized: 'solde per dbt ref'
INFO:app.services.column_classifier:\u2713 Mapped 'solde per dbt ref' \u2192 'solde_final' (confidence: 44.5%) [semantic=12.5, fuzzy=15.0, content=17.0]
INFO:app.services.column_classifier:Processing column: 'solde per cdt ref' \u2192 normalized: 'solde per cdt ref'
WARNING:app.services.column_classifier:\u2717 Column 'solde per cdt ref' partially matched 'solde_credit' (score: 41.8/100, below 44 threshold)
INFO:app.services.column_classifier:Processing column: 'solde fin dbt ref' \u2192 normalized: 'solde fin dbt ref'
WARNING:app.services.column_classifier:\u2717 Column 'solde fin dbt ref' partially matched 'solde_debit' (score: 42.8/100, below 44 threshold)
INFO:app.services.column_classifier:Processing column: 'solde fin cdt ref' \u2192 normalized: 'solde fin cdt ref'
WARNING:app.services.column_classifier:\u2717 Column 'solde fin cdt ref' partially matched 'solde_credit' (score: 41.1/100, below 44 threshold)
INFO:app.services.column_classifier:Validating and boosting confidence scores using content analysis...
INFO:app.services.column_classifier:Final column mapping: {'compte': 'unknown', 'intitule': 'label', 'solde ant dbt ref': 'unknown', 'solde ant cdt ref': 'unknown', 'debit periode ref': 'debit', 'credit periode ref': 'credit', 'solde per dbt ref': 'solde_final', 'solde per cdt ref': 'unknown', 'solde fin dbt ref': 'unknown', 'solde fin cdt ref': 'unknown'}
INFO:app.services.column_classifier:Confidence scores: [('compte', '0.0%'), ('intitule', '48.8%'), ('solde ant dbt ref', '0.0%'), ('solde ant cdt ref', '0.0%'), ('debit periode ref', '61.8%'), ('credit periode ref', '54.9%'), ('solde per dbt ref', '48.8%'), ('solde per cdt ref', '0.0%'), ('solde fin dbt ref', '0.0%'), ('solde fin cdt ref', '0.0%')]
INFO:app.services.csv_parsing_service:Column classification results with confidence:
INFO:app.services.csv_parsing_service:  'compte' \u2192 'unknown' (confidence: 0.0%)
INFO:app.services.csv_parsing_service:  'intitule' \u2192 'label' (confidence: 48.8%)
INFO:app.services.csv_parsing_service:  'solde ant dbt ref' \u2192 'unknown' (confidence: 0.0%)
INFO:app.services.csv_parsing_service:  'solde ant cdt ref' \u2192 'unknown' (confidence: 0.0%)
INFO:app.services.csv_parsing_service:  'debit periode ref' \u2192 'debit' (confidence: 61.8%)
INFO:app.services.csv_parsing_service:  'credit periode ref' \u2192 'credit' (confidence: 54.9%)
INFO:app.services.csv_parsing_service:  'solde per dbt ref' \u2192 'solde_final' (confidence: 48.8%)
INFO:app.services.csv_parsing_service:  'solde per cdt ref' \u2192 'unknown' (confidence: 0.0%)
INFO:app.services.csv_parsing_service:  'solde fin dbt ref' \u2192 'unknown' (confidence: 0.0%)
INFO:app.services.csv_parsing_service:  'solde fin cdt ref' \u2192 'unknown' (confidence: 0.0%)
INFO:app.services.data_extractor:Reverse mapping: {'label': ['intitule'], 'debit': ['debit periode ref'], 'credit': ['credit periode ref'], 'solde_final': ['solde per dbt ref']}
INFO:app.services.data_extractor:DataFrame columns after renaming: ['compte', 'label', 'solde ant dbt ref', 'solde ant cdt ref', 'debit', 'credit', 'solde_final', 'solde per cdt ref', 'solde fin dbt ref', 'solde fin cdt ref']
INFO:app.services.data_extractor:DataFrame shape: (166, 10)
INFO:app.services.data_extractor:DataFrame sample:
     compte                           label  solde ant dbt ref  ...  solde per cdt ref  solde fin dbt ref  solde fin cdt ref
0    compte                        intitule  solde ant dbt ref  ...  solde per cdt ref  solde fin dbt ref  solde fin cdt ref
1  10100000                  capital social                  0  ...           12400000                  0           12400000
2  10900000  actionnaire capital non appele                  0  ...                  0                 10                  0
3  16210000                emprunt bancaire                  0  ...           21100000                  0           21100000
4  16220000                 emprunt leasing                  0  ...          129868066                  0          129868066

[5 rows x 10 columns]
ERROR:app.services.upload_service:Parse failed for upload 46: Critical column 'account_code' not found. Available columns: ['compte', 'label', 'solde ant dbt ref', 'solde ant cdt ref', 'debit', 'credit', 'solde_final', 'solde per cdt ref', 'solde fin dbt ref', 'solde fin cdt ref']
Traceback (most recent call last):
  File "C:\Users\mayyara.haj-yahia\Travail\Project\financial_engine\backend\app\services\upload_service.py", line 89, in parse_csv_file
    validated_data = parse_csv(f, upload_id)
                     ^^^^^^^^^^^^^^^^^^^^^^^
  File "C:\Users\mayyara.haj-yahia\Travail\Project\financial_engine\backend\app\services\csv_parsing_service.py", line 46, in parse_csv
    extracted_data = extract_data(df, column_mapping)
                     ^^^^^^^^^^^^^^^^^^^^^^^^^^^^^^^^
  File "C:\Users\mayyara.haj-yahia\Travail\Project\financial_engine\backend\app\services\data_extractor.py", line 37, in extract_data
    raise ValueError(
ValueError: Critical column 'account_code' not found. Available columns: ['compte', 'label', 'solde ant dbt ref', 'solde ant cdt ref', 'debit', 'credit', 'solde_final', 'solde per cdt ref', 'solde fin dbt ref', 'solde fin cdt ref']
INFO:app.services.upload_service:Starting to parse upload 43: balance_2021_utf.csv
ERROR:app.services.upload_service:Parse failed for upload 43: [Errno 2] No such file or directory: 'app/uploads\\balance_2021_utf.csv'
Traceback (most recent call last):
  File "C:\Users\mayyara.haj-yahia\Travail\Project\financial_engine\backend\app\services\upload_service.py", line 88, in parse_csv_file
    with open(upload.file_path, "rb") as f:
         ^^^^^^^^^^^^^^^^^^^^^^^^^^^^
FileNotFoundError: [Errno 2] No such file or directory: 'app/uploads\\balance_2021_utf.csv'
INFO:app.services.upload_service:Starting to parse upload 43: balance_2021_utf.csv
ERROR:app.services.upload_service:Parse failed for upload 43: [Errno 2] No such file or directory: 'app/uploads\\balance_2021_utf.csv'
Traceback (most recent call last):
  File "C:\Users\mayyara.haj-yahia\Travail\Project\financial_engine\backend\app\services\upload_service.py", line 88, in parse_csv_file
    with open(upload.file_path, "rb") as f:
         ^^^^^^^^^^^^^^^^^^^^^^^^^^^^
FileNotFoundError: [Errno 2] No such file or directory: 'app/uploads\\balance_2021_utf.csv'
INFO:app.services.upload_service:File saved: app/uploads\balance_2021_utf.csv
INFO:app.services.upload_service:Upload registered with ID: 48
INFO:app.services.upload_service:Starting to parse upload 48: balance_2021_utf.csv
INFO:app.utils.helpers:Successfully decoded first line with utf-8
INFO:app.utils.helpers:Detected delimiter: ';' from: {',': 0, ';': 6, '\t': 0, '|': 0}
INFO:app.utils.helpers:CSV read successfully: 106 rows, 7 columns
INFO:app.services.csv_parsing_service:Raw columns after reading CSV: ['col_0', 'col_1', 'col_2', 'col_3', 'col_4', 'col_5', 'col_6']
INFO:app.services.header_detector:Detected header at row 2: ['N°', 'Libellé écriture', 'Solde Final', '', '', '', '']
INFO:app.services.csv_parsing_service:Preparing DataFrame: normalizing column names and data...
INFO:app.services.preparation_service:Starting DataFrame preparation...
INFO:app.services.preparation_service:Normalized column names: {'N°': 'n', 'Libellé écriture': 'libelle ecriture', 'Solde Final': 'solde final', '': ''}
INFO:app.services.preparation_service:Removed empty columns. Remaining: ['n', 'libelle ecriture', 'solde final']
INFO:app.services.preparation_service:DataFrame preparation complete
INFO:app.services.csv_parsing_service:Columns after preparation: ['n', 'libelle ecriture', 'solde final']
INFO:app.services.csv_parsing_service:Starting NLP-based column classification with semantic matching...
INFO:app.services.column_classifier:Processing column: 'n' \u2192 normalized: 'n'
INFO:app.services.semantic_classifier:Loading semantic model: sentence-transformers/all-MiniLM-L6-v2
INFO:sentence_transformers.SentenceTransformer:Use pytorch device_name: cpu
INFO:sentence_transformers.SentenceTransformer:Load pretrained SentenceTransformer: sentence-transformers/all-MiniLM-L6-v2
INFO:httpx:HTTP Request: HEAD https://huggingface.co/sentence-transformers/all-MiniLM-L6-v2/resolve/main/modules.json "HTTP/1.1 307 Temporary Redirect"
INFO:httpx:HTTP Request: HEAD https://huggingface.co/api/resolve-cache/models/sentence-transformers/all-MiniLM-L6-v2/c9745ed1d9f207416be6d2e6f8de32d1f16199bf/modules.json "HTTP/1.1 200 OK"
INFO:httpx:HTTP Request: HEAD https://huggingface.co/sentence-transformers/all-MiniLM-L6-v2/resolve/main/config_sentence_transformers.json "HTTP/1.1 307 Temporary Redirect"
INFO:httpx:HTTP Request: HEAD https://huggingface.co/api/resolve-cache/models/sentence-transformers/all-MiniLM-L6-v2/c9745ed1d9f207416be6d2e6f8de32d1f16199bf/config_sentence_transformers.json "HTTP/1.1 200 OK"
INFO:httpx:HTTP Request: HEAD https://huggingface.co/sentence-transformers/all-MiniLM-L6-v2/resolve/main/config_sentence_transformers.json "HTTP/1.1 307 Temporary Redirect"
INFO:httpx:HTTP Request: HEAD https://huggingface.co/api/resolve-cache/models/sentence-transformers/all-MiniLM-L6-v2/c9745ed1d9f207416be6d2e6f8de32d1f16199bf/config_sentence_transformers.json "HTTP/1.1 200 OK"
INFO:httpx:HTTP Request: HEAD https://huggingface.co/sentence-transformers/all-MiniLM-L6-v2/resolve/main/README.md "HTTP/1.1 307 Temporary Redirect"
INFO:httpx:HTTP Request: HEAD https://huggingface.co/api/resolve-cache/models/sentence-transformers/all-MiniLM-L6-v2/c9745ed1d9f207416be6d2e6f8de32d1f16199bf/README.md "HTTP/1.1 200 OK"
INFO:httpx:HTTP Request: HEAD https://huggingface.co/sentence-transformers/all-MiniLM-L6-v2/resolve/main/modules.json "HTTP/1.1 307 Temporary Redirect"
INFO:httpx:HTTP Request: HEAD https://huggingface.co/api/resolve-cache/models/sentence-transformers/all-MiniLM-L6-v2/c9745ed1d9f207416be6d2e6f8de32d1f16199bf/modules.json "HTTP/1.1 200 OK"
INFO:httpx:HTTP Request: HEAD https://huggingface.co/sentence-transformers/all-MiniLM-L6-v2/resolve/main/sentence_bert_config.json "HTTP/1.1 307 Temporary Redirect"
WARNING:huggingface_hub.utils._http:Warning: You are sending unauthenticated requests to the HF Hub. Please set a HF_TOKEN to enable higher rate limits and faster downloads.
INFO:httpx:HTTP Request: HEAD https://huggingface.co/api/resolve-cache/models/sentence-transformers/all-MiniLM-L6-v2/c9745ed1d9f207416be6d2e6f8de32d1f16199bf/sentence_bert_config.json "HTTP/1.1 200 OK"
INFO:httpx:HTTP Request: HEAD https://huggingface.co/sentence-transformers/all-MiniLM-L6-v2/resolve/main/adapter_config.json "HTTP/1.1 404 Not Found"
INFO:httpx:HTTP Request: HEAD https://huggingface.co/sentence-transformers/all-MiniLM-L6-v2/resolve/main/config.json "HTTP/1.1 307 Temporary Redirect"
INFO:httpx:HTTP Request: HEAD https://huggingface.co/api/resolve-cache/models/sentence-transformers/all-MiniLM-L6-v2/c9745ed1d9f207416be6d2e6f8de32d1f16199bf/config.json "HTTP/1.1 200 OK"
INFO:httpx:HTTP Request: HEAD https://huggingface.co/sentence-transformers/all-MiniLM-L6-v2/resolve/main/config.json "HTTP/1.1 307 Temporary Redirect"
INFO:httpx:HTTP Request: HEAD https://huggingface.co/api/resolve-cache/models/sentence-transformers/all-MiniLM-L6-v2/c9745ed1d9f207416be6d2e6f8de32d1f16199bf/config.json "HTTP/1.1 200 OK"
INFO:httpx:HTTP Request: HEAD https://huggingface.co/sentence-transformers/all-MiniLM-L6-v2/resolve/main/tokenizer_config.json "HTTP/1.1 307 Temporary Redirect"
INFO:httpx:HTTP Request: HEAD https://huggingface.co/api/resolve-cache/models/sentence-transformers/all-MiniLM-L6-v2/c9745ed1d9f207416be6d2e6f8de32d1f16199bf/tokenizer_config.json "HTTP/1.1 200 OK"
INFO:httpx:HTTP Request: GET https://huggingface.co/api/models/sentence-transformers/all-MiniLM-L6-v2/tree/main/additional_chat_templates?recursive=false&expand=false "HTTP/1.1 404 Not Found"
INFO:httpx:HTTP Request: GET https://huggingface.co/api/models/sentence-transformers/all-MiniLM-L6-v2/tree/main?recursive=true&expand=false "HTTP/1.1 200 OK"
INFO:httpx:HTTP Request: HEAD https://huggingface.co/sentence-transformers/all-MiniLM-L6-v2/resolve/main/1_Pooling/config.json "HTTP/1.1 307 Temporary Redirect"
INFO:httpx:HTTP Request: HEAD https://huggingface.co/api/resolve-cache/models/sentence-transformers/all-MiniLM-L6-v2/c9745ed1d9f207416be6d2e6f8de32d1f16199bf/1_Pooling%2Fconfig.json "HTTP/1.1 200 OK"
INFO:httpx:HTTP Request: GET https://huggingface.co/api/models/sentence-transformers/all-MiniLM-L6-v2 "HTTP/1.1 200 OK"
INFO:app.services.semantic_classifier:Semantic model loaded successfully
INFO:app.services.column_classifier:\u2713 Mapped 'n' \u2192 'account_code' (confidence: 44.7%) [semantic=2.7, fuzzy=30.0, content=12.0]
INFO:app.services.column_classifier:Processing column: 'libelle ecriture' \u2192 normalized: 'libelle ecriture'
INFO:app.services.column_classifier:\u2713 Mapped 'libelle ecriture' \u2192 'label' (confidence: 46.3%) [semantic=1.3, fuzzy=30.0, content=15.0]
INFO:app.services.column_classifier:Processing column: 'solde final' \u2192 normalized: 'solde final'
WARNING:app.services.column_classifier:\u2717 Column 'solde final' partially matched 'solde_final' (score: 40.8/100, below 44 threshold)
INFO:app.services.column_classifier:Validating and boosting confidence scores using content analysis...
INFO:app.services.column_classifier:Final column mapping: {'n': 'account_code', 'libelle ecriture': 'label', 'solde final': 'unknown'}
INFO:app.services.column_classifier:Confidence scores: [('n', '44.7%'), ('libelle ecriture', '50.1%'), ('solde final', '0.0%')]
INFO:app.services.csv_parsing_service:Column classification results with confidence:
INFO:app.services.csv_parsing_service:  'n' \u2192 'account_code' (confidence: 44.7%)
INFO:app.services.csv_parsing_service:  'libelle ecriture' \u2192 'label' (confidence: 50.1%)
INFO:app.services.csv_parsing_service:  'solde final' \u2192 'unknown' (confidence: 0.0%)
INFO:app.services.data_extractor:Reverse mapping: {'account_code': ['n'], 'label': ['libelle ecriture']}
INFO:app.services.data_extractor:DataFrame columns after renaming: ['account_code', 'label', 'solde final']
INFO:app.services.data_extractor:DataFrame shape: (106, 3)
INFO:app.services.data_extractor:DataFrame sample:
   account_code             label  solde final
0  balance 2021                               
1                                             
2             n  libelle ecriture  solde final
3      10100000           capital     1 000000
4      11100000    reserve legale             
INFO:app.services.data_extractor:Rows before filtering: 106
INFO:app.services.data_extractor:Rows after filtering: 100
INFO:app.services.data_extractor:Sample data:
   account_code               label  solde final
0  balance 2021                                 
2             n    libelle ecriture  solde final
3      10100000             capital     1 000000
4      11100000      reserve legale             
5      12100000  resultats reportes   150 000000
INFO:app.services.data_extractor:Successfully extracted 100 records
INFO:root:Upload 48: Encoding=UTF-8-SIG, Delimiter=;, Columns={'n': 'account_code', 'libelle ecriture': 'label', 'solde final': 'unknown'}, Confidence_Scores={'n': 44.7%, 'libelle ecriture': 50.1%, 'solde final': 0.0%}
INFO:app.services.upload_service:Upload 48: 98 accounts inserted. Detected columns: ['account_code', 'label', 'solde final']
INFO:app.services.upload_service:File saved: app/uploads\F1773661755482_BAL(in).csv
INFO:app.services.upload_service:Upload registered with ID: 49
INFO:app.services.upload_service:Starting to parse upload 49: F1773661755482_BAL(in).csv
INFO:app.utils.helpers:Successfully decoded first line with latin1
INFO:app.utils.helpers:Detected delimiter: ';' from: {',': 0, ';': 9, '\t': 0, '|': 0}
INFO:app.utils.helpers:CSV read successfully: 166 rows, 10 columns
INFO:app.services.csv_parsing_service:Raw columns after reading CSV: ['col_0', 'col_1', 'col_2', 'col_3', 'col_4', 'col_5', 'col_6', 'col_7', 'col_8', 'col_9']
INFO:app.services.header_detector:Detected header at row 0: ['Compte', 'Intitulé', 'Solde ant Dbt (réf)', 'Solde ant Cdt (réf)', 'Débit période (réf)', 'Crédit période (réf)', 'Solde pér Dbt (réf)', 'Solde pér Cdt (réf)', 'Solde fin Dbt (réf)', 'Solde fin Cdt (réf)']
INFO:app.services.csv_parsing_service:Preparing DataFrame: normalizing column names and data...
INFO:app.services.preparation_service:Starting DataFrame preparation...
INFO:app.services.preparation_service:Normalized column names: {'Compte': 'compte', 'Intitulé': 'intitule', 'Solde ant Dbt (réf)': 'solde ant dbt ref', 'Solde ant Cdt (réf)': 'solde ant cdt ref', 'Débit période (réf)': 'debit periode ref', 'Crédit période (réf)': 'credit periode ref', 'Solde pér Dbt (réf)': 'solde per dbt ref', 'Solde pér Cdt (réf)': 'solde per cdt ref', 'Solde fin Dbt (réf)': 'solde fin dbt ref', 'Solde fin Cdt (réf)': 'solde fin cdt ref'}
INFO:app.services.preparation_service:Removed empty columns. Remaining: ['compte', 'intitule', 'solde ant dbt ref', 'solde ant cdt ref', 'debit periode ref', 'credit periode ref', 'solde per dbt ref', 'solde per cdt ref', 'solde fin dbt ref', 'solde fin cdt ref']
INFO:app.services.preparation_service:DataFrame preparation complete
INFO:app.services.csv_parsing_service:Columns after preparation: ['compte', 'intitule', 'solde ant dbt ref', 'solde ant cdt ref', 'debit periode ref', 'credit periode ref', 'solde per dbt ref', 'solde per cdt ref', 'solde fin dbt ref', 'solde fin cdt ref']
INFO:app.services.csv_parsing_service:Starting NLP-based column classification with semantic matching...
INFO:app.services.column_classifier:Processing column: 'compte' \u2192 normalized: 'compte'
INFO:app.services.semantic_classifier:Loading semantic model: sentence-transformers/all-MiniLM-L6-v2
INFO:sentence_transformers.SentenceTransformer:Use pytorch device_name: cpu
INFO:sentence_transformers.SentenceTransformer:Load pretrained SentenceTransformer: sentence-transformers/all-MiniLM-L6-v2
INFO:httpx:HTTP Request: HEAD https://huggingface.co/sentence-transformers/all-MiniLM-L6-v2/resolve/main/modules.json "HTTP/1.1 307 Temporary Redirect"
INFO:httpx:HTTP Request: HEAD https://huggingface.co/api/resolve-cache/models/sentence-transformers/all-MiniLM-L6-v2/c9745ed1d9f207416be6d2e6f8de32d1f16199bf/modules.json "HTTP/1.1 200 OK"
INFO:httpx:HTTP Request: HEAD https://huggingface.co/sentence-transformers/all-MiniLM-L6-v2/resolve/main/config_sentence_transformers.json "HTTP/1.1 307 Temporary Redirect"
WARNING:huggingface_hub.utils._http:Warning: You are sending unauthenticated requests to the HF Hub. Please set a HF_TOKEN to enable higher rate limits and faster downloads.
INFO:httpx:HTTP Request: HEAD https://huggingface.co/api/resolve-cache/models/sentence-transformers/all-MiniLM-L6-v2/c9745ed1d9f207416be6d2e6f8de32d1f16199bf/config_sentence_transformers.json "HTTP/1.1 200 OK"
INFO:httpx:HTTP Request: HEAD https://huggingface.co/sentence-transformers/all-MiniLM-L6-v2/resolve/main/config_sentence_transformers.json "HTTP/1.1 307 Temporary Redirect"
INFO:httpx:HTTP Request: HEAD https://huggingface.co/api/resolve-cache/models/sentence-transformers/all-MiniLM-L6-v2/c9745ed1d9f207416be6d2e6f8de32d1f16199bf/config_sentence_transformers.json "HTTP/1.1 200 OK"
INFO:httpx:HTTP Request: HEAD https://huggingface.co/sentence-transformers/all-MiniLM-L6-v2/resolve/main/README.md "HTTP/1.1 307 Temporary Redirect"
INFO:httpx:HTTP Request: HEAD https://huggingface.co/api/resolve-cache/models/sentence-transformers/all-MiniLM-L6-v2/c9745ed1d9f207416be6d2e6f8de32d1f16199bf/README.md "HTTP/1.1 200 OK"
INFO:httpx:HTTP Request: HEAD https://huggingface.co/sentence-transformers/all-MiniLM-L6-v2/resolve/main/modules.json "HTTP/1.1 307 Temporary Redirect"
INFO:httpx:HTTP Request: HEAD https://huggingface.co/api/resolve-cache/models/sentence-transformers/all-MiniLM-L6-v2/c9745ed1d9f207416be6d2e6f8de32d1f16199bf/modules.json "HTTP/1.1 200 OK"
INFO:httpx:HTTP Request: HEAD https://huggingface.co/sentence-transformers/all-MiniLM-L6-v2/resolve/main/sentence_bert_config.json "HTTP/1.1 307 Temporary Redirect"
INFO:httpx:HTTP Request: HEAD https://huggingface.co/api/resolve-cache/models/sentence-transformers/all-MiniLM-L6-v2/c9745ed1d9f207416be6d2e6f8de32d1f16199bf/sentence_bert_config.json "HTTP/1.1 200 OK"
INFO:httpx:HTTP Request: HEAD https://huggingface.co/sentence-transformers/all-MiniLM-L6-v2/resolve/main/adapter_config.json "HTTP/1.1 404 Not Found"
INFO:httpx:HTTP Request: HEAD https://huggingface.co/sentence-transformers/all-MiniLM-L6-v2/resolve/main/config.json "HTTP/1.1 307 Temporary Redirect"
INFO:httpx:HTTP Request: HEAD https://huggingface.co/api/resolve-cache/models/sentence-transformers/all-MiniLM-L6-v2/c9745ed1d9f207416be6d2e6f8de32d1f16199bf/config.json "HTTP/1.1 200 OK"
INFO:httpx:HTTP Request: HEAD https://huggingface.co/sentence-transformers/all-MiniLM-L6-v2/resolve/main/config.json "HTTP/1.1 307 Temporary Redirect"
INFO:httpx:HTTP Request: HEAD https://huggingface.co/api/resolve-cache/models/sentence-transformers/all-MiniLM-L6-v2/c9745ed1d9f207416be6d2e6f8de32d1f16199bf/config.json "HTTP/1.1 200 OK"
INFO:httpx:HTTP Request: HEAD https://huggingface.co/sentence-transformers/all-MiniLM-L6-v2/resolve/main/tokenizer_config.json "HTTP/1.1 307 Temporary Redirect"
INFO:httpx:HTTP Request: HEAD https://huggingface.co/api/resolve-cache/models/sentence-transformers/all-MiniLM-L6-v2/c9745ed1d9f207416be6d2e6f8de32d1f16199bf/tokenizer_config.json "HTTP/1.1 200 OK"
INFO:httpx:HTTP Request: GET https://huggingface.co/api/models/sentence-transformers/all-MiniLM-L6-v2/tree/main/additional_chat_templates?recursive=false&expand=false "HTTP/1.1 404 Not Found"
INFO:httpx:HTTP Request: GET https://huggingface.co/api/models/sentence-transformers/all-MiniLM-L6-v2/tree/main?recursive=true&expand=false "HTTP/1.1 200 OK"
INFO:httpx:HTTP Request: HEAD https://huggingface.co/sentence-transformers/all-MiniLM-L6-v2/resolve/main/1_Pooling/config.json "HTTP/1.1 307 Temporary Redirect"
INFO:httpx:HTTP Request: HEAD https://huggingface.co/api/resolve-cache/models/sentence-transformers/all-MiniLM-L6-v2/c9745ed1d9f207416be6d2e6f8de32d1f16199bf/1_Pooling%2Fconfig.json "HTTP/1.1 200 OK"
INFO:httpx:HTTP Request: GET https://huggingface.co/api/models/sentence-transformers/all-MiniLM-L6-v2 "HTTP/1.1 200 OK"
INFO:app.services.semantic_classifier:Semantic model loaded successfully
WARNING:app.services.column_classifier:\u2717 Column 'compte' partially matched 'account_code' (score: 42.0/100, below 44 threshold)
INFO:app.services.column_classifier:Processing column: 'intitule' \u2192 normalized: 'intitule'
INFO:app.services.column_classifier:\u2713 Mapped 'intitule' \u2192 'label' (confidence: 45.0%) [semantic=0.0, fuzzy=30.0, content=15.0]
INFO:app.services.column_classifier:Processing column: 'solde ant dbt ref' \u2192 normalized: 'solde ant dbt ref'
WARNING:app.services.column_classifier:\u2717 Column 'solde ant dbt ref' partially matched 'solde_debit' (score: 37.3/100, below 44 threshold)
INFO:app.services.column_classifier:Processing column: 'solde ant cdt ref' \u2192 normalized: 'solde ant cdt ref'
WARNING:app.services.column_classifier:\u2717 Column 'solde ant cdt ref' partially matched 'solde_credit' (score: 38.8/100, below 44 threshold)
INFO:app.services.column_classifier:Processing column: 'debit periode ref' \u2192 normalized: 'debit periode ref'
INFO:app.services.column_classifier:\u2713 Mapped 'debit periode ref' \u2192 'debit' (confidence: 57.5%) [semantic=27.0, fuzzy=13.5, content=17.0]
INFO:app.services.column_classifier:Processing column: 'credit periode ref' \u2192 normalized: 'credit periode ref'
INFO:app.services.column_classifier:\u2713 Mapped 'credit periode ref' \u2192 'credit' (confidence: 51.2%) [semantic=21.2, fuzzy=15.0, content=15.0]
INFO:app.services.column_classifier:Processing column: 'solde per dbt ref' \u2192 normalized: 'solde per dbt ref'
INFO:app.services.column_classifier:\u2713 Mapped 'solde per dbt ref' \u2192 'solde_final' (confidence: 44.5%) [semantic=12.5, fuzzy=15.0, content=17.0]
INFO:app.services.column_classifier:Processing column: 'solde per cdt ref' \u2192 normalized: 'solde per cdt ref'
WARNING:app.services.column_classifier:\u2717 Column 'solde per cdt ref' partially matched 'solde_credit' (score: 41.8/100, below 44 threshold)
INFO:app.services.column_classifier:Processing column: 'solde fin dbt ref' \u2192 normalized: 'solde fin dbt ref'
WARNING:app.services.column_classifier:\u2717 Column 'solde fin dbt ref' partially matched 'solde_debit' (score: 42.8/100, below 44 threshold)
INFO:app.services.column_classifier:Processing column: 'solde fin cdt ref' \u2192 normalized: 'solde fin cdt ref'
WARNING:app.services.column_classifier:\u2717 Column 'solde fin cdt ref' partially matched 'solde_credit' (score: 41.1/100, below 44 threshold)
INFO:app.services.column_classifier:Validating and boosting confidence scores using content analysis...
INFO:app.services.column_classifier:Final column mapping: {'compte': 'unknown', 'intitule': 'label', 'solde ant dbt ref': 'unknown', 'solde ant cdt ref': 'unknown', 'debit periode ref': 'debit', 'credit periode ref': 'credit', 'solde per dbt ref': 'solde_final', 'solde per cdt ref': 'unknown', 'solde fin dbt ref': 'unknown', 'solde fin cdt ref': 'unknown'}
INFO:app.services.column_classifier:Confidence scores: [('compte', '0.0%'), ('intitule', '48.8%'), ('solde ant dbt ref', '0.0%'), ('solde ant cdt ref', '0.0%'), ('debit periode ref', '61.8%'), ('credit periode ref', '54.9%'), ('solde per dbt ref', '48.8%'), ('solde per cdt ref', '0.0%'), ('solde fin dbt ref', '0.0%'), ('solde fin cdt ref', '0.0%')]
INFO:app.services.csv_parsing_service:Column classification results with confidence:
INFO:app.services.csv_parsing_service:  'compte' \u2192 'unknown' (confidence: 0.0%)
INFO:app.services.csv_parsing_service:  'intitule' \u2192 'label' (confidence: 48.8%)
INFO:app.services.csv_parsing_service:  'solde ant dbt ref' \u2192 'unknown' (confidence: 0.0%)
INFO:app.services.csv_parsing_service:  'solde ant cdt ref' \u2192 'unknown' (confidence: 0.0%)
INFO:app.services.csv_parsing_service:  'debit periode ref' \u2192 'debit' (confidence: 61.8%)
INFO:app.services.csv_parsing_service:  'credit periode ref' \u2192 'credit' (confidence: 54.9%)
INFO:app.services.csv_parsing_service:  'solde per dbt ref' \u2192 'solde_final' (confidence: 48.8%)
INFO:app.services.csv_parsing_service:  'solde per cdt ref' \u2192 'unknown' (confidence: 0.0%)
INFO:app.services.csv_parsing_service:  'solde fin dbt ref' \u2192 'unknown' (confidence: 0.0%)
INFO:app.services.csv_parsing_service:  'solde fin cdt ref' \u2192 'unknown' (confidence: 0.0%)
INFO:app.services.data_extractor:Reverse mapping: {'label': ['intitule'], 'debit': ['debit periode ref'], 'credit': ['credit periode ref'], 'solde_final': ['solde per dbt ref']}
INFO:app.services.data_extractor:DataFrame columns after renaming: ['compte', 'label', 'solde ant dbt ref', 'solde ant cdt ref', 'debit', 'credit', 'solde_final', 'solde per cdt ref', 'solde fin dbt ref', 'solde fin cdt ref']
INFO:app.services.data_extractor:DataFrame shape: (166, 10)
INFO:app.services.data_extractor:DataFrame sample:
     compte                           label  solde ant dbt ref  ...  solde per cdt ref  solde fin dbt ref  solde fin cdt ref
0    compte                        intitule  solde ant dbt ref  ...  solde per cdt ref  solde fin dbt ref  solde fin cdt ref
1  10100000                  capital social                  0  ...           12400000                  0           12400000
2  10900000  actionnaire capital non appele                  0  ...                  0                 10                  0
3  16210000                emprunt bancaire                  0  ...           21100000                  0           21100000
4  16220000                 emprunt leasing                  0  ...          129868066                  0          129868066

[5 rows x 10 columns]
ERROR:app.services.upload_service:Parse failed for upload 49: Critical column 'account_code' not found. Available columns: ['compte', 'label', 'solde ant dbt ref', 'solde ant cdt ref', 'debit', 'credit', 'solde_final', 'solde per cdt ref', 'solde fin dbt ref', 'solde fin cdt ref']
Traceback (most recent call last):
  File "C:\Users\mayyara.haj-yahia\Travail\Project\financial_engine\backend\app\services\upload_service.py", line 89, in parse_csv_file
    validated_data = parse_csv(f, upload_id)
                     ^^^^^^^^^^^^^^^^^^^^^^^
  File "C:\Users\mayyara.haj-yahia\Travail\Project\financial_engine\backend\app\services\csv_parsing_service.py", line 46, in parse_csv
    extracted_data = extract_data(df, column_mapping)
                     ^^^^^^^^^^^^^^^^^^^^^^^^^^^^^^^^
  File "C:\Users\mayyara.haj-yahia\Travail\Project\financial_engine\backend\app\services\data_extractor.py", line 37, in extract_data
    raise ValueError(
ValueError: Critical column 'account_code' not found. Available columns: ['compte', 'label', 'solde ant dbt ref', 'solde ant cdt ref', 'debit', 'credit', 'solde_final', 'solde per cdt ref', 'solde fin dbt ref', 'solde fin cdt ref']
INFO:app.services.upload_service:Starting to parse upload 49: F1773661755482_BAL(in).csv
INFO:app.utils.helpers:Successfully decoded first line with latin1
INFO:app.utils.helpers:Detected delimiter: ';' from: {',': 0, ';': 9, '\t': 0, '|': 0}
INFO:app.utils.helpers:CSV read successfully: 166 rows, 10 columns
INFO:app.services.csv_parsing_service:Raw columns after reading CSV: ['col_0', 'col_1', 'col_2', 'col_3', 'col_4', 'col_5', 'col_6', 'col_7', 'col_8', 'col_9']
INFO:app.services.header_detector:Detected header at row 0: ['Compte', 'Intitulé', 'Solde ant Dbt (réf)', 'Solde ant Cdt (réf)', 'Débit période (réf)', 'Crédit période (réf)', 'Solde pér Dbt (réf)', 'Solde pér Cdt (réf)', 'Solde fin Dbt (réf)', 'Solde fin Cdt (réf)']
INFO:app.services.csv_parsing_service:Preparing DataFrame: normalizing column names and data...
INFO:app.services.preparation_service:Starting DataFrame preparation...
INFO:app.services.preparation_service:Normalized column names: {'Compte': 'compte', 'Intitulé': 'intitule', 'Solde ant Dbt (réf)': 'solde ant dbt ref', 'Solde ant Cdt (réf)': 'solde ant cdt ref', 'Débit période (réf)': 'debit periode ref', 'Crédit période (réf)': 'credit periode ref', 'Solde pér Dbt (réf)': 'solde per dbt ref', 'Solde pér Cdt (réf)': 'solde per cdt ref', 'Solde fin Dbt (réf)': 'solde fin dbt ref', 'Solde fin Cdt (réf)': 'solde fin cdt ref'}
INFO:app.services.preparation_service:Removed empty columns. Remaining: ['compte', 'intitule', 'solde ant dbt ref', 'solde ant cdt ref', 'debit periode ref', 'credit periode ref', 'solde per dbt ref', 'solde per cdt ref', 'solde fin dbt ref', 'solde fin cdt ref']
INFO:app.services.preparation_service:DataFrame preparation complete
INFO:app.services.csv_parsing_service:Columns after preparation: ['compte', 'intitule', 'solde ant dbt ref', 'solde ant cdt ref', 'debit periode ref', 'credit periode ref', 'solde per dbt ref', 'solde per cdt ref', 'solde fin dbt ref', 'solde fin cdt ref']
INFO:app.services.csv_parsing_service:Starting NLP-based column classification with semantic matching...
INFO:app.services.column_classifier:Processing column: 'compte' \u2192 normalized: 'compte'
INFO:app.services.semantic_classifier:Loading semantic model: sentence-transformers/all-MiniLM-L6-v2
INFO:sentence_transformers.SentenceTransformer:Use pytorch device_name: cpu
INFO:sentence_transformers.SentenceTransformer:Load pretrained SentenceTransformer: sentence-transformers/all-MiniLM-L6-v2
INFO:httpx:HTTP Request: HEAD https://huggingface.co/sentence-transformers/all-MiniLM-L6-v2/resolve/main/modules.json "HTTP/1.1 307 Temporary Redirect"
WARNING:huggingface_hub.utils._http:Warning: You are sending unauthenticated requests to the HF Hub. Please set a HF_TOKEN to enable higher rate limits and faster downloads.
INFO:httpx:HTTP Request: HEAD https://huggingface.co/api/resolve-cache/models/sentence-transformers/all-MiniLM-L6-v2/c9745ed1d9f207416be6d2e6f8de32d1f16199bf/modules.json "HTTP/1.1 200 OK"
INFO:httpx:HTTP Request: HEAD https://huggingface.co/sentence-transformers/all-MiniLM-L6-v2/resolve/main/config_sentence_transformers.json "HTTP/1.1 307 Temporary Redirect"
INFO:httpx:HTTP Request: HEAD https://huggingface.co/api/resolve-cache/models/sentence-transformers/all-MiniLM-L6-v2/c9745ed1d9f207416be6d2e6f8de32d1f16199bf/config_sentence_transformers.json "HTTP/1.1 200 OK"
INFO:httpx:HTTP Request: HEAD https://huggingface.co/sentence-transformers/all-MiniLM-L6-v2/resolve/main/config_sentence_transformers.json "HTTP/1.1 307 Temporary Redirect"
INFO:httpx:HTTP Request: HEAD https://huggingface.co/api/resolve-cache/models/sentence-transformers/all-MiniLM-L6-v2/c9745ed1d9f207416be6d2e6f8de32d1f16199bf/config_sentence_transformers.json "HTTP/1.1 200 OK"
INFO:httpx:HTTP Request: HEAD https://huggingface.co/sentence-transformers/all-MiniLM-L6-v2/resolve/main/README.md "HTTP/1.1 307 Temporary Redirect"
INFO:httpx:HTTP Request: HEAD https://huggingface.co/api/resolve-cache/models/sentence-transformers/all-MiniLM-L6-v2/c9745ed1d9f207416be6d2e6f8de32d1f16199bf/README.md "HTTP/1.1 200 OK"
INFO:httpx:HTTP Request: HEAD https://huggingface.co/sentence-transformers/all-MiniLM-L6-v2/resolve/main/modules.json "HTTP/1.1 307 Temporary Redirect"
INFO:httpx:HTTP Request: HEAD https://huggingface.co/api/resolve-cache/models/sentence-transformers/all-MiniLM-L6-v2/c9745ed1d9f207416be6d2e6f8de32d1f16199bf/modules.json "HTTP/1.1 200 OK"
INFO:httpx:HTTP Request: HEAD https://huggingface.co/sentence-transformers/all-MiniLM-L6-v2/resolve/main/sentence_bert_config.json "HTTP/1.1 307 Temporary Redirect"
INFO:httpx:HTTP Request: HEAD https://huggingface.co/api/resolve-cache/models/sentence-transformers/all-MiniLM-L6-v2/c9745ed1d9f207416be6d2e6f8de32d1f16199bf/sentence_bert_config.json "HTTP/1.1 200 OK"
INFO:httpx:HTTP Request: HEAD https://huggingface.co/sentence-transformers/all-MiniLM-L6-v2/resolve/main/adapter_config.json "HTTP/1.1 404 Not Found"
INFO:httpx:HTTP Request: HEAD https://huggingface.co/sentence-transformers/all-MiniLM-L6-v2/resolve/main/config.json "HTTP/1.1 307 Temporary Redirect"
INFO:httpx:HTTP Request: HEAD https://huggingface.co/api/resolve-cache/models/sentence-transformers/all-MiniLM-L6-v2/c9745ed1d9f207416be6d2e6f8de32d1f16199bf/config.json "HTTP/1.1 200 OK"
INFO:httpx:HTTP Request: HEAD https://huggingface.co/sentence-transformers/all-MiniLM-L6-v2/resolve/main/config.json "HTTP/1.1 307 Temporary Redirect"
INFO:httpx:HTTP Request: HEAD https://huggingface.co/api/resolve-cache/models/sentence-transformers/all-MiniLM-L6-v2/c9745ed1d9f207416be6d2e6f8de32d1f16199bf/config.json "HTTP/1.1 200 OK"
INFO:httpx:HTTP Request: HEAD https://huggingface.co/sentence-transformers/all-MiniLM-L6-v2/resolve/main/tokenizer_config.json "HTTP/1.1 307 Temporary Redirect"
INFO:httpx:HTTP Request: HEAD https://huggingface.co/api/resolve-cache/models/sentence-transformers/all-MiniLM-L6-v2/c9745ed1d9f207416be6d2e6f8de32d1f16199bf/tokenizer_config.json "HTTP/1.1 200 OK"
INFO:httpx:HTTP Request: GET https://huggingface.co/api/models/sentence-transformers/all-MiniLM-L6-v2/tree/main/additional_chat_templates?recursive=false&expand=false "HTTP/1.1 404 Not Found"
INFO:httpx:HTTP Request: GET https://huggingface.co/api/models/sentence-transformers/all-MiniLM-L6-v2/tree/main?recursive=true&expand=false "HTTP/1.1 200 OK"
INFO:httpx:HTTP Request: HEAD https://huggingface.co/sentence-transformers/all-MiniLM-L6-v2/resolve/main/1_Pooling/config.json "HTTP/1.1 307 Temporary Redirect"
INFO:httpx:HTTP Request: HEAD https://huggingface.co/api/resolve-cache/models/sentence-transformers/all-MiniLM-L6-v2/c9745ed1d9f207416be6d2e6f8de32d1f16199bf/1_Pooling%2Fconfig.json "HTTP/1.1 200 OK"
INFO:httpx:HTTP Request: GET https://huggingface.co/api/models/sentence-transformers/all-MiniLM-L6-v2 "HTTP/1.1 200 OK"
INFO:app.services.semantic_classifier:Semantic model loaded successfully
WARNING:app.services.column_classifier:\u2717 Column 'compte' partially matched 'account_code' (score: 42.0/100, below 44 threshold)
INFO:app.services.column_classifier:Processing column: 'intitule' \u2192 normalized: 'intitule'
INFO:app.services.column_classifier:\u2713 Mapped 'intitule' \u2192 'label' (confidence: 45.0%) [semantic=0.0, fuzzy=30.0, content=15.0]
INFO:app.services.column_classifier:Processing column: 'solde ant dbt ref' \u2192 normalized: 'solde ant dbt ref'
WARNING:app.services.column_classifier:\u2717 Column 'solde ant dbt ref' partially matched 'solde_debit' (score: 37.3/100, below 44 threshold)
INFO:app.services.column_classifier:Processing column: 'solde ant cdt ref' \u2192 normalized: 'solde ant cdt ref'
WARNING:app.services.column_classifier:\u2717 Column 'solde ant cdt ref' partially matched 'solde_credit' (score: 38.8/100, below 44 threshold)
INFO:app.services.column_classifier:Processing column: 'debit periode ref' \u2192 normalized: 'debit periode ref'
INFO:app.services.column_classifier:\u2713 Mapped 'debit periode ref' \u2192 'debit' (confidence: 57.5%) [semantic=27.0, fuzzy=13.5, content=17.0]
INFO:app.services.column_classifier:Processing column: 'credit periode ref' \u2192 normalized: 'credit periode ref'
INFO:app.services.column_classifier:\u2713 Mapped 'credit periode ref' \u2192 'credit' (confidence: 51.2%) [semantic=21.2, fuzzy=15.0, content=15.0]
INFO:app.services.column_classifier:Processing column: 'solde per dbt ref' \u2192 normalized: 'solde per dbt ref'
INFO:app.services.column_classifier:\u2713 Mapped 'solde per dbt ref' \u2192 'solde_final' (confidence: 44.5%) [semantic=12.5, fuzzy=15.0, content=17.0]
INFO:app.services.column_classifier:Processing column: 'solde per cdt ref' \u2192 normalized: 'solde per cdt ref'
WARNING:app.services.column_classifier:\u2717 Column 'solde per cdt ref' partially matched 'solde_credit' (score: 41.8/100, below 44 threshold)
INFO:app.services.column_classifier:Processing column: 'solde fin dbt ref' \u2192 normalized: 'solde fin dbt ref'
WARNING:app.services.column_classifier:\u2717 Column 'solde fin dbt ref' partially matched 'solde_debit' (score: 42.8/100, below 44 threshold)
INFO:app.services.column_classifier:Processing column: 'solde fin cdt ref' \u2192 normalized: 'solde fin cdt ref'
WARNING:app.services.column_classifier:\u2717 Column 'solde fin cdt ref' partially matched 'solde_credit' (score: 41.1/100, below 44 threshold)
INFO:app.services.column_classifier:Validating and boosting confidence scores using content analysis...
INFO:app.services.column_classifier:Final column mapping: {'compte': 'unknown', 'intitule': 'label', 'solde ant dbt ref': 'unknown', 'solde ant cdt ref': 'unknown', 'debit periode ref': 'debit', 'credit periode ref': 'credit', 'solde per dbt ref': 'solde_final', 'solde per cdt ref': 'unknown', 'solde fin dbt ref': 'unknown', 'solde fin cdt ref': 'unknown'}
INFO:app.services.column_classifier:Confidence scores: [('compte', '0.0%'), ('intitule', '48.8%'), ('solde ant dbt ref', '0.0%'), ('solde ant cdt ref', '0.0%'), ('debit periode ref', '61.8%'), ('credit periode ref', '54.9%'), ('solde per dbt ref', '48.8%'), ('solde per cdt ref', '0.0%'), ('solde fin dbt ref', '0.0%'), ('solde fin cdt ref', '0.0%')]
INFO:app.services.csv_parsing_service:Column classification results with confidence:
INFO:app.services.csv_parsing_service:  'compte' \u2192 'unknown' (confidence: 0.0%)
INFO:app.services.csv_parsing_service:  'intitule' \u2192 'label' (confidence: 48.8%)
INFO:app.services.csv_parsing_service:  'solde ant dbt ref' \u2192 'unknown' (confidence: 0.0%)
INFO:app.services.csv_parsing_service:  'solde ant cdt ref' \u2192 'unknown' (confidence: 0.0%)
INFO:app.services.csv_parsing_service:  'debit periode ref' \u2192 'debit' (confidence: 61.8%)
INFO:app.services.csv_parsing_service:  'credit periode ref' \u2192 'credit' (confidence: 54.9%)
INFO:app.services.csv_parsing_service:  'solde per dbt ref' \u2192 'solde_final' (confidence: 48.8%)
INFO:app.services.csv_parsing_service:  'solde per cdt ref' \u2192 'unknown' (confidence: 0.0%)
INFO:app.services.csv_parsing_service:  'solde fin dbt ref' \u2192 'unknown' (confidence: 0.0%)
INFO:app.services.csv_parsing_service:  'solde fin cdt ref' \u2192 'unknown' (confidence: 0.0%)
INFO:app.services.data_extractor:Reverse mapping: {'label': ['intitule'], 'debit': ['debit periode ref'], 'credit': ['credit periode ref'], 'solde_final': ['solde per dbt ref']}
INFO:app.services.data_extractor:DataFrame columns after renaming: ['compte', 'label', 'solde ant dbt ref', 'solde ant cdt ref', 'debit', 'credit', 'solde_final', 'solde per cdt ref', 'solde fin dbt ref', 'solde fin cdt ref']
INFO:app.services.data_extractor:DataFrame shape: (166, 10)
INFO:app.services.data_extractor:DataFrame sample:
     compte                           label  solde ant dbt ref  ...  solde per cdt ref  solde fin dbt ref  solde fin cdt ref
0    compte                        intitule  solde ant dbt ref  ...  solde per cdt ref  solde fin dbt ref  solde fin cdt ref
1  10100000                  capital social                  0  ...           12400000                  0           12400000
2  10900000  actionnaire capital non appele                  0  ...                  0                 10                  0
3  16210000                emprunt bancaire                  0  ...           21100000                  0           21100000
4  16220000                 emprunt leasing                  0  ...          129868066                  0          129868066

[5 rows x 10 columns]
ERROR:app.services.upload_service:Parse failed for upload 49: Critical column 'account_code' not found. Available columns: ['compte', 'label', 'solde ant dbt ref', 'solde ant cdt ref', 'debit', 'credit', 'solde_final', 'solde per cdt ref', 'solde fin dbt ref', 'solde fin cdt ref']
Traceback (most recent call last):
  File "C:\Users\mayyara.haj-yahia\Travail\Project\financial_engine\backend\app\services\upload_service.py", line 89, in parse_csv_file
    validated_data = parse_csv(f, upload_id)
                     ^^^^^^^^^^^^^^^^^^^^^^^
  File "C:\Users\mayyara.haj-yahia\Travail\Project\financial_engine\backend\app\services\csv_parsing_service.py", line 46, in parse_csv
    extracted_data = extract_data(df, column_mapping)
                     ^^^^^^^^^^^^^^^^^^^^^^^^^^^^^^^^
  File "C:\Users\mayyara.haj-yahia\Travail\Project\financial_engine\backend\app\services\data_extractor.py", line 37, in extract_data
    raise ValueError(
ValueError: Critical column 'account_code' not found. Available columns: ['compte', 'label', 'solde ant dbt ref', 'solde ant cdt ref', 'debit', 'credit', 'solde_final', 'solde per cdt ref', 'solde fin dbt ref', 'solde fin cdt ref']
INFO:app.services.upload_service:Starting to parse upload 49: F1773661755482_BAL(in).csv
INFO:app.utils.helpers:Successfully decoded first line with latin1
INFO:app.utils.helpers:Detected delimiter: ';' from: {',': 0, ';': 9, '\t': 0, '|': 0}
INFO:app.utils.helpers:CSV read successfully: 166 rows, 10 columns
INFO:app.services.csv_parsing_service:Raw columns after reading CSV: ['col_0', 'col_1', 'col_2', 'col_3', 'col_4', 'col_5', 'col_6', 'col_7', 'col_8', 'col_9']
INFO:app.services.header_detector:Detected header at row 0: ['Compte', 'Intitulé', 'Solde ant Dbt (réf)', 'Solde ant Cdt (réf)', 'Débit période (réf)', 'Crédit période (réf)', 'Solde pér Dbt (réf)', 'Solde pér Cdt (réf)', 'Solde fin Dbt (réf)', 'Solde fin Cdt (réf)']
INFO:app.services.csv_parsing_service:Preparing DataFrame: normalizing column names and data...
INFO:app.services.preparation_service:Starting DataFrame preparation...
INFO:app.services.preparation_service:Normalized column names: {'Compte': 'compte', 'Intitulé': 'intitule', 'Solde ant Dbt (réf)': 'solde ant dbt ref', 'Solde ant Cdt (réf)': 'solde ant cdt ref', 'Débit période (réf)': 'debit periode ref', 'Crédit période (réf)': 'credit periode ref', 'Solde pér Dbt (réf)': 'solde per dbt ref', 'Solde pér Cdt (réf)': 'solde per cdt ref', 'Solde fin Dbt (réf)': 'solde fin dbt ref', 'Solde fin Cdt (réf)': 'solde fin cdt ref'}
INFO:app.services.preparation_service:Removed empty columns. Remaining: ['compte', 'intitule', 'solde ant dbt ref', 'solde ant cdt ref', 'debit periode ref', 'credit periode ref', 'solde per dbt ref', 'solde per cdt ref', 'solde fin dbt ref', 'solde fin cdt ref']
INFO:app.services.preparation_service:DataFrame preparation complete
INFO:app.services.csv_parsing_service:Columns after preparation: ['compte', 'intitule', 'solde ant dbt ref', 'solde ant cdt ref', 'debit periode ref', 'credit periode ref', 'solde per dbt ref', 'solde per cdt ref', 'solde fin dbt ref', 'solde fin cdt ref']
INFO:app.services.csv_parsing_service:Starting NLP-based column classification with semantic matching...
INFO:app.services.column_classifier:Processing column: 'compte' \u2192 normalized: 'compte'
INFO:app.services.semantic_classifier:Loading semantic model: sentence-transformers/all-MiniLM-L6-v2
INFO:sentence_transformers.SentenceTransformer:Use pytorch device_name: cpu
INFO:sentence_transformers.SentenceTransformer:Load pretrained SentenceTransformer: sentence-transformers/all-MiniLM-L6-v2
INFO:httpx:HTTP Request: HEAD https://huggingface.co/sentence-transformers/all-MiniLM-L6-v2/resolve/main/modules.json "HTTP/1.1 307 Temporary Redirect"
WARNING:huggingface_hub.utils._http:Warning: You are sending unauthenticated requests to the HF Hub. Please set a HF_TOKEN to enable higher rate limits and faster downloads.
INFO:httpx:HTTP Request: HEAD https://huggingface.co/api/resolve-cache/models/sentence-transformers/all-MiniLM-L6-v2/c9745ed1d9f207416be6d2e6f8de32d1f16199bf/modules.json "HTTP/1.1 200 OK"
INFO:httpx:HTTP Request: HEAD https://huggingface.co/sentence-transformers/all-MiniLM-L6-v2/resolve/main/config_sentence_transformers.json "HTTP/1.1 307 Temporary Redirect"
INFO:httpx:HTTP Request: HEAD https://huggingface.co/api/resolve-cache/models/sentence-transformers/all-MiniLM-L6-v2/c9745ed1d9f207416be6d2e6f8de32d1f16199bf/config_sentence_transformers.json "HTTP/1.1 200 OK"
INFO:httpx:HTTP Request: HEAD https://huggingface.co/sentence-transformers/all-MiniLM-L6-v2/resolve/main/config_sentence_transformers.json "HTTP/1.1 307 Temporary Redirect"
INFO:httpx:HTTP Request: HEAD https://huggingface.co/api/resolve-cache/models/sentence-transformers/all-MiniLM-L6-v2/c9745ed1d9f207416be6d2e6f8de32d1f16199bf/config_sentence_transformers.json "HTTP/1.1 200 OK"
INFO:httpx:HTTP Request: HEAD https://huggingface.co/sentence-transformers/all-MiniLM-L6-v2/resolve/main/README.md "HTTP/1.1 307 Temporary Redirect"
INFO:httpx:HTTP Request: HEAD https://huggingface.co/api/resolve-cache/models/sentence-transformers/all-MiniLM-L6-v2/c9745ed1d9f207416be6d2e6f8de32d1f16199bf/README.md "HTTP/1.1 200 OK"
INFO:httpx:HTTP Request: HEAD https://huggingface.co/sentence-transformers/all-MiniLM-L6-v2/resolve/main/modules.json "HTTP/1.1 307 Temporary Redirect"
INFO:httpx:HTTP Request: HEAD https://huggingface.co/api/resolve-cache/models/sentence-transformers/all-MiniLM-L6-v2/c9745ed1d9f207416be6d2e6f8de32d1f16199bf/modules.json "HTTP/1.1 200 OK"
INFO:httpx:HTTP Request: HEAD https://huggingface.co/sentence-transformers/all-MiniLM-L6-v2/resolve/main/sentence_bert_config.json "HTTP/1.1 307 Temporary Redirect"
INFO:httpx:HTTP Request: HEAD https://huggingface.co/api/resolve-cache/models/sentence-transformers/all-MiniLM-L6-v2/c9745ed1d9f207416be6d2e6f8de32d1f16199bf/sentence_bert_config.json "HTTP/1.1 200 OK"
INFO:httpx:HTTP Request: HEAD https://huggingface.co/sentence-transformers/all-MiniLM-L6-v2/resolve/main/adapter_config.json "HTTP/1.1 404 Not Found"
INFO:httpx:HTTP Request: HEAD https://huggingface.co/sentence-transformers/all-MiniLM-L6-v2/resolve/main/config.json "HTTP/1.1 307 Temporary Redirect"
INFO:httpx:HTTP Request: HEAD https://huggingface.co/api/resolve-cache/models/sentence-transformers/all-MiniLM-L6-v2/c9745ed1d9f207416be6d2e6f8de32d1f16199bf/config.json "HTTP/1.1 200 OK"
INFO:httpx:HTTP Request: HEAD https://huggingface.co/sentence-transformers/all-MiniLM-L6-v2/resolve/main/config.json "HTTP/1.1 307 Temporary Redirect"
INFO:httpx:HTTP Request: HEAD https://huggingface.co/api/resolve-cache/models/sentence-transformers/all-MiniLM-L6-v2/c9745ed1d9f207416be6d2e6f8de32d1f16199bf/config.json "HTTP/1.1 200 OK"
INFO:httpx:HTTP Request: HEAD https://huggingface.co/sentence-transformers/all-MiniLM-L6-v2/resolve/main/tokenizer_config.json "HTTP/1.1 307 Temporary Redirect"
INFO:httpx:HTTP Request: HEAD https://huggingface.co/api/resolve-cache/models/sentence-transformers/all-MiniLM-L6-v2/c9745ed1d9f207416be6d2e6f8de32d1f16199bf/tokenizer_config.json "HTTP/1.1 200 OK"
INFO:httpx:HTTP Request: GET https://huggingface.co/api/models/sentence-transformers/all-MiniLM-L6-v2/tree/main/additional_chat_templates?recursive=false&expand=false "HTTP/1.1 404 Not Found"
INFO:httpx:HTTP Request: GET https://huggingface.co/api/models/sentence-transformers/all-MiniLM-L6-v2/tree/main?recursive=true&expand=false "HTTP/1.1 200 OK"
INFO:httpx:HTTP Request: HEAD https://huggingface.co/sentence-transformers/all-MiniLM-L6-v2/resolve/main/1_Pooling/config.json "HTTP/1.1 307 Temporary Redirect"
INFO:httpx:HTTP Request: HEAD https://huggingface.co/api/resolve-cache/models/sentence-transformers/all-MiniLM-L6-v2/c9745ed1d9f207416be6d2e6f8de32d1f16199bf/1_Pooling%2Fconfig.json "HTTP/1.1 200 OK"
INFO:httpx:HTTP Request: GET https://huggingface.co/api/models/sentence-transformers/all-MiniLM-L6-v2 "HTTP/1.1 200 OK"
INFO:app.services.semantic_classifier:Semantic model loaded successfully
INFO:app.services.column_classifier:\u2713 Mapped 'compte' \u2192 'account_code' (confidence: 42.0%) [semantic=0.0, fuzzy=30.0, content=12.0]
INFO:app.services.column_classifier:Processing column: 'intitule' \u2192 normalized: 'intitule'
INFO:app.services.column_classifier:\u2713 Mapped 'intitule' \u2192 'label' (confidence: 45.0%) [semantic=0.0, fuzzy=30.0, content=15.0]
INFO:app.services.column_classifier:Processing column: 'solde ant dbt ref' \u2192 normalized: 'solde ant dbt ref'
INFO:app.services.column_classifier:\u2713 Mapped 'solde ant dbt ref' \u2192 'solde_debit' (confidence: 37.3%) [semantic=3.7, fuzzy=18.6, content=15.0]
INFO:app.services.column_classifier:Processing column: 'solde ant cdt ref' \u2192 normalized: 'solde ant cdt ref'
INFO:app.services.column_classifier:\u2713 Mapped 'solde ant cdt ref' \u2192 'solde_credit' (confidence: 38.8%) [semantic=3.1, fuzzy=20.7, content=15.0]
INFO:app.services.column_classifier:Processing column: 'debit periode ref' \u2192 normalized: 'debit periode ref'
INFO:app.services.column_classifier:\u2713 Mapped 'debit periode ref' \u2192 'debit' (confidence: 57.5%) [semantic=27.0, fuzzy=13.5, content=17.0]
INFO:app.services.column_classifier:Processing column: 'credit periode ref' \u2192 normalized: 'credit periode ref'
INFO:app.services.column_classifier:\u2713 Mapped 'credit periode ref' \u2192 'credit' (confidence: 51.2%) [semantic=21.2, fuzzy=15.0, content=15.0]
INFO:app.services.column_classifier:Processing column: 'solde per dbt ref' \u2192 normalized: 'solde per dbt ref'
INFO:app.services.column_classifier:\u2713 Mapped 'solde per dbt ref' \u2192 'solde_final' (confidence: 44.5%) [semantic=12.5, fuzzy=15.0, content=17.0]
INFO:app.services.column_classifier:Processing column: 'solde per cdt ref' \u2192 normalized: 'solde per cdt ref'
WARNING:app.services.column_classifier:\u2717 Unknown column detected: 'solde per cdt ref'
INFO:app.services.column_classifier:Processing column: 'solde fin dbt ref' \u2192 normalized: 'solde fin dbt ref'
WARNING:app.services.column_classifier:\u2717 Unknown column detected: 'solde fin dbt ref'
INFO:app.services.column_classifier:Processing column: 'solde fin cdt ref' \u2192 normalized: 'solde fin cdt ref'
WARNING:app.services.column_classifier:\u2717 Unknown column detected: 'solde fin cdt ref'
INFO:app.services.column_classifier:Validating and boosting confidence scores using content analysis...
INFO:app.services.column_classifier:Final column mapping: {'compte': 'account_code', 'intitule': 'label', 'solde ant dbt ref': 'solde_debit', 'solde ant cdt ref': 'solde_credit', 'debit periode ref': 'debit', 'credit periode ref': 'credit', 'solde per dbt ref': 'solde_final', 'solde per cdt ref': 'unknown', 'solde fin dbt ref': 'unknown', 'solde fin cdt ref': 'unknown'}
INFO:app.services.column_classifier:Confidence scores: [('compte', '42.0%'), ('intitule', '48.8%'), ('solde ant dbt ref', '41.1%'), ('solde ant cdt ref', '42.6%'), ('debit periode ref', '61.8%'), ('credit periode ref', '54.9%'), ('solde per dbt ref', '48.8%'), ('solde per cdt ref', '0.0%'), ('solde fin dbt ref', '0.0%'), ('solde fin cdt ref', '0.0%')]
INFO:app.services.csv_parsing_service:Column classification results with confidence:
INFO:app.services.csv_parsing_service:  'compte' \u2192 'account_code' (confidence: 42.0%)
INFO:app.services.csv_parsing_service:  'intitule' \u2192 'label' (confidence: 48.8%)
INFO:app.services.csv_parsing_service:  'solde ant dbt ref' \u2192 'solde_debit' (confidence: 41.1%)
INFO:app.services.csv_parsing_service:  'solde ant cdt ref' \u2192 'solde_credit' (confidence: 42.6%)
INFO:app.services.csv_parsing_service:  'debit periode ref' \u2192 'debit' (confidence: 61.8%)
INFO:app.services.csv_parsing_service:  'credit periode ref' \u2192 'credit' (confidence: 54.9%)
INFO:app.services.csv_parsing_service:  'solde per dbt ref' \u2192 'solde_final' (confidence: 48.8%)
INFO:app.services.csv_parsing_service:  'solde per cdt ref' \u2192 'unknown' (confidence: 0.0%)
INFO:app.services.csv_parsing_service:  'solde fin dbt ref' \u2192 'unknown' (confidence: 0.0%)
INFO:app.services.csv_parsing_service:  'solde fin cdt ref' \u2192 'unknown' (confidence: 0.0%)
INFO:app.services.data_extractor:Reverse mapping: {'account_code': ['compte'], 'label': ['intitule'], 'solde_debit': ['solde ant dbt ref'], 'solde_credit': ['solde ant cdt ref'], 'debit': ['debit periode ref'], 'credit': ['credit periode ref'], 'solde_final': ['solde per dbt ref']}
INFO:app.services.data_extractor:DataFrame columns after renaming: ['account_code', 'label', 'solde_debit', 'solde_credit', 'debit', 'credit', 'solde_final', 'solde per cdt ref', 'solde fin dbt ref', 'solde fin cdt ref']
INFO:app.services.data_extractor:DataFrame shape: (166, 10)
INFO:app.services.data_extractor:DataFrame sample:
  account_code                           label  ...  solde fin dbt ref  solde fin cdt ref
0       compte                        intitule  ...  solde fin dbt ref  solde fin cdt ref
1     10100000                  capital social  ...                  0           12400000
2     10900000  actionnaire capital non appele  ...                 10                  0
3     16210000                emprunt bancaire  ...                  0           21100000
4     16220000                 emprunt leasing  ...                  0          129868066

[5 rows x 10 columns]
INFO:app.services.data_extractor:Converted column 'debit' to numeric
INFO:app.services.data_extractor:Converted column 'credit' to numeric
INFO:app.services.data_extractor:Converted column 'solde_debit' to numeric
INFO:app.services.data_extractor:Converted column 'solde_credit' to numeric
INFO:app.services.data_extractor:Converted column 'solde_final' to numeric
INFO:app.services.data_extractor:Rows before filtering: 166
INFO:app.services.data_extractor:Rows after filtering: 166
INFO:app.services.data_extractor:Sample data:
  account_code                           label  solde_debit  ...  solde per cdt ref  solde fin dbt ref  solde fin cdt ref
0       compte                        intitule          NaN  ...  solde per cdt ref  solde fin dbt ref  solde fin cdt ref
1     10100000                  capital social          0.0  ...           12400000                  0           12400000
2     10900000  actionnaire capital non appele          0.0  ...                  0                 10                  0
3     16210000                emprunt bancaire          0.0  ...           21100000                  0           21100000
4     16220000                 emprunt leasing          0.0  ...          129868066                  0          129868066

[5 rows x 10 columns]
INFO:app.services.data_extractor:Successfully extracted 166 records
INFO:root:Upload 49: Encoding=ISO-8859-1, Delimiter=;, Columns={'compte': 'account_code', 'intitule': 'label', 'solde ant dbt ref': 'solde_debit', 'solde ant cdt ref': 'solde_credit', 'debit periode ref': 'debit', 'credit periode ref': 'credit', 'solde per dbt ref': 'solde_final', 'solde per cdt ref': 'unknown', 'solde fin dbt ref': 'unknown', 'solde fin cdt ref': 'unknown'}, Confidence_Scores={'compte': 42.0%, 'intitule': 48.8%, 'solde ant dbt ref': 41.1%, 'solde ant cdt ref': 42.6%, 'debit periode ref': 61.8%, 'credit periode ref': 54.9%, 'solde per dbt ref': 48.8%, 'solde per cdt ref': 0.0%, 'solde fin dbt ref': 0.0%, 'solde fin cdt ref': 0.0%}
INFO:app.services.upload_service:Upload 49: 165 accounts inserted. Detected columns: ['account_code', 'label', 'solde_debit', 'solde_credit', 'debit', 'credit', 'solde_final', 'solde per cdt ref', 'solde fin dbt ref', 'solde fin cdt ref']
INFO:app.services.upload_service:Starting to parse upload 48: balance_2021_utf.csv
INFO:app.utils.helpers:Successfully decoded first line with utf-8
INFO:app.utils.helpers:Detected delimiter: ';' from: {',': 0, ';': 6, '\t': 0, '|': 0}
INFO:app.utils.helpers:CSV read successfully: 106 rows, 7 columns
INFO:app.services.csv_parsing_service:Raw columns after reading CSV: ['col_0', 'col_1', 'col_2', 'col_3', 'col_4', 'col_5', 'col_6']
INFO:app.services.header_detector:Detected header at row 2: ['N°', 'Libellé écriture', 'Solde Final', '', '', '', '']
INFO:app.services.csv_parsing_service:Preparing DataFrame: normalizing column names and data...
INFO:app.services.preparation_service:Starting DataFrame preparation...
INFO:app.services.preparation_service:Normalized column names: {'N°': 'n', 'Libellé écriture': 'libelle ecriture', 'Solde Final': 'solde final', '': ''}
INFO:app.services.preparation_service:Removed empty columns. Remaining: ['n', 'libelle ecriture', 'solde final']
INFO:app.services.preparation_service:DataFrame preparation complete
INFO:app.services.csv_parsing_service:Columns after preparation: ['n', 'libelle ecriture', 'solde final']
INFO:app.services.csv_parsing_service:Starting NLP-based column classification with semantic matching...
INFO:app.services.column_classifier:Processing column: 'n' \u2192 normalized: 'n'
INFO:app.services.column_classifier:\u2713 Mapped 'n' \u2192 'account_code' (confidence: 44.7%) [semantic=2.7, fuzzy=30.0, content=12.0]
INFO:app.services.column_classifier:Processing column: 'libelle ecriture' \u2192 normalized: 'libelle ecriture'
INFO:app.services.column_classifier:\u2713 Mapped 'libelle ecriture' \u2192 'label' (confidence: 46.3%) [semantic=1.3, fuzzy=30.0, content=15.0]
INFO:app.services.column_classifier:Processing column: 'solde final' \u2192 normalized: 'solde final'
INFO:app.services.column_classifier:\u2713 Mapped 'solde final' \u2192 'solde_final' (confidence: 40.8%) [semantic=10.8, fuzzy=30.0, content=0.0]
INFO:app.services.column_classifier:Validating and boosting confidence scores using content analysis...
WARNING:app.services.semantic_classifier:\u26a0 Suspicious classification: 'solde final' \u2192 'solde_final' (confidence=40.8%, content_score=0.0)
INFO:app.services.column_classifier:Final column mapping: {'n': 'account_code', 'libelle ecriture': 'label', 'solde final': 'solde_final'}
INFO:app.services.column_classifier:Confidence scores: [('n', '44.7%'), ('libelle ecriture', '50.1%'), ('solde final', '40.8%')]
INFO:app.services.csv_parsing_service:Column classification results with confidence:
INFO:app.services.csv_parsing_service:  'n' \u2192 'account_code' (confidence: 44.7%)
INFO:app.services.csv_parsing_service:  'libelle ecriture' \u2192 'label' (confidence: 50.1%)
INFO:app.services.csv_parsing_service:  'solde final' \u2192 'solde_final' (confidence: 40.8%)
INFO:app.services.data_extractor:Reverse mapping: {'account_code': ['n'], 'label': ['libelle ecriture'], 'solde_final': ['solde final']}
INFO:app.services.data_extractor:DataFrame columns after renaming: ['account_code', 'label', 'solde_final']
INFO:app.services.data_extractor:DataFrame shape: (106, 3)
INFO:app.services.data_extractor:DataFrame sample:
   account_code             label  solde_final
0  balance 2021                               
1                                             
2             n  libelle ecriture  solde final
3      10100000           capital     1 000000
4      11100000    reserve legale             
INFO:app.services.data_extractor:Converted column 'solde_final' to numeric
INFO:app.services.data_extractor:Rows before filtering: 106
INFO:app.services.data_extractor:Rows after filtering: 100
INFO:app.services.data_extractor:Sample data:
   account_code               label  solde_final
0  balance 2021                              NaN
2             n    libelle ecriture          NaN
3      10100000             capital    1000000.0
4      11100000      reserve legale          NaN
5      12100000  resultats reportes  150000000.0
INFO:app.services.data_extractor:Successfully extracted 100 records
INFO:root:Upload 48: Encoding=UTF-8-SIG, Delimiter=;, Columns={'n': 'account_code', 'libelle ecriture': 'label', 'solde final': 'solde_final'}, Confidence_Scores={'n': 44.7%, 'libelle ecriture': 50.1%, 'solde final': 40.8%}
INFO:app.services.upload_service:Upload 48: 98 accounts inserted. Detected columns: ['account_code', 'label', 'solde_final']
INFO:app.services.upload_service:File saved: app/uploads\balance_2021.csv
INFO:app.services.upload_service:Upload registered with ID: 50
INFO:app.services.upload_service:Starting to parse upload 50: balance_2021.csv
INFO:app.utils.helpers:Successfully decoded first line with utf-8
INFO:app.utils.helpers:Detected delimiter: ';' from: {',': 0, ';': 6, '\t': 0, '|': 0}
INFO:app.utils.helpers:CSV read successfully: 106 rows, 7 columns
INFO:app.services.csv_parsing_service:Raw columns after reading CSV: ['col_0', 'col_1', 'col_2', 'col_3', 'col_4', 'col_5', 'col_6']
INFO:app.services.header_detector:Detected header at row 2: ['N\u221e', 'LibellÈ Ècriture', 'Solde Final', '', '', '', '']
INFO:app.services.csv_parsing_service:Preparing DataFrame: normalizing column names and data...
INFO:app.services.preparation_service:Starting DataFrame preparation...
INFO:app.services.preparation_service:Normalized column names: {'N\u221e': 'n', 'LibellÈ Ècriture': 'libelle ecriture', 'Solde Final': 'solde final', '': ''}
INFO:app.services.preparation_service:Removed empty columns. Remaining: ['n', 'libelle ecriture', 'solde final']
INFO:app.services.preparation_service:DataFrame preparation complete
INFO:app.services.csv_parsing_service:Columns after preparation: ['n', 'libelle ecriture', 'solde final']
INFO:app.services.csv_parsing_service:Starting NLP-based column classification with semantic matching...
INFO:app.services.column_classifier:Processing column: 'n' \u2192 normalized: 'n'
INFO:app.services.column_classifier:\u2713 Mapped 'n' \u2192 'account_code' (confidence: 44.7%) [semantic=2.7, fuzzy=30.0, content=12.0]
INFO:app.services.column_classifier:Processing column: 'libelle ecriture' \u2192 normalized: 'libelle ecriture'
INFO:app.services.column_classifier:\u2713 Mapped 'libelle ecriture' \u2192 'label' (confidence: 46.3%) [semantic=1.3, fuzzy=30.0, content=15.0]
INFO:app.services.column_classifier:Processing column: 'solde final' \u2192 normalized: 'solde final'
INFO:app.services.column_classifier:\u2713 Mapped 'solde final' \u2192 'solde_final' (confidence: 40.8%) [semantic=10.8, fuzzy=30.0, content=0.0]
INFO:app.services.column_classifier:Validating and boosting confidence scores using content analysis...
WARNING:app.services.semantic_classifier:\u26a0 Suspicious classification: 'solde final' \u2192 'solde_final' (confidence=40.8%, content_score=0.0)
INFO:app.services.column_classifier:Final column mapping: {'n': 'account_code', 'libelle ecriture': 'label', 'solde final': 'solde_final'}
INFO:app.services.column_classifier:Confidence scores: [('n', '44.7%'), ('libelle ecriture', '50.1%'), ('solde final', '40.8%')]
INFO:app.services.csv_parsing_service:Column classification results with confidence:
INFO:app.services.csv_parsing_service:  'n' \u2192 'account_code' (confidence: 44.7%)
INFO:app.services.csv_parsing_service:  'libelle ecriture' \u2192 'label' (confidence: 50.1%)
INFO:app.services.csv_parsing_service:  'solde final' \u2192 'solde_final' (confidence: 40.8%)
INFO:app.services.data_extractor:Reverse mapping: {'account_code': ['n'], 'label': ['libelle ecriture'], 'solde_final': ['solde final']}
INFO:app.services.data_extractor:DataFrame columns after renaming: ['account_code', 'label', 'solde_final']
INFO:app.services.data_extractor:DataFrame shape: (106, 3)
INFO:app.services.data_extractor:DataFrame sample:
   account_code             label  solde_final
0  balance 2021                               
1                                             
2             n  libelle ecriture  solde final
3      10100000           capital     1 000000
4      11100000    reserve legale             
INFO:app.services.data_extractor:Converted column 'solde_final' to numeric
INFO:app.services.data_extractor:Rows before filtering: 106
INFO:app.services.data_extractor:Rows after filtering: 100
INFO:app.services.data_extractor:Sample data:
   account_code               label  solde_final
0  balance 2021                              NaN
2             n    libelle ecriture          NaN
3      10100000             capital    1000000.0
4      11100000      reserve legale          NaN
5      12100000  resultats reportes  150000000.0
INFO:app.services.data_extractor:Successfully extracted 100 records
INFO:root:Upload 50: Encoding=MacRoman, Delimiter=;, Columns={'n': 'account_code', 'libelle ecriture': 'label', 'solde final': 'solde_final'}, Confidence_Scores={'n': 44.7%, 'libelle ecriture': 50.1%, 'solde final': 40.8%}
INFO:app.services.upload_service:Upload 50: 98 accounts inserted. Detected columns: ['account_code', 'label', 'solde_final']
INFO:app.services.upload_service:File saved: app/uploads\balance_2021.csv
INFO:app.services.upload_service:Upload registered with ID: 51
INFO:app.services.upload_service:Starting to parse upload 51: balance_2021.csv
INFO:app.utils.helpers:Successfully decoded first line with utf-8
INFO:app.utils.helpers:Detected delimiter: ';' from: {',': 0, ';': 6, '\t': 0, '|': 0}
INFO:app.utils.helpers:CSV read successfully: 106 rows, 7 columns
INFO:app.services.csv_parsing_service:Raw columns after reading CSV: ['col_0', 'col_1', 'col_2', 'col_3', 'col_4', 'col_5', 'col_6']
INFO:app.services.header_detector:Detected header at row 2: ['N\u221e', 'LibellÈ Ècriture', 'Solde Final', '', '', '', '']
INFO:app.services.csv_parsing_service:Preparing DataFrame: normalizing column names and data...
INFO:app.services.preparation_service:Starting DataFrame preparation...
INFO:app.services.preparation_service:Normalized column names: {'N\u221e': 'n', 'LibellÈ Ècriture': 'libelle ecriture', 'Solde Final': 'solde final', '': ''}
INFO:app.services.preparation_service:Removed empty columns. Remaining: ['n', 'libelle ecriture', 'solde final']
INFO:app.services.preparation_service:DataFrame preparation complete
INFO:app.services.csv_parsing_service:Columns after preparation: ['n', 'libelle ecriture', 'solde final']
INFO:app.services.csv_parsing_service:Starting NLP-based column classification with semantic matching...
INFO:app.services.column_classifier:Processing column: 'n' \u2192 normalized: 'n'
INFO:app.services.semantic_classifier:Loading semantic model: sentence-transformers/all-MiniLM-L6-v2
INFO:sentence_transformers.SentenceTransformer:Use pytorch device_name: cpu
INFO:sentence_transformers.SentenceTransformer:Load pretrained SentenceTransformer: sentence-transformers/all-MiniLM-L6-v2
INFO:httpx:HTTP Request: HEAD https://huggingface.co/sentence-transformers/all-MiniLM-L6-v2/resolve/main/modules.json "HTTP/1.1 307 Temporary Redirect"
INFO:httpx:HTTP Request: HEAD https://huggingface.co/api/resolve-cache/models/sentence-transformers/all-MiniLM-L6-v2/c9745ed1d9f207416be6d2e6f8de32d1f16199bf/modules.json "HTTP/1.1 200 OK"
INFO:httpx:HTTP Request: HEAD https://huggingface.co/sentence-transformers/all-MiniLM-L6-v2/resolve/main/config_sentence_transformers.json "HTTP/1.1 307 Temporary Redirect"
WARNING:huggingface_hub.utils._http:Warning: You are sending unauthenticated requests to the HF Hub. Please set a HF_TOKEN to enable higher rate limits and faster downloads.
INFO:httpx:HTTP Request: HEAD https://huggingface.co/api/resolve-cache/models/sentence-transformers/all-MiniLM-L6-v2/c9745ed1d9f207416be6d2e6f8de32d1f16199bf/config_sentence_transformers.json "HTTP/1.1 200 OK"
INFO:httpx:HTTP Request: HEAD https://huggingface.co/sentence-transformers/all-MiniLM-L6-v2/resolve/main/config_sentence_transformers.json "HTTP/1.1 307 Temporary Redirect"
INFO:httpx:HTTP Request: HEAD https://huggingface.co/api/resolve-cache/models/sentence-transformers/all-MiniLM-L6-v2/c9745ed1d9f207416be6d2e6f8de32d1f16199bf/config_sentence_transformers.json "HTTP/1.1 200 OK"
INFO:httpx:HTTP Request: HEAD https://huggingface.co/sentence-transformers/all-MiniLM-L6-v2/resolve/main/README.md "HTTP/1.1 307 Temporary Redirect"
INFO:httpx:HTTP Request: HEAD https://huggingface.co/api/resolve-cache/models/sentence-transformers/all-MiniLM-L6-v2/c9745ed1d9f207416be6d2e6f8de32d1f16199bf/README.md "HTTP/1.1 200 OK"
INFO:httpx:HTTP Request: HEAD https://huggingface.co/sentence-transformers/all-MiniLM-L6-v2/resolve/main/modules.json "HTTP/1.1 307 Temporary Redirect"
INFO:httpx:HTTP Request: HEAD https://huggingface.co/api/resolve-cache/models/sentence-transformers/all-MiniLM-L6-v2/c9745ed1d9f207416be6d2e6f8de32d1f16199bf/modules.json "HTTP/1.1 200 OK"
INFO:httpx:HTTP Request: HEAD https://huggingface.co/sentence-transformers/all-MiniLM-L6-v2/resolve/main/sentence_bert_config.json "HTTP/1.1 307 Temporary Redirect"
INFO:httpx:HTTP Request: HEAD https://huggingface.co/api/resolve-cache/models/sentence-transformers/all-MiniLM-L6-v2/c9745ed1d9f207416be6d2e6f8de32d1f16199bf/sentence_bert_config.json "HTTP/1.1 200 OK"
INFO:httpx:HTTP Request: HEAD https://huggingface.co/sentence-transformers/all-MiniLM-L6-v2/resolve/main/adapter_config.json "HTTP/1.1 404 Not Found"
INFO:httpx:HTTP Request: HEAD https://huggingface.co/sentence-transformers/all-MiniLM-L6-v2/resolve/main/config.json "HTTP/1.1 307 Temporary Redirect"
INFO:httpx:HTTP Request: HEAD https://huggingface.co/api/resolve-cache/models/sentence-transformers/all-MiniLM-L6-v2/c9745ed1d9f207416be6d2e6f8de32d1f16199bf/config.json "HTTP/1.1 200 OK"
INFO:httpx:HTTP Request: HEAD https://huggingface.co/sentence-transformers/all-MiniLM-L6-v2/resolve/main/config.json "HTTP/1.1 307 Temporary Redirect"
INFO:httpx:HTTP Request: HEAD https://huggingface.co/api/resolve-cache/models/sentence-transformers/all-MiniLM-L6-v2/c9745ed1d9f207416be6d2e6f8de32d1f16199bf/config.json "HTTP/1.1 200 OK"
INFO:httpx:HTTP Request: HEAD https://huggingface.co/sentence-transformers/all-MiniLM-L6-v2/resolve/main/tokenizer_config.json "HTTP/1.1 307 Temporary Redirect"
INFO:httpx:HTTP Request: HEAD https://huggingface.co/api/resolve-cache/models/sentence-transformers/all-MiniLM-L6-v2/c9745ed1d9f207416be6d2e6f8de32d1f16199bf/tokenizer_config.json "HTTP/1.1 200 OK"
INFO:httpx:HTTP Request: GET https://huggingface.co/api/models/sentence-transformers/all-MiniLM-L6-v2/tree/main/additional_chat_templates?recursive=false&expand=false "HTTP/1.1 404 Not Found"
INFO:httpx:HTTP Request: GET https://huggingface.co/api/models/sentence-transformers/all-MiniLM-L6-v2/tree/main?recursive=true&expand=false "HTTP/1.1 200 OK"
INFO:httpx:HTTP Request: HEAD https://huggingface.co/sentence-transformers/all-MiniLM-L6-v2/resolve/main/1_Pooling/config.json "HTTP/1.1 307 Temporary Redirect"
INFO:httpx:HTTP Request: HEAD https://huggingface.co/api/resolve-cache/models/sentence-transformers/all-MiniLM-L6-v2/c9745ed1d9f207416be6d2e6f8de32d1f16199bf/1_Pooling%2Fconfig.json "HTTP/1.1 200 OK"
INFO:httpx:HTTP Request: GET https://huggingface.co/api/models/sentence-transformers/all-MiniLM-L6-v2 "HTTP/1.1 200 OK"
INFO:app.services.semantic_classifier:Semantic model loaded successfully
INFO:app.services.column_classifier:\u2713 Mapped 'n' \u2192 'account_code' (confidence: 44.7%) [semantic=2.7, fuzzy=30.0, content=12.0]
INFO:app.services.column_classifier:Processing column: 'libelle ecriture' \u2192 normalized: 'libelle ecriture'
INFO:app.services.column_classifier:\u2713 Mapped 'libelle ecriture' \u2192 'label' (confidence: 46.3%) [semantic=1.3, fuzzy=30.0, content=15.0]
INFO:app.services.column_classifier:Processing column: 'solde final' \u2192 normalized: 'solde final'
INFO:app.services.column_classifier:\u2713 Mapped 'solde final' \u2192 'solde_final' (confidence: 40.8%) [semantic=10.8, fuzzy=30.0, content=0.0]
INFO:app.services.column_classifier:Validating and boosting confidence scores using content analysis...
WARNING:app.services.semantic_classifier:\u26a0 Suspicious classification: 'solde final' \u2192 'solde_final' (confidence=40.8%, content_score=0.0)
INFO:app.services.column_classifier:Final column mapping: {'n': 'account_code', 'libelle ecriture': 'label', 'solde final': 'solde_final'}
INFO:app.services.column_classifier:Confidence scores: [('n', '44.7%'), ('libelle ecriture', '50.1%'), ('solde final', '40.8%')]
INFO:app.services.csv_parsing_service:Column classification results with confidence:
INFO:app.services.csv_parsing_service:  'n' \u2192 'account_code' (confidence: 44.7%)
INFO:app.services.csv_parsing_service:  'libelle ecriture' \u2192 'label' (confidence: 50.1%)
INFO:app.services.csv_parsing_service:  'solde final' \u2192 'solde_final' (confidence: 40.8%)
INFO:app.services.data_extractor:Reverse mapping: {'account_code': ['n'], 'label': ['libelle ecriture'], 'solde_final': ['solde final']}
INFO:app.services.data_extractor:DataFrame columns after renaming: ['account_code', 'label', 'solde_final']
INFO:app.services.data_extractor:DataFrame shape: (106, 3)
INFO:app.services.data_extractor:DataFrame sample:
   account_code             label  solde_final
0  balance 2021                               
1                                             
2             n  libelle ecriture  solde final
3      10100000           capital     1 000000
4      11100000    reserve legale             
INFO:app.services.data_extractor:Converted column 'solde_final' to numeric
INFO:app.services.data_extractor:Rows before filtering: 106
INFO:app.services.data_extractor:Rows after filtering: 100
INFO:app.services.data_extractor:Sample data:
   account_code               label  solde_final
0  balance 2021                              NaN
2             n    libelle ecriture          NaN
3      10100000             capital    1000000.0
4      11100000      reserve legale          NaN
5      12100000  resultats reportes  150000000.0
INFO:app.services.data_extractor:Successfully extracted 100 records
INFO:root:Upload 51: Encoding=MacRoman, Delimiter=;, Columns={'n': 'account_code', 'libelle ecriture': 'label', 'solde final': 'solde_final'}, Confidence_Scores={'n': 44.7%, 'libelle ecriture': 50.1%, 'solde final': 40.8%}
INFO:app.services.upload_service:Upload 51: 98 accounts inserted. Detected columns: ['account_code', 'label', 'solde_final']
INFO:app.services.upload_service:Starting to parse upload 51: balance_2021.csv
INFO:app.utils.helpers:Successfully decoded first line with utf-8
INFO:app.utils.helpers:Detected delimiter: ';' from: {',': 0, ';': 6, '\t': 0, '|': 0}
INFO:app.utils.helpers:CSV read successfully: 106 rows, 7 columns
INFO:app.services.csv_parsing_service:Raw columns after reading CSV: ['col_0', 'col_1', 'col_2', 'col_3', 'col_4', 'col_5', 'col_6']
INFO:app.services.header_detector:Detected header at row 2: ['N\u221e', 'LibellÈ Ècriture', 'Solde Final', '', '', '', '']
INFO:app.services.csv_parsing_service:Preparing DataFrame: normalizing column names and data...
INFO:app.services.preparation_service:Starting DataFrame preparation...
INFO:app.services.preparation_service:Normalized column names: {'N\u221e': 'n', 'LibellÈ Ècriture': 'libelle ecriture', 'Solde Final': 'solde final', '': ''}
INFO:app.services.preparation_service:Removed empty columns. Remaining: ['n', 'libelle ecriture', 'solde final']
INFO:app.services.preparation_service:DataFrame preparation complete
INFO:app.services.csv_parsing_service:Columns after preparation: ['n', 'libelle ecriture', 'solde final']
INFO:app.services.csv_parsing_service:Starting NLP-based column classification with semantic matching...
INFO:app.services.column_classifier:Processing column: 'n' \u2192 normalized: 'n'
INFO:app.services.semantic_classifier:Loading semantic model: sentence-transformers/all-MiniLM-L6-v2
INFO:sentence_transformers.SentenceTransformer:Use pytorch device_name: cpu
INFO:sentence_transformers.SentenceTransformer:Load pretrained SentenceTransformer: sentence-transformers/all-MiniLM-L6-v2
INFO:httpx:HTTP Request: HEAD https://huggingface.co/sentence-transformers/all-MiniLM-L6-v2/resolve/main/modules.json "HTTP/1.1 307 Temporary Redirect"
INFO:httpx:HTTP Request: HEAD https://huggingface.co/api/resolve-cache/models/sentence-transformers/all-MiniLM-L6-v2/c9745ed1d9f207416be6d2e6f8de32d1f16199bf/modules.json "HTTP/1.1 200 OK"
INFO:httpx:HTTP Request: HEAD https://huggingface.co/sentence-transformers/all-MiniLM-L6-v2/resolve/main/config_sentence_transformers.json "HTTP/1.1 307 Temporary Redirect"
INFO:httpx:HTTP Request: HEAD https://huggingface.co/api/resolve-cache/models/sentence-transformers/all-MiniLM-L6-v2/c9745ed1d9f207416be6d2e6f8de32d1f16199bf/config_sentence_transformers.json "HTTP/1.1 200 OK"
INFO:httpx:HTTP Request: HEAD https://huggingface.co/sentence-transformers/all-MiniLM-L6-v2/resolve/main/config_sentence_transformers.json "HTTP/1.1 307 Temporary Redirect"
INFO:httpx:HTTP Request: HEAD https://huggingface.co/api/resolve-cache/models/sentence-transformers/all-MiniLM-L6-v2/c9745ed1d9f207416be6d2e6f8de32d1f16199bf/config_sentence_transformers.json "HTTP/1.1 200 OK"
INFO:httpx:HTTP Request: HEAD https://huggingface.co/sentence-transformers/all-MiniLM-L6-v2/resolve/main/README.md "HTTP/1.1 307 Temporary Redirect"
INFO:httpx:HTTP Request: HEAD https://huggingface.co/api/resolve-cache/models/sentence-transformers/all-MiniLM-L6-v2/c9745ed1d9f207416be6d2e6f8de32d1f16199bf/README.md "HTTP/1.1 200 OK"
INFO:httpx:HTTP Request: HEAD https://huggingface.co/sentence-transformers/all-MiniLM-L6-v2/resolve/main/modules.json "HTTP/1.1 307 Temporary Redirect"
WARNING:huggingface_hub.utils._http:Warning: You are sending unauthenticated requests to the HF Hub. Please set a HF_TOKEN to enable higher rate limits and faster downloads.
INFO:httpx:HTTP Request: HEAD https://huggingface.co/api/resolve-cache/models/sentence-transformers/all-MiniLM-L6-v2/c9745ed1d9f207416be6d2e6f8de32d1f16199bf/modules.json "HTTP/1.1 200 OK"
INFO:httpx:HTTP Request: HEAD https://huggingface.co/sentence-transformers/all-MiniLM-L6-v2/resolve/main/sentence_bert_config.json "HTTP/1.1 307 Temporary Redirect"
INFO:httpx:HTTP Request: HEAD https://huggingface.co/api/resolve-cache/models/sentence-transformers/all-MiniLM-L6-v2/c9745ed1d9f207416be6d2e6f8de32d1f16199bf/sentence_bert_config.json "HTTP/1.1 200 OK"
INFO:httpx:HTTP Request: HEAD https://huggingface.co/sentence-transformers/all-MiniLM-L6-v2/resolve/main/adapter_config.json "HTTP/1.1 404 Not Found"
INFO:httpx:HTTP Request: HEAD https://huggingface.co/sentence-transformers/all-MiniLM-L6-v2/resolve/main/config.json "HTTP/1.1 307 Temporary Redirect"
INFO:httpx:HTTP Request: HEAD https://huggingface.co/api/resolve-cache/models/sentence-transformers/all-MiniLM-L6-v2/c9745ed1d9f207416be6d2e6f8de32d1f16199bf/config.json "HTTP/1.1 200 OK"
INFO:httpx:HTTP Request: HEAD https://huggingface.co/sentence-transformers/all-MiniLM-L6-v2/resolve/main/config.json "HTTP/1.1 307 Temporary Redirect"
INFO:httpx:HTTP Request: HEAD https://huggingface.co/api/resolve-cache/models/sentence-transformers/all-MiniLM-L6-v2/c9745ed1d9f207416be6d2e6f8de32d1f16199bf/config.json "HTTP/1.1 200 OK"
INFO:httpx:HTTP Request: HEAD https://huggingface.co/sentence-transformers/all-MiniLM-L6-v2/resolve/main/tokenizer_config.json "HTTP/1.1 307 Temporary Redirect"
INFO:httpx:HTTP Request: HEAD https://huggingface.co/api/resolve-cache/models/sentence-transformers/all-MiniLM-L6-v2/c9745ed1d9f207416be6d2e6f8de32d1f16199bf/tokenizer_config.json "HTTP/1.1 200 OK"
INFO:httpx:HTTP Request: GET https://huggingface.co/api/models/sentence-transformers/all-MiniLM-L6-v2/tree/main/additional_chat_templates?recursive=false&expand=false "HTTP/1.1 404 Not Found"
INFO:httpx:HTTP Request: GET https://huggingface.co/api/models/sentence-transformers/all-MiniLM-L6-v2/tree/main?recursive=true&expand=false "HTTP/1.1 200 OK"
INFO:httpx:HTTP Request: HEAD https://huggingface.co/sentence-transformers/all-MiniLM-L6-v2/resolve/main/1_Pooling/config.json "HTTP/1.1 307 Temporary Redirect"
INFO:httpx:HTTP Request: HEAD https://huggingface.co/api/resolve-cache/models/sentence-transformers/all-MiniLM-L6-v2/c9745ed1d9f207416be6d2e6f8de32d1f16199bf/1_Pooling%2Fconfig.json "HTTP/1.1 200 OK"
INFO:httpx:HTTP Request: GET https://huggingface.co/api/models/sentence-transformers/all-MiniLM-L6-v2 "HTTP/1.1 200 OK"
INFO:app.services.semantic_classifier:Semantic model loaded successfully
INFO:app.services.column_classifier:\u2713 Mapped 'n' \u2192 'account_code' (confidence: 44.7%) [semantic=2.7, fuzzy=30.0, content=12.0]
INFO:app.services.column_classifier:Processing column: 'libelle ecriture' \u2192 normalized: 'libelle ecriture'
INFO:app.services.column_classifier:\u2713 Mapped 'libelle ecriture' \u2192 'label' (confidence: 46.3%) [semantic=1.3, fuzzy=30.0, content=15.0]
INFO:app.services.column_classifier:Processing column: 'solde final' \u2192 normalized: 'solde final'
INFO:app.services.column_classifier:\u2713 Mapped 'solde final' \u2192 'solde_final' (confidence: 40.8%) [semantic=10.8, fuzzy=30.0, content=0.0]
INFO:app.services.column_classifier:Validating and boosting confidence scores using content analysis...
WARNING:app.services.semantic_classifier:\u26a0 Suspicious classification: 'solde final' \u2192 'solde_final' (confidence=40.8%, content_score=0.0)
INFO:app.services.column_classifier:Final column mapping: {'n': 'account_code', 'libelle ecriture': 'label', 'solde final': 'solde_final'}
INFO:app.services.column_classifier:Confidence scores: [('n', '44.7%'), ('libelle ecriture', '50.1%'), ('solde final', '40.8%')]
INFO:app.services.csv_parsing_service:Column classification results with confidence:
INFO:app.services.csv_parsing_service:  'n' \u2192 'account_code' (confidence: 44.7%)
INFO:app.services.csv_parsing_service:  'libelle ecriture' \u2192 'label' (confidence: 50.1%)
INFO:app.services.csv_parsing_service:  'solde final' \u2192 'solde_final' (confidence: 40.8%)
INFO:app.services.data_extractor:Reverse mapping: {'account_code': ['n'], 'label': ['libelle ecriture'], 'solde_final': ['solde final']}
INFO:app.services.data_extractor:DataFrame columns after renaming: ['account_code', 'label', 'solde_final']
INFO:app.services.data_extractor:DataFrame shape: (106, 3)
INFO:app.services.data_extractor:DataFrame sample:
   account_code             label  solde_final
0  balance 2021                               
1                                             
2             n  libelle ecriture  Solde Final
3      10100000           capital   -1 000,000
4      11100000    reserve legale             
INFO:app.services.data_extractor:Converted column 'solde_final' to numeric
INFO:app.services.data_extractor:Rows before filtering: 106
INFO:app.services.data_extractor:Rows after filtering: 100
INFO:app.services.data_extractor:Sample data:
   account_code               label  solde_final
0  balance 2021                              NaN
2             n    libelle ecriture          NaN
3      10100000             capital      -1000.0
4      11100000      reserve legale          NaN
5      12100000  resultats reportes    -150000.0
INFO:app.services.data_extractor:Successfully extracted 100 records
INFO:root:Upload 51: Encoding=MacRoman, Delimiter=;, Columns={'n': 'account_code', 'libelle ecriture': 'label', 'solde final': 'solde_final'}, Confidence_Scores={'n': 44.7%, 'libelle ecriture': 50.1%, 'solde final': 40.8%}
INFO:app.services.upload_service:Upload 51: 98 accounts inserted. Detected columns: ['account_code', 'label', 'solde_final']
INFO:app.services.upload_service:File saved: app/uploads\balance_fixed.csv
INFO:app.services.upload_service:Upload registered with ID: 52
INFO:app.services.upload_service:Starting to parse upload 52: balance_fixed.csv
INFO:app.utils.helpers:Successfully decoded first line with utf-8
INFO:app.utils.helpers:Detected delimiter: ';' from: {',': 0, ';': 7, '\t': 0, '|': 0}
INFO:app.utils.helpers:CSV read successfully: 107 rows, 8 columns
INFO:app.services.csv_parsing_service:Raw columns after reading CSV: ['col_0', 'col_1', 'col_2', 'col_3', 'col_4', 'col_5', 'col_6', 'col_7']
INFO:app.services.header_detector:Detected header at row 0: ['BALANCE 2021', 'Unnamed: 1', 'Unnamed: 2', 'Unnamed: 3', 'Unnamed: 4', 'Unnamed: 5', 'Unnamed: 6', 'clean_balance']
INFO:app.services.csv_parsing_service:Preparing DataFrame: normalizing column names and data...
INFO:app.services.preparation_service:Starting DataFrame preparation...
INFO:app.services.preparation_service:Normalized column names: {'BALANCE 2021': 'balance 2021', 'Unnamed: 1': 'unnamed 1', 'Unnamed: 2': 'unnamed 2', 'Unnamed: 3': 'unnamed 3', 'Unnamed: 4': 'unnamed 4', 'Unnamed: 5': 'unnamed 5', 'Unnamed: 6': 'unnamed 6', 'clean_balance': 'clean balance'}
INFO:app.services.preparation_service:Removed empty columns. Remaining: ['balance 2021', 'unnamed 1', 'unnamed 2', 'unnamed 3', 'unnamed 4', 'unnamed 5', 'unnamed 6', 'clean balance']
INFO:app.services.preparation_service:DataFrame preparation complete
INFO:app.services.csv_parsing_service:Columns after preparation: ['balance 2021', 'unnamed 1', 'unnamed 2', 'unnamed 3', 'unnamed 4', 'unnamed 5', 'unnamed 6', 'clean balance']
INFO:app.services.csv_parsing_service:Starting NLP-based column classification with semantic matching...
INFO:app.services.column_classifier:Processing column: 'balance 2021' \u2192 normalized: 'balance 2021'
INFO:app.services.semantic_classifier:Loading semantic model: sentence-transformers/all-MiniLM-L6-v2
INFO:sentence_transformers.SentenceTransformer:Use pytorch device_name: cpu
INFO:sentence_transformers.SentenceTransformer:Load pretrained SentenceTransformer: sentence-transformers/all-MiniLM-L6-v2
INFO:httpx:HTTP Request: HEAD https://huggingface.co/sentence-transformers/all-MiniLM-L6-v2/resolve/main/config_sentence_transformers.json "HTTP/1.1 307 Temporary Redirect"
WARNING:huggingface_hub.utils._http:Warning: You are sending unauthenticated requests to the HF Hub. Please set a HF_TOKEN to enable higher rate limits and faster downloads.
INFO:httpx:HTTP Request: HEAD https://huggingface.co/api/resolve-cache/models/sentence-transformers/all-MiniLM-L6-v2/c9745ed1d9f207416be6d2e6f8de32d1f16199bf/config_sentence_transformers.json "HTTP/1.1 200 OK"
INFO:httpx:HTTP Request: HEAD https://huggingface.co/sentence-transformers/all-MiniLM-L6-v2/resolve/main/config_sentence_transformers.json "HTTP/1.1 307 Temporary Redirect"
INFO:httpx:HTTP Request: HEAD https://huggingface.co/api/resolve-cache/models/sentence-transformers/all-MiniLM-L6-v2/c9745ed1d9f207416be6d2e6f8de32d1f16199bf/config_sentence_transformers.json "HTTP/1.1 200 OK"
INFO:httpx:HTTP Request: HEAD https://huggingface.co/sentence-transformers/all-MiniLM-L6-v2/resolve/main/README.md "HTTP/1.1 307 Temporary Redirect"
INFO:httpx:HTTP Request: HEAD https://huggingface.co/api/resolve-cache/models/sentence-transformers/all-MiniLM-L6-v2/c9745ed1d9f207416be6d2e6f8de32d1f16199bf/README.md "HTTP/1.1 200 OK"
INFO:httpx:HTTP Request: HEAD https://huggingface.co/sentence-transformers/all-MiniLM-L6-v2/resolve/main/modules.json "HTTP/1.1 307 Temporary Redirect"
INFO:httpx:HTTP Request: HEAD https://huggingface.co/api/resolve-cache/models/sentence-transformers/all-MiniLM-L6-v2/c9745ed1d9f207416be6d2e6f8de32d1f16199bf/modules.json "HTTP/1.1 200 OK"
INFO:httpx:HTTP Request: HEAD https://huggingface.co/sentence-transformers/all-MiniLM-L6-v2/resolve/main/sentence_bert_config.json "HTTP/1.1 307 Temporary Redirect"
INFO:httpx:HTTP Request: HEAD https://huggingface.co/api/resolve-cache/models/sentence-transformers/all-MiniLM-L6-v2/c9745ed1d9f207416be6d2e6f8de32d1f16199bf/sentence_bert_config.json "HTTP/1.1 200 OK"
INFO:httpx:HTTP Request: HEAD https://huggingface.co/sentence-transformers/all-MiniLM-L6-v2/resolve/main/adapter_config.json "HTTP/1.1 404 Not Found"
INFO:httpx:HTTP Request: HEAD https://huggingface.co/sentence-transformers/all-MiniLM-L6-v2/resolve/main/config.json "HTTP/1.1 307 Temporary Redirect"
INFO:httpx:HTTP Request: HEAD https://huggingface.co/api/resolve-cache/models/sentence-transformers/all-MiniLM-L6-v2/c9745ed1d9f207416be6d2e6f8de32d1f16199bf/config.json "HTTP/1.1 200 OK"
INFO:httpx:HTTP Request: HEAD https://huggingface.co/sentence-transformers/all-MiniLM-L6-v2/resolve/main/config.json "HTTP/1.1 307 Temporary Redirect"
INFO:httpx:HTTP Request: HEAD https://huggingface.co/api/resolve-cache/models/sentence-transformers/all-MiniLM-L6-v2/c9745ed1d9f207416be6d2e6f8de32d1f16199bf/config.json "HTTP/1.1 200 OK"
INFO:httpx:HTTP Request: HEAD https://huggingface.co/sentence-transformers/all-MiniLM-L6-v2/resolve/main/tokenizer_config.json "HTTP/1.1 307 Temporary Redirect"
INFO:httpx:HTTP Request: HEAD https://huggingface.co/api/resolve-cache/models/sentence-transformers/all-MiniLM-L6-v2/c9745ed1d9f207416be6d2e6f8de32d1f16199bf/tokenizer_config.json "HTTP/1.1 200 OK"
INFO:httpx:HTTP Request: GET https://huggingface.co/api/models/sentence-transformers/all-MiniLM-L6-v2/tree/main/additional_chat_templates?recursive=false&expand=false "HTTP/1.1 404 Not Found"
INFO:httpx:HTTP Request: GET https://huggingface.co/api/models/sentence-transformers/all-MiniLM-L6-v2/tree/main?recursive=true&expand=false "HTTP/1.1 200 OK"
INFO:httpx:HTTP Request: HEAD https://huggingface.co/sentence-transformers/all-MiniLM-L6-v2/resolve/main/1_Pooling/config.json "HTTP/1.1 307 Temporary Redirect"
INFO:httpx:HTTP Request: HEAD https://huggingface.co/api/resolve-cache/models/sentence-transformers/all-MiniLM-L6-v2/c9745ed1d9f207416be6d2e6f8de32d1f16199bf/1_Pooling%2Fconfig.json "HTTP/1.1 200 OK"
INFO:httpx:HTTP Request: GET https://huggingface.co/api/models/sentence-transformers/all-MiniLM-L6-v2 "HTTP/1.1 200 OK"
INFO:app.services.semantic_classifier:Semantic model loaded successfully
INFO:app.services.column_classifier:\u2713 Mapped 'balance 2021' \u2192 'solde_final' (confidence: 68.7%) [semantic=29.5, fuzzy=22.2, content=17.0]
INFO:app.services.column_classifier:Processing column: 'unnamed 1' \u2192 normalized: 'unnamed 1'
INFO:app.services.column_classifier:\u2713 Mapped 'unnamed 1' \u2192 'label' (confidence: 46.0%) [semantic=12.4, fuzzy=18.6, content=15.0]
INFO:app.services.column_classifier:Processing column: 'unnamed 2' \u2192 normalized: 'unnamed 2'
INFO:app.services.column_classifier:\u2713 Mapped 'unnamed 2' \u2192 'account_code' (confidence: 32.0%) [semantic=8.0, fuzzy=12.0, content=12.0]
INFO:app.services.column_classifier:Processing column: 'unnamed 3' \u2192 normalized: 'unnamed 3'
WARNING:app.services.column_classifier:\u2717 Column 'unnamed 3' partially matched 'credit' (score: 8.1/100, below 30 threshold)
INFO:app.services.column_classifier:Processing column: 'unnamed 4' \u2192 normalized: 'unnamed 4'
WARNING:app.services.column_classifier:\u2717 Column 'unnamed 4' partially matched 'credit' (score: 8.1/100, below 30 threshold)
INFO:app.services.column_classifier:Processing column: 'unnamed 5' \u2192 normalized: 'unnamed 5'
WARNING:app.services.column_classifier:\u2717 Column 'unnamed 5' partially matched 'credit' (score: 8.1/100, below 30 threshold)
INFO:app.services.column_classifier:Processing column: 'unnamed 6' \u2192 normalized: 'unnamed 6'
WARNING:app.services.column_classifier:\u2717 Column 'unnamed 6' partially matched 'credit' (score: 8.1/100, below 30 threshold)
INFO:app.services.column_classifier:Processing column: 'clean balance' \u2192 normalized: 'clean balance'
INFO:app.services.column_classifier:\u2713 Mapped 'clean balance' \u2192 'solde_credit' (confidence: 37.9%) [semantic=22.3, fuzzy=15.6, content=0.0]
INFO:app.services.column_classifier:Validating and boosting confidence scores using content analysis...
WARNING:app.services.semantic_classifier:\u26a0 Suspicious classification: 'clean balance' \u2192 'solde_credit' (confidence=37.9%, content_score=0.0)
INFO:app.services.column_classifier:Final column mapping: {'balance 2021': 'solde_final', 'unnamed 1': 'label', 'unnamed 2': 'account_code', 'unnamed 3': 'unknown', 'unnamed 4': 'unknown', 'unnamed 5': 'unknown', 'unnamed 6': 'unknown', 'clean balance': 'solde_credit'}
INFO:app.services.column_classifier:Confidence scores: [('balance 2021', '72.9%'), ('unnamed 1', '49.7%'), ('unnamed 2', '32.0%'), ('unnamed 3', '0.0%'), ('unnamed 4', '0.0%'), ('unnamed 5', '0.0%'), ('unnamed 6', '0.0%'), ('clean balance', '37.9%')]
INFO:app.services.csv_parsing_service:Column classification results with confidence:
INFO:app.services.csv_parsing_service:  'balance 2021' \u2192 'solde_final' (confidence: 72.9%)
INFO:app.services.csv_parsing_service:  'unnamed 1' \u2192 'label' (confidence: 49.7%)
INFO:app.services.csv_parsing_service:  'unnamed 2' \u2192 'account_code' (confidence: 32.0%)
INFO:app.services.csv_parsing_service:  'unnamed 3' \u2192 'unknown' (confidence: 0.0%)
INFO:app.services.csv_parsing_service:  'unnamed 4' \u2192 'unknown' (confidence: 0.0%)
INFO:app.services.csv_parsing_service:  'unnamed 5' \u2192 'unknown' (confidence: 0.0%)
INFO:app.services.csv_parsing_service:  'unnamed 6' \u2192 'unknown' (confidence: 0.0%)
INFO:app.services.csv_parsing_service:  'clean balance' \u2192 'solde_credit' (confidence: 37.9%)
INFO:app.services.data_extractor:Reverse mapping: {'solde_final': ['balance 2021'], 'label': ['unnamed 1'], 'account_code': ['unnamed 2'], 'solde_credit': ['clean balance']}
INFO:app.services.data_extractor:DataFrame columns after renaming: ['solde_final', 'label', 'account_code', 'unnamed 3', 'unnamed 4', 'unnamed 5', 'unnamed 6', 'solde_credit']
INFO:app.services.data_extractor:DataFrame shape: (107, 8)
INFO:app.services.data_extractor:DataFrame sample:
    solde_final             label account_code  unnamed 3  unnamed 4  unnamed 5  unnamed 6   solde_credit
0  BALANCE 2021         unnamed 1    unnamed 2  unnamed 3  unnamed 4  unnamed 5  unnamed 6  clean_balance
1                                                                                                        
2            N°  libelle ecriture  solde final                                                           
3      10100000           capital     1 000000                                                           
4      11100000    reserve legale                                                                        
INFO:app.services.data_extractor:Converted column 'solde_credit' to numeric
INFO:app.services.data_extractor:Converted column 'solde_final' to numeric
INFO:app.services.data_extractor:Rows before filtering: 107
INFO:app.services.data_extractor:Rows after filtering: 27
INFO:app.services.data_extractor:Sample data:
   solde_final               label  account_code  unnamed 3  unnamed 4  unnamed 5  unnamed 6  solde_credit
0       2021.0           unnamed 1     unnamed 2  unnamed 3  unnamed 4  unnamed 5  unnamed 6           NaN
2          NaN    libelle ecriture   solde final                                                       NaN
3   10100000.0             capital      1 000000                                                       NaN
5   12100000.0  resultats reportes    150 000000                                                       NaN
8   21300000.0           logiciels  2 500 000000                                                       NaN
INFO:app.services.data_extractor:Successfully extracted 27 records
INFO:root:Upload 52: Encoding=utf-8, Delimiter=;, Columns={'balance 2021': 'solde_final', 'unnamed 1': 'label', 'unnamed 2': 'account_code', 'unnamed 3': 'unknown', 'unnamed 4': 'unknown', 'unnamed 5': 'unknown', 'unnamed 6': 'unknown', 'clean balance': 'solde_credit'}, Confidence_Scores={'balance 2021': 72.9%, 'unnamed 1': 49.7%, 'unnamed 2': 32.0%, 'unnamed 3': 0.0%, 'unnamed 4': 0.0%, 'unnamed 5': 0.0%, 'unnamed 6': 0.0%, 'clean balance': 37.9%}
INFO:app.services.upload_service:Upload 52: 7 accounts inserted. Detected columns: ['solde_final', 'label', 'account_code', 'unnamed 3', 'unnamed 4', 'unnamed 5', 'unnamed 6', 'solde_credit']
INFO:app.services.upload_service:File saved: app/uploads\balance_2021_utf.csv
INFO:app.services.upload_service:Upload registered with ID: 53
INFO:app.services.upload_service:Starting to parse upload 53: balance_2021_utf.csv
INFO:app.utils.helpers:Successfully decoded first line with utf-8
INFO:app.utils.helpers:Detected delimiter: ';' from: {',': 0, ';': 6, '\t': 0, '|': 0}
INFO:app.utils.helpers:CSV read successfully: 106 rows, 7 columns
INFO:app.services.csv_parsing_service:Raw columns after reading CSV: ['col_0', 'col_1', 'col_2', 'col_3', 'col_4', 'col_5', 'col_6']
INFO:app.services.header_detector:Detected header at row 2: ['N°', 'Libellé écriture', 'Solde Final', '', '', '', '']
INFO:app.services.csv_parsing_service:Preparing DataFrame: normalizing column names and data...
INFO:app.services.preparation_service:Starting DataFrame preparation...
INFO:app.services.preparation_service:Normalized column names: {'N°': 'n', 'Libellé écriture': 'libelle ecriture', 'Solde Final': 'solde final', '': ''}
INFO:app.services.preparation_service:Removed empty columns. Remaining: ['n', 'libelle ecriture', 'solde final']
INFO:app.services.preparation_service:DataFrame preparation complete
INFO:app.services.csv_parsing_service:Columns after preparation: ['n', 'libelle ecriture', 'solde final']
INFO:app.services.csv_parsing_service:Starting NLP-based column classification with semantic matching...
INFO:app.services.column_classifier:Processing column: 'n' \u2192 normalized: 'n'
INFO:app.services.semantic_classifier:Loading semantic model: sentence-transformers/all-MiniLM-L6-v2
INFO:sentence_transformers.SentenceTransformer:Use pytorch device_name: cpu
INFO:sentence_transformers.SentenceTransformer:Load pretrained SentenceTransformer: sentence-transformers/all-MiniLM-L6-v2
INFO:httpx:HTTP Request: HEAD https://huggingface.co/sentence-transformers/all-MiniLM-L6-v2/resolve/main/modules.json "HTTP/1.1 307 Temporary Redirect"
INFO:httpx:HTTP Request: HEAD https://huggingface.co/api/resolve-cache/models/sentence-transformers/all-MiniLM-L6-v2/c9745ed1d9f207416be6d2e6f8de32d1f16199bf/modules.json "HTTP/1.1 200 OK"
INFO:httpx:HTTP Request: HEAD https://huggingface.co/sentence-transformers/all-MiniLM-L6-v2/resolve/main/config_sentence_transformers.json "HTTP/1.1 307 Temporary Redirect"
INFO:httpx:HTTP Request: HEAD https://huggingface.co/api/resolve-cache/models/sentence-transformers/all-MiniLM-L6-v2/c9745ed1d9f207416be6d2e6f8de32d1f16199bf/config_sentence_transformers.json "HTTP/1.1 200 OK"
INFO:httpx:HTTP Request: HEAD https://huggingface.co/sentence-transformers/all-MiniLM-L6-v2/resolve/main/config_sentence_transformers.json "HTTP/1.1 307 Temporary Redirect"
INFO:httpx:HTTP Request: HEAD https://huggingface.co/api/resolve-cache/models/sentence-transformers/all-MiniLM-L6-v2/c9745ed1d9f207416be6d2e6f8de32d1f16199bf/config_sentence_transformers.json "HTTP/1.1 200 OK"
INFO:httpx:HTTP Request: HEAD https://huggingface.co/sentence-transformers/all-MiniLM-L6-v2/resolve/main/README.md "HTTP/1.1 307 Temporary Redirect"
WARNING:huggingface_hub.utils._http:Warning: You are sending unauthenticated requests to the HF Hub. Please set a HF_TOKEN to enable higher rate limits and faster downloads.
INFO:httpx:HTTP Request: HEAD https://huggingface.co/api/resolve-cache/models/sentence-transformers/all-MiniLM-L6-v2/c9745ed1d9f207416be6d2e6f8de32d1f16199bf/README.md "HTTP/1.1 200 OK"
INFO:httpx:HTTP Request: HEAD https://huggingface.co/sentence-transformers/all-MiniLM-L6-v2/resolve/main/modules.json "HTTP/1.1 307 Temporary Redirect"
INFO:httpx:HTTP Request: HEAD https://huggingface.co/api/resolve-cache/models/sentence-transformers/all-MiniLM-L6-v2/c9745ed1d9f207416be6d2e6f8de32d1f16199bf/modules.json "HTTP/1.1 200 OK"
INFO:httpx:HTTP Request: HEAD https://huggingface.co/sentence-transformers/all-MiniLM-L6-v2/resolve/main/sentence_bert_config.json "HTTP/1.1 307 Temporary Redirect"
INFO:httpx:HTTP Request: HEAD https://huggingface.co/api/resolve-cache/models/sentence-transformers/all-MiniLM-L6-v2/c9745ed1d9f207416be6d2e6f8de32d1f16199bf/sentence_bert_config.json "HTTP/1.1 200 OK"
INFO:httpx:HTTP Request: HEAD https://huggingface.co/sentence-transformers/all-MiniLM-L6-v2/resolve/main/adapter_config.json "HTTP/1.1 404 Not Found"
INFO:httpx:HTTP Request: HEAD https://huggingface.co/sentence-transformers/all-MiniLM-L6-v2/resolve/main/config.json "HTTP/1.1 307 Temporary Redirect"
INFO:httpx:HTTP Request: HEAD https://huggingface.co/api/resolve-cache/models/sentence-transformers/all-MiniLM-L6-v2/c9745ed1d9f207416be6d2e6f8de32d1f16199bf/config.json "HTTP/1.1 200 OK"
INFO:httpx:HTTP Request: HEAD https://huggingface.co/sentence-transformers/all-MiniLM-L6-v2/resolve/main/config.json "HTTP/1.1 307 Temporary Redirect"
INFO:httpx:HTTP Request: HEAD https://huggingface.co/api/resolve-cache/models/sentence-transformers/all-MiniLM-L6-v2/c9745ed1d9f207416be6d2e6f8de32d1f16199bf/config.json "HTTP/1.1 200 OK"
INFO:httpx:HTTP Request: HEAD https://huggingface.co/sentence-transformers/all-MiniLM-L6-v2/resolve/main/tokenizer_config.json "HTTP/1.1 307 Temporary Redirect"
INFO:httpx:HTTP Request: HEAD https://huggingface.co/api/resolve-cache/models/sentence-transformers/all-MiniLM-L6-v2/c9745ed1d9f207416be6d2e6f8de32d1f16199bf/tokenizer_config.json "HTTP/1.1 200 OK"
INFO:httpx:HTTP Request: GET https://huggingface.co/api/models/sentence-transformers/all-MiniLM-L6-v2/tree/main/additional_chat_templates?recursive=false&expand=false "HTTP/1.1 404 Not Found"
INFO:httpx:HTTP Request: GET https://huggingface.co/api/models/sentence-transformers/all-MiniLM-L6-v2/tree/main?recursive=true&expand=false "HTTP/1.1 200 OK"
INFO:httpx:HTTP Request: HEAD https://huggingface.co/sentence-transformers/all-MiniLM-L6-v2/resolve/main/1_Pooling/config.json "HTTP/1.1 307 Temporary Redirect"
INFO:httpx:HTTP Request: HEAD https://huggingface.co/api/resolve-cache/models/sentence-transformers/all-MiniLM-L6-v2/c9745ed1d9f207416be6d2e6f8de32d1f16199bf/1_Pooling%2Fconfig.json "HTTP/1.1 200 OK"
INFO:httpx:HTTP Request: GET https://huggingface.co/api/models/sentence-transformers/all-MiniLM-L6-v2 "HTTP/1.1 200 OK"
INFO:app.services.semantic_classifier:Semantic model loaded successfully
INFO:app.services.column_classifier:\u2713 Mapped 'n' \u2192 'account_code' (confidence: 44.7%) [semantic=2.7, fuzzy=30.0, content=12.0]
INFO:app.services.column_classifier:Processing column: 'libelle ecriture' \u2192 normalized: 'libelle ecriture'
INFO:app.services.column_classifier:\u2713 Mapped 'libelle ecriture' \u2192 'label' (confidence: 46.3%) [semantic=1.3, fuzzy=30.0, content=15.0]
INFO:app.services.column_classifier:Processing column: 'solde final' \u2192 normalized: 'solde final'
INFO:app.services.column_classifier:\u2713 Mapped 'solde final' \u2192 'solde_final' (confidence: 40.8%) [semantic=10.8, fuzzy=30.0, content=0.0]
INFO:app.services.column_classifier:Validating and boosting confidence scores using content analysis...
WARNING:app.services.semantic_classifier:\u26a0 Suspicious classification: 'solde final' \u2192 'solde_final' (confidence=40.8%, content_score=0.0)
INFO:app.services.column_classifier:Final column mapping: {'n': 'account_code', 'libelle ecriture': 'label', 'solde final': 'solde_final'}
INFO:app.services.column_classifier:Confidence scores: [('n', '44.7%'), ('libelle ecriture', '50.1%'), ('solde final', '40.8%')]
INFO:app.services.csv_parsing_service:Column classification results with confidence:
INFO:app.services.csv_parsing_service:  'n' \u2192 'account_code' (confidence: 44.7%)
INFO:app.services.csv_parsing_service:  'libelle ecriture' \u2192 'label' (confidence: 50.1%)
INFO:app.services.csv_parsing_service:  'solde final' \u2192 'solde_final' (confidence: 40.8%)
INFO:app.services.data_extractor:Reverse mapping: {'account_code': ['n'], 'label': ['libelle ecriture'], 'solde_final': ['solde final']}
INFO:app.services.data_extractor:DataFrame columns after renaming: ['account_code', 'label', 'solde_final']
INFO:app.services.data_extractor:DataFrame shape: (106, 3)
INFO:app.services.data_extractor:DataFrame sample:
   account_code             label  solde_final
0  balance 2021                               
1                                             
2             n  libelle ecriture  Solde Final
3      10100000           capital   -1 000,000
4      11100000    reserve legale             
INFO:app.services.data_extractor:Converted column 'solde_final' to numeric
INFO:app.services.data_extractor:Rows before filtering: 106
INFO:app.services.data_extractor:Rows after filtering: 100
INFO:app.services.data_extractor:Sample data:
   account_code               label  solde_final
0  balance 2021                              NaN
2             n    libelle ecriture          NaN
3      10100000             capital      -1000.0
4      11100000      reserve legale          NaN
5      12100000  resultats reportes    -150000.0
INFO:app.services.data_extractor:Successfully extracted 100 records
INFO:root:Upload 53: Encoding=UTF-8-SIG, Delimiter=;, Columns={'n': 'account_code', 'libelle ecriture': 'label', 'solde final': 'solde_final'}, Confidence_Scores={'n': 44.7%, 'libelle ecriture': 50.1%, 'solde final': 40.8%}
INFO:app.services.upload_service:Upload 53: 98 accounts inserted. Detected columns: ['account_code', 'label', 'solde_final']
INFO:app.services.upload_service:File saved: app/uploads\balance_fixed.csv
INFO:app.services.upload_service:Upload registered with ID: 54
INFO:app.services.upload_service:Starting to parse upload 54: balance_fixed.csv
INFO:app.utils.helpers:Successfully decoded first line with utf-8
INFO:app.utils.helpers:Detected delimiter: ';' from: {',': 0, ';': 7, '\t': 0, '|': 0}
INFO:app.utils.helpers:CSV read successfully: 107 rows, 8 columns
INFO:app.services.csv_parsing_service:Raw columns after reading CSV: ['col_0', 'col_1', 'col_2', 'col_3', 'col_4', 'col_5', 'col_6', 'col_7']
INFO:app.services.header_detector:Detected header at row 0: ['BALANCE 2021', 'Unnamed: 1', 'Unnamed: 2', 'Unnamed: 3', 'Unnamed: 4', 'Unnamed: 5', 'Unnamed: 6', 'clean_balance']
INFO:app.services.csv_parsing_service:Preparing DataFrame: normalizing column names and data...
INFO:app.services.preparation_service:Starting DataFrame preparation...
INFO:app.services.preparation_service:Normalized column names: {'BALANCE 2021': 'balance 2021', 'Unnamed: 1': 'unnamed 1', 'Unnamed: 2': 'unnamed 2', 'Unnamed: 3': 'unnamed 3', 'Unnamed: 4': 'unnamed 4', 'Unnamed: 5': 'unnamed 5', 'Unnamed: 6': 'unnamed 6', 'clean_balance': 'clean balance'}
INFO:app.services.preparation_service:Removed empty columns. Remaining: ['balance 2021', 'unnamed 1', 'unnamed 2', 'unnamed 3', 'unnamed 4', 'unnamed 5', 'unnamed 6', 'clean balance']
INFO:app.services.preparation_service:DataFrame preparation complete
INFO:app.services.csv_parsing_service:Columns after preparation: ['balance 2021', 'unnamed 1', 'unnamed 2', 'unnamed 3', 'unnamed 4', 'unnamed 5', 'unnamed 6', 'clean balance']
INFO:app.services.csv_parsing_service:Starting NLP-based column classification with semantic matching...
INFO:app.services.column_classifier:Processing column: 'balance 2021' \u2192 normalized: 'balance 2021'
INFO:app.services.semantic_classifier:Loading semantic model: sentence-transformers/all-MiniLM-L6-v2
INFO:sentence_transformers.SentenceTransformer:Use pytorch device_name: cpu
INFO:sentence_transformers.SentenceTransformer:Load pretrained SentenceTransformer: sentence-transformers/all-MiniLM-L6-v2
INFO:httpx:HTTP Request: HEAD https://huggingface.co/sentence-transformers/all-MiniLM-L6-v2/resolve/main/modules.json "HTTP/1.1 307 Temporary Redirect"
WARNING:huggingface_hub.utils._http:Warning: You are sending unauthenticated requests to the HF Hub. Please set a HF_TOKEN to enable higher rate limits and faster downloads.
INFO:httpx:HTTP Request: HEAD https://huggingface.co/api/resolve-cache/models/sentence-transformers/all-MiniLM-L6-v2/c9745ed1d9f207416be6d2e6f8de32d1f16199bf/modules.json "HTTP/1.1 200 OK"
INFO:httpx:HTTP Request: HEAD https://huggingface.co/sentence-transformers/all-MiniLM-L6-v2/resolve/main/config_sentence_transformers.json "HTTP/1.1 307 Temporary Redirect"
INFO:httpx:HTTP Request: HEAD https://huggingface.co/api/resolve-cache/models/sentence-transformers/all-MiniLM-L6-v2/c9745ed1d9f207416be6d2e6f8de32d1f16199bf/config_sentence_transformers.json "HTTP/1.1 200 OK"
INFO:httpx:HTTP Request: HEAD https://huggingface.co/sentence-transformers/all-MiniLM-L6-v2/resolve/main/config_sentence_transformers.json "HTTP/1.1 307 Temporary Redirect"
INFO:httpx:HTTP Request: HEAD https://huggingface.co/api/resolve-cache/models/sentence-transformers/all-MiniLM-L6-v2/c9745ed1d9f207416be6d2e6f8de32d1f16199bf/config_sentence_transformers.json "HTTP/1.1 200 OK"
INFO:httpx:HTTP Request: HEAD https://huggingface.co/sentence-transformers/all-MiniLM-L6-v2/resolve/main/README.md "HTTP/1.1 307 Temporary Redirect"
INFO:httpx:HTTP Request: HEAD https://huggingface.co/api/resolve-cache/models/sentence-transformers/all-MiniLM-L6-v2/c9745ed1d9f207416be6d2e6f8de32d1f16199bf/README.md "HTTP/1.1 200 OK"
INFO:httpx:HTTP Request: HEAD https://huggingface.co/sentence-transformers/all-MiniLM-L6-v2/resolve/main/modules.json "HTTP/1.1 307 Temporary Redirect"
INFO:httpx:HTTP Request: HEAD https://huggingface.co/api/resolve-cache/models/sentence-transformers/all-MiniLM-L6-v2/c9745ed1d9f207416be6d2e6f8de32d1f16199bf/modules.json "HTTP/1.1 200 OK"
INFO:httpx:HTTP Request: HEAD https://huggingface.co/sentence-transformers/all-MiniLM-L6-v2/resolve/main/sentence_bert_config.json "HTTP/1.1 307 Temporary Redirect"
INFO:httpx:HTTP Request: HEAD https://huggingface.co/api/resolve-cache/models/sentence-transformers/all-MiniLM-L6-v2/c9745ed1d9f207416be6d2e6f8de32d1f16199bf/sentence_bert_config.json "HTTP/1.1 200 OK"
INFO:httpx:HTTP Request: HEAD https://huggingface.co/sentence-transformers/all-MiniLM-L6-v2/resolve/main/adapter_config.json "HTTP/1.1 404 Not Found"
INFO:httpx:HTTP Request: HEAD https://huggingface.co/sentence-transformers/all-MiniLM-L6-v2/resolve/main/config.json "HTTP/1.1 307 Temporary Redirect"
INFO:httpx:HTTP Request: HEAD https://huggingface.co/api/resolve-cache/models/sentence-transformers/all-MiniLM-L6-v2/c9745ed1d9f207416be6d2e6f8de32d1f16199bf/config.json "HTTP/1.1 200 OK"
INFO:httpx:HTTP Request: HEAD https://huggingface.co/sentence-transformers/all-MiniLM-L6-v2/resolve/main/config.json "HTTP/1.1 307 Temporary Redirect"
INFO:httpx:HTTP Request: HEAD https://huggingface.co/api/resolve-cache/models/sentence-transformers/all-MiniLM-L6-v2/c9745ed1d9f207416be6d2e6f8de32d1f16199bf/config.json "HTTP/1.1 200 OK"
INFO:httpx:HTTP Request: HEAD https://huggingface.co/sentence-transformers/all-MiniLM-L6-v2/resolve/main/tokenizer_config.json "HTTP/1.1 307 Temporary Redirect"
INFO:httpx:HTTP Request: HEAD https://huggingface.co/api/resolve-cache/models/sentence-transformers/all-MiniLM-L6-v2/c9745ed1d9f207416be6d2e6f8de32d1f16199bf/tokenizer_config.json "HTTP/1.1 200 OK"
INFO:httpx:HTTP Request: GET https://huggingface.co/api/models/sentence-transformers/all-MiniLM-L6-v2/tree/main/additional_chat_templates?recursive=false&expand=false "HTTP/1.1 404 Not Found"
INFO:httpx:HTTP Request: GET https://huggingface.co/api/models/sentence-transformers/all-MiniLM-L6-v2/tree/main?recursive=true&expand=false "HTTP/1.1 200 OK"
INFO:httpx:HTTP Request: HEAD https://huggingface.co/sentence-transformers/all-MiniLM-L6-v2/resolve/main/1_Pooling/config.json "HTTP/1.1 307 Temporary Redirect"
INFO:httpx:HTTP Request: HEAD https://huggingface.co/api/resolve-cache/models/sentence-transformers/all-MiniLM-L6-v2/c9745ed1d9f207416be6d2e6f8de32d1f16199bf/1_Pooling%2Fconfig.json "HTTP/1.1 200 OK"
INFO:httpx:HTTP Request: GET https://huggingface.co/api/models/sentence-transformers/all-MiniLM-L6-v2 "HTTP/1.1 200 OK"
INFO:app.services.semantic_classifier:Semantic model loaded successfully
INFO:app.services.column_classifier:\u2713 Mapped 'balance 2021' \u2192 'solde_final' (confidence: 68.7%) [semantic=29.5, fuzzy=22.2, content=17.0]
INFO:app.services.column_classifier:Processing column: 'unnamed 1' \u2192 normalized: 'unnamed 1'
INFO:app.services.column_classifier:\u2713 Mapped 'unnamed 1' \u2192 'label' (confidence: 46.0%) [semantic=12.4, fuzzy=18.6, content=15.0]
INFO:app.services.column_classifier:Processing column: 'unnamed 2' \u2192 normalized: 'unnamed 2'
INFO:app.services.column_classifier:\u2713 Mapped 'unnamed 2' \u2192 'account_code' (confidence: 32.0%) [semantic=8.0, fuzzy=12.0, content=12.0]
INFO:app.services.column_classifier:Processing column: 'unnamed 3' \u2192 normalized: 'unnamed 3'
WARNING:app.services.column_classifier:\u2717 Column 'unnamed 3' partially matched 'credit' (score: 8.1/100, below 30 threshold)
INFO:app.services.column_classifier:Processing column: 'unnamed 4' \u2192 normalized: 'unnamed 4'
WARNING:app.services.column_classifier:\u2717 Column 'unnamed 4' partially matched 'credit' (score: 8.1/100, below 30 threshold)
INFO:app.services.column_classifier:Processing column: 'unnamed 5' \u2192 normalized: 'unnamed 5'
WARNING:app.services.column_classifier:\u2717 Column 'unnamed 5' partially matched 'credit' (score: 8.1/100, below 30 threshold)
INFO:app.services.column_classifier:Processing column: 'unnamed 6' \u2192 normalized: 'unnamed 6'
WARNING:app.services.column_classifier:\u2717 Column 'unnamed 6' partially matched 'credit' (score: 8.1/100, below 30 threshold)
INFO:app.services.column_classifier:Processing column: 'clean balance' \u2192 normalized: 'clean balance'
INFO:app.services.column_classifier:\u2713 Mapped 'clean balance' \u2192 'solde_credit' (confidence: 37.9%) [semantic=22.3, fuzzy=15.6, content=0.0]
INFO:app.services.column_classifier:Validating and boosting confidence scores using content analysis...
WARNING:app.services.semantic_classifier:\u26a0 Suspicious classification: 'clean balance' \u2192 'solde_credit' (confidence=37.9%, content_score=0.0)
INFO:app.services.column_classifier:Final column mapping: {'balance 2021': 'solde_final', 'unnamed 1': 'label', 'unnamed 2': 'account_code', 'unnamed 3': 'unknown', 'unnamed 4': 'unknown', 'unnamed 5': 'unknown', 'unnamed 6': 'unknown', 'clean balance': 'solde_credit'}
INFO:app.services.column_classifier:Confidence scores: [('balance 2021', '72.9%'), ('unnamed 1', '49.7%'), ('unnamed 2', '32.0%'), ('unnamed 3', '0.0%'), ('unnamed 4', '0.0%'), ('unnamed 5', '0.0%'), ('unnamed 6', '0.0%'), ('clean balance', '37.9%')]
INFO:app.services.csv_parsing_service:Column classification results with confidence:
INFO:app.services.csv_parsing_service:  'balance 2021' \u2192 'solde_final' (confidence: 72.9%)
INFO:app.services.csv_parsing_service:  'unnamed 1' \u2192 'label' (confidence: 49.7%)
INFO:app.services.csv_parsing_service:  'unnamed 2' \u2192 'account_code' (confidence: 32.0%)
INFO:app.services.csv_parsing_service:  'unnamed 3' \u2192 'unknown' (confidence: 0.0%)
INFO:app.services.csv_parsing_service:  'unnamed 4' \u2192 'unknown' (confidence: 0.0%)
INFO:app.services.csv_parsing_service:  'unnamed 5' \u2192 'unknown' (confidence: 0.0%)
INFO:app.services.csv_parsing_service:  'unnamed 6' \u2192 'unknown' (confidence: 0.0%)
INFO:app.services.csv_parsing_service:  'clean balance' \u2192 'solde_credit' (confidence: 37.9%)
INFO:app.services.data_extractor:Reverse mapping: {'solde_final': ['balance 2021'], 'label': ['unnamed 1'], 'account_code': ['unnamed 2'], 'solde_credit': ['clean balance']}
INFO:app.services.data_extractor:DataFrame columns after renaming: ['solde_final', 'label', 'account_code', 'unnamed 3', 'unnamed 4', 'unnamed 5', 'unnamed 6', 'solde_credit']
INFO:app.services.data_extractor:DataFrame shape: (107, 8)
INFO:app.services.data_extractor:DataFrame sample:
    solde_final             label account_code   unnamed 3   unnamed 4   unnamed 5   unnamed 6   solde_credit
0  BALANCE 2021        Unnamed: 1   Unnamed: 2  Unnamed: 3  Unnamed: 4  Unnamed: 5  Unnamed: 6  clean_balance
1                                                                                                            
2            N°  Libellé écriture  Solde Final                                                               
3      10100000           CAPITAL   -1 000,000                                                               
4      11100000    RESERVE LEGALE                                                                            
INFO:app.services.data_extractor:Converted column 'solde_credit' to numeric with empty values as 0
INFO:app.services.data_extractor:Converted column 'solde_final' to numeric with empty values as 0
INFO:app.services.data_extractor:Rows before filtering: 107
INFO:app.services.data_extractor:Rows after filtering: 27
INFO:app.services.data_extractor:Sample data:
   solde_final               label   account_code   unnamed 3   unnamed 4   unnamed 5   unnamed 6  solde_credit
0       2021.0          Unnamed: 1     Unnamed: 2  Unnamed: 3  Unnamed: 4  Unnamed: 5  Unnamed: 6           0.0
2          0.0    Libellé écriture    Solde Final                                                           0.0
3   10100000.0             CAPITAL     -1 000,000                                                           0.0
5   12100000.0  RESULTATS REPORTES   -150 000,000                                                           0.0
8   21300000.0           LOGICIELS  2 500 000,000                                                           0.0
INFO:app.services.data_extractor:Successfully extracted 27 records
INFO:root:Upload 54: Encoding=utf-8, Delimiter=;, Columns={'balance 2021': 'solde_final', 'unnamed 1': 'label', 'unnamed 2': 'account_code', 'unnamed 3': 'unknown', 'unnamed 4': 'unknown', 'unnamed 5': 'unknown', 'unnamed 6': 'unknown', 'clean balance': 'solde_credit'}, Confidence_Scores={'balance 2021': 72.9%, 'unnamed 1': 49.7%, 'unnamed 2': 32.0%, 'unnamed 3': 0.0%, 'unnamed 4': 0.0%, 'unnamed 5': 0.0%, 'unnamed 6': 0.0%, 'clean balance': 37.9%}
INFO:app.services.upload_service:Upload 54: 0 accounts inserted. Detected columns: []
INFO:app.services.upload_service:Starting to parse upload 54: balance_fixed.csv
INFO:app.utils.helpers:Successfully decoded first line with utf-8
INFO:app.utils.helpers:Detected delimiter: ';' from: {',': 0, ';': 7, '\t': 0, '|': 0}
INFO:app.utils.helpers:CSV read successfully: 107 rows, 8 columns
INFO:app.services.csv_parsing_service:Raw columns after reading CSV: ['col_0', 'col_1', 'col_2', 'col_3', 'col_4', 'col_5', 'col_6', 'col_7']
INFO:app.services.header_detector:Detected header at row 0: ['BALANCE 2021', 'Unnamed: 1', 'Unnamed: 2', 'Unnamed: 3', 'Unnamed: 4', 'Unnamed: 5', 'Unnamed: 6', 'clean_balance']
INFO:app.services.csv_parsing_service:Preparing DataFrame: normalizing column names and data...
INFO:app.services.preparation_service:Starting DataFrame preparation...
INFO:app.services.preparation_service:Normalized column names: {'BALANCE 2021': 'balance 2021', 'Unnamed: 1': 'unnamed 1', 'Unnamed: 2': 'unnamed 2', 'Unnamed: 3': 'unnamed 3', 'Unnamed: 4': 'unnamed 4', 'Unnamed: 5': 'unnamed 5', 'Unnamed: 6': 'unnamed 6', 'clean_balance': 'clean balance'}
INFO:app.services.preparation_service:Removed empty columns. Remaining: ['balance 2021', 'unnamed 1', 'unnamed 2', 'unnamed 3', 'unnamed 4', 'unnamed 5', 'unnamed 6', 'clean balance']
INFO:app.services.preparation_service:DataFrame preparation complete
INFO:app.services.csv_parsing_service:Columns after preparation: ['balance 2021', 'unnamed 1', 'unnamed 2', 'unnamed 3', 'unnamed 4', 'unnamed 5', 'unnamed 6', 'clean balance']
INFO:app.services.csv_parsing_service:Starting NLP-based column classification with semantic matching...
INFO:app.services.column_classifier:Processing column: 'balance 2021' \u2192 normalized: 'balance 2021'
INFO:app.services.semantic_classifier:Loading semantic model: sentence-transformers/all-MiniLM-L6-v2
INFO:sentence_transformers.SentenceTransformer:Use pytorch device_name: cpu
INFO:sentence_transformers.SentenceTransformer:Load pretrained SentenceTransformer: sentence-transformers/all-MiniLM-L6-v2
INFO:httpx:HTTP Request: HEAD https://huggingface.co/sentence-transformers/all-MiniLM-L6-v2/resolve/main/modules.json "HTTP/1.1 307 Temporary Redirect"
INFO:httpx:HTTP Request: HEAD https://huggingface.co/api/resolve-cache/models/sentence-transformers/all-MiniLM-L6-v2/c9745ed1d9f207416be6d2e6f8de32d1f16199bf/modules.json "HTTP/1.1 200 OK"
INFO:httpx:HTTP Request: HEAD https://huggingface.co/sentence-transformers/all-MiniLM-L6-v2/resolve/main/config_sentence_transformers.json "HTTP/1.1 307 Temporary Redirect"
WARNING:huggingface_hub.utils._http:Warning: You are sending unauthenticated requests to the HF Hub. Please set a HF_TOKEN to enable higher rate limits and faster downloads.
INFO:httpx:HTTP Request: HEAD https://huggingface.co/api/resolve-cache/models/sentence-transformers/all-MiniLM-L6-v2/c9745ed1d9f207416be6d2e6f8de32d1f16199bf/config_sentence_transformers.json "HTTP/1.1 200 OK"
INFO:httpx:HTTP Request: HEAD https://huggingface.co/sentence-transformers/all-MiniLM-L6-v2/resolve/main/config_sentence_transformers.json "HTTP/1.1 307 Temporary Redirect"
INFO:httpx:HTTP Request: HEAD https://huggingface.co/api/resolve-cache/models/sentence-transformers/all-MiniLM-L6-v2/c9745ed1d9f207416be6d2e6f8de32d1f16199bf/config_sentence_transformers.json "HTTP/1.1 200 OK"
INFO:httpx:HTTP Request: HEAD https://huggingface.co/sentence-transformers/all-MiniLM-L6-v2/resolve/main/README.md "HTTP/1.1 307 Temporary Redirect"
INFO:httpx:HTTP Request: HEAD https://huggingface.co/api/resolve-cache/models/sentence-transformers/all-MiniLM-L6-v2/c9745ed1d9f207416be6d2e6f8de32d1f16199bf/README.md "HTTP/1.1 200 OK"
INFO:httpx:HTTP Request: HEAD https://huggingface.co/sentence-transformers/all-MiniLM-L6-v2/resolve/main/modules.json "HTTP/1.1 307 Temporary Redirect"
INFO:httpx:HTTP Request: HEAD https://huggingface.co/api/resolve-cache/models/sentence-transformers/all-MiniLM-L6-v2/c9745ed1d9f207416be6d2e6f8de32d1f16199bf/modules.json "HTTP/1.1 200 OK"
INFO:httpx:HTTP Request: HEAD https://huggingface.co/sentence-transformers/all-MiniLM-L6-v2/resolve/main/sentence_bert_config.json "HTTP/1.1 307 Temporary Redirect"
INFO:httpx:HTTP Request: HEAD https://huggingface.co/api/resolve-cache/models/sentence-transformers/all-MiniLM-L6-v2/c9745ed1d9f207416be6d2e6f8de32d1f16199bf/sentence_bert_config.json "HTTP/1.1 200 OK"
INFO:httpx:HTTP Request: HEAD https://huggingface.co/sentence-transformers/all-MiniLM-L6-v2/resolve/main/adapter_config.json "HTTP/1.1 404 Not Found"
INFO:httpx:HTTP Request: HEAD https://huggingface.co/sentence-transformers/all-MiniLM-L6-v2/resolve/main/config.json "HTTP/1.1 307 Temporary Redirect"
INFO:httpx:HTTP Request: HEAD https://huggingface.co/api/resolve-cache/models/sentence-transformers/all-MiniLM-L6-v2/c9745ed1d9f207416be6d2e6f8de32d1f16199bf/config.json "HTTP/1.1 200 OK"
INFO:httpx:HTTP Request: HEAD https://huggingface.co/sentence-transformers/all-MiniLM-L6-v2/resolve/main/config.json "HTTP/1.1 307 Temporary Redirect"
INFO:httpx:HTTP Request: HEAD https://huggingface.co/api/resolve-cache/models/sentence-transformers/all-MiniLM-L6-v2/c9745ed1d9f207416be6d2e6f8de32d1f16199bf/config.json "HTTP/1.1 200 OK"
INFO:httpx:HTTP Request: HEAD https://huggingface.co/sentence-transformers/all-MiniLM-L6-v2/resolve/main/tokenizer_config.json "HTTP/1.1 307 Temporary Redirect"
INFO:httpx:HTTP Request: HEAD https://huggingface.co/api/resolve-cache/models/sentence-transformers/all-MiniLM-L6-v2/c9745ed1d9f207416be6d2e6f8de32d1f16199bf/tokenizer_config.json "HTTP/1.1 200 OK"
INFO:httpx:HTTP Request: GET https://huggingface.co/api/models/sentence-transformers/all-MiniLM-L6-v2/tree/main/additional_chat_templates?recursive=false&expand=false "HTTP/1.1 404 Not Found"
INFO:httpx:HTTP Request: GET https://huggingface.co/api/models/sentence-transformers/all-MiniLM-L6-v2/tree/main?recursive=true&expand=false "HTTP/1.1 200 OK"
INFO:httpx:HTTP Request: HEAD https://huggingface.co/sentence-transformers/all-MiniLM-L6-v2/resolve/main/1_Pooling/config.json "HTTP/1.1 307 Temporary Redirect"
INFO:httpx:HTTP Request: HEAD https://huggingface.co/api/resolve-cache/models/sentence-transformers/all-MiniLM-L6-v2/c9745ed1d9f207416be6d2e6f8de32d1f16199bf/1_Pooling%2Fconfig.json "HTTP/1.1 200 OK"
INFO:httpx:HTTP Request: GET https://huggingface.co/api/models/sentence-transformers/all-MiniLM-L6-v2 "HTTP/1.1 200 OK"
INFO:app.services.semantic_classifier:Semantic model loaded successfully
INFO:app.services.column_classifier:\u2713 Mapped 'balance 2021' \u2192 'solde_final' (confidence: 68.7%) [semantic=29.5, fuzzy=22.2, content=17.0]
INFO:app.services.column_classifier:Processing column: 'unnamed 1' \u2192 normalized: 'unnamed 1'
INFO:app.services.column_classifier:\u2713 Mapped 'unnamed 1' \u2192 'label' (confidence: 46.0%) [semantic=12.4, fuzzy=18.6, content=15.0]
INFO:app.services.column_classifier:Processing column: 'unnamed 2' \u2192 normalized: 'unnamed 2'
INFO:app.services.column_classifier:\u2713 Mapped 'unnamed 2' \u2192 'account_code' (confidence: 32.0%) [semantic=8.0, fuzzy=12.0, content=12.0]
INFO:app.services.column_classifier:Processing column: 'unnamed 3' \u2192 normalized: 'unnamed 3'
WARNING:app.services.column_classifier:\u2717 Column 'unnamed 3' partially matched 'credit' (score: 8.1/100, below 30 threshold)
INFO:app.services.column_classifier:Processing column: 'unnamed 4' \u2192 normalized: 'unnamed 4'
WARNING:app.services.column_classifier:\u2717 Column 'unnamed 4' partially matched 'credit' (score: 8.1/100, below 30 threshold)
INFO:app.services.column_classifier:Processing column: 'unnamed 5' \u2192 normalized: 'unnamed 5'
WARNING:app.services.column_classifier:\u2717 Column 'unnamed 5' partially matched 'credit' (score: 8.1/100, below 30 threshold)
INFO:app.services.column_classifier:Processing column: 'unnamed 6' \u2192 normalized: 'unnamed 6'
WARNING:app.services.column_classifier:\u2717 Column 'unnamed 6' partially matched 'credit' (score: 8.1/100, below 30 threshold)
INFO:app.services.column_classifier:Processing column: 'clean balance' \u2192 normalized: 'clean balance'
INFO:app.services.column_classifier:\u2713 Mapped 'clean balance' \u2192 'solde_credit' (confidence: 37.9%) [semantic=22.3, fuzzy=15.6, content=0.0]
INFO:app.services.column_classifier:Validating and boosting confidence scores using content analysis...
WARNING:app.services.semantic_classifier:\u26a0 Suspicious classification: 'clean balance' \u2192 'solde_credit' (confidence=37.9%, content_score=0.0)
INFO:app.services.column_classifier:Final column mapping: {'balance 2021': 'solde_final', 'unnamed 1': 'label', 'unnamed 2': 'account_code', 'unnamed 3': 'unknown', 'unnamed 4': 'unknown', 'unnamed 5': 'unknown', 'unnamed 6': 'unknown', 'clean balance': 'solde_credit'}
INFO:app.services.column_classifier:Confidence scores: [('balance 2021', '72.9%'), ('unnamed 1', '49.7%'), ('unnamed 2', '32.0%'), ('unnamed 3', '0.0%'), ('unnamed 4', '0.0%'), ('unnamed 5', '0.0%'), ('unnamed 6', '0.0%'), ('clean balance', '37.9%')]
INFO:app.services.csv_parsing_service:Column classification results with confidence:
INFO:app.services.csv_parsing_service:  'balance 2021' \u2192 'solde_final' (confidence: 72.9%)
INFO:app.services.csv_parsing_service:  'unnamed 1' \u2192 'label' (confidence: 49.7%)
INFO:app.services.csv_parsing_service:  'unnamed 2' \u2192 'account_code' (confidence: 32.0%)
INFO:app.services.csv_parsing_service:  'unnamed 3' \u2192 'unknown' (confidence: 0.0%)
INFO:app.services.csv_parsing_service:  'unnamed 4' \u2192 'unknown' (confidence: 0.0%)
INFO:app.services.csv_parsing_service:  'unnamed 5' \u2192 'unknown' (confidence: 0.0%)
INFO:app.services.csv_parsing_service:  'unnamed 6' \u2192 'unknown' (confidence: 0.0%)
INFO:app.services.csv_parsing_service:  'clean balance' \u2192 'solde_credit' (confidence: 37.9%)
INFO:app.services.data_extractor:Reverse mapping: {'solde_final': ['balance 2021'], 'label': ['unnamed 1'], 'account_code': ['unnamed 2'], 'solde_credit': ['clean balance']}
INFO:app.services.data_extractor:DataFrame columns after renaming: ['solde_final', 'label', 'account_code', 'unnamed 3', 'unnamed 4', 'unnamed 5', 'unnamed 6', 'solde_credit']
INFO:app.services.data_extractor:DataFrame shape: (107, 8)
INFO:app.services.data_extractor:DataFrame sample:
    solde_final             label account_code   unnamed 3   unnamed 4   unnamed 5   unnamed 6   solde_credit
0  BALANCE 2021        Unnamed: 1   Unnamed: 2  Unnamed: 3  Unnamed: 4  Unnamed: 5  Unnamed: 6  clean_balance
1                                                                                                            
2            N°  Libellé écriture  Solde Final                                                               
3      10100000           CAPITAL   -1 000,000                                                               
4      11100000    RESERVE LEGALE                                                                            
INFO:app.services.data_extractor:Converted column 'solde_credit' to numeric
INFO:app.services.data_extractor:Converted column 'solde_final' to numeric
INFO:app.services.data_extractor:Rows before filtering: 107
INFO:app.services.data_extractor:Rows after filtering: 27
INFO:app.services.data_extractor:Sample data:
   solde_final               label   account_code   unnamed 3   unnamed 4   unnamed 5   unnamed 6  solde_credit
0       2021.0          Unnamed: 1     Unnamed: 2  Unnamed: 3  Unnamed: 4  Unnamed: 5  Unnamed: 6           NaN
2          NaN    Libellé écriture    Solde Final                                                           NaN
3   10100000.0             CAPITAL     -1 000,000                                                           NaN
5   12100000.0  RESULTATS REPORTES   -150 000,000                                                           NaN
8   21300000.0           LOGICIELS  2 500 000,000                                                           NaN
INFO:app.services.data_extractor:Successfully extracted 27 records
INFO:root:Upload 54: Encoding=utf-8, Delimiter=;, Columns={'balance 2021': 'solde_final', 'unnamed 1': 'label', 'unnamed 2': 'account_code', 'unnamed 3': 'unknown', 'unnamed 4': 'unknown', 'unnamed 5': 'unknown', 'unnamed 6': 'unknown', 'clean balance': 'solde_credit'}, Confidence_Scores={'balance 2021': 72.9%, 'unnamed 1': 49.7%, 'unnamed 2': 32.0%, 'unnamed 3': 0.0%, 'unnamed 4': 0.0%, 'unnamed 5': 0.0%, 'unnamed 6': 0.0%, 'clean balance': 37.9%}
INFO:app.services.upload_service:Upload 54: 0 accounts inserted. Detected columns: []
INFO:app.services.upload_service:Starting to parse upload 54: balance_fixed.csv
INFO:app.utils.helpers:Successfully decoded first line with utf-8
INFO:app.utils.helpers:Detected delimiter: ';' from: {',': 0, ';': 7, '\t': 0, '|': 0}
INFO:app.utils.helpers:CSV read successfully: 107 rows, 8 columns
INFO:app.services.csv_parsing_service:Raw columns after reading CSV: ['col_0', 'col_1', 'col_2', 'col_3', 'col_4', 'col_5', 'col_6', 'col_7']
INFO:app.services.header_detector:Detected header at row 0: ['BALANCE 2021', 'Unnamed: 1', 'Unnamed: 2', 'Unnamed: 3', 'Unnamed: 4', 'Unnamed: 5', 'Unnamed: 6', 'clean_balance']
INFO:app.services.csv_parsing_service:Preparing DataFrame: normalizing column names and data...
INFO:app.services.preparation_service:Starting DataFrame preparation...
INFO:app.services.preparation_service:Normalized column names: {'BALANCE 2021': 'balance 2021', 'Unnamed: 1': 'unnamed 1', 'Unnamed: 2': 'unnamed 2', 'Unnamed: 3': 'unnamed 3', 'Unnamed: 4': 'unnamed 4', 'Unnamed: 5': 'unnamed 5', 'Unnamed: 6': 'unnamed 6', 'clean_balance': 'clean balance'}
INFO:app.services.preparation_service:Removed empty columns. Remaining: ['balance 2021', 'unnamed 1', 'unnamed 2', 'unnamed 3', 'unnamed 4', 'unnamed 5', 'unnamed 6', 'clean balance']
INFO:app.services.preparation_service:DataFrame preparation complete
INFO:app.services.csv_parsing_service:Columns after preparation: ['balance 2021', 'unnamed 1', 'unnamed 2', 'unnamed 3', 'unnamed 4', 'unnamed 5', 'unnamed 6', 'clean balance']
INFO:app.services.csv_parsing_service:Starting NLP-based column classification with semantic matching...
INFO:app.services.column_classifier:Processing column: 'balance 2021' \u2192 normalized: 'balance 2021'
INFO:app.services.semantic_classifier:Loading semantic model: sentence-transformers/all-MiniLM-L6-v2
INFO:sentence_transformers.SentenceTransformer:Use pytorch device_name: cpu
INFO:sentence_transformers.SentenceTransformer:Load pretrained SentenceTransformer: sentence-transformers/all-MiniLM-L6-v2
INFO:httpx:HTTP Request: HEAD https://huggingface.co/sentence-transformers/all-MiniLM-L6-v2/resolve/main/modules.json "HTTP/1.1 307 Temporary Redirect"
INFO:httpx:HTTP Request: HEAD https://huggingface.co/api/resolve-cache/models/sentence-transformers/all-MiniLM-L6-v2/c9745ed1d9f207416be6d2e6f8de32d1f16199bf/modules.json "HTTP/1.1 200 OK"
INFO:httpx:HTTP Request: HEAD https://huggingface.co/sentence-transformers/all-MiniLM-L6-v2/resolve/main/config_sentence_transformers.json "HTTP/1.1 307 Temporary Redirect"
WARNING:huggingface_hub.utils._http:Warning: You are sending unauthenticated requests to the HF Hub. Please set a HF_TOKEN to enable higher rate limits and faster downloads.
INFO:httpx:HTTP Request: HEAD https://huggingface.co/api/resolve-cache/models/sentence-transformers/all-MiniLM-L6-v2/c9745ed1d9f207416be6d2e6f8de32d1f16199bf/config_sentence_transformers.json "HTTP/1.1 200 OK"
INFO:httpx:HTTP Request: HEAD https://huggingface.co/sentence-transformers/all-MiniLM-L6-v2/resolve/main/config_sentence_transformers.json "HTTP/1.1 307 Temporary Redirect"
INFO:httpx:HTTP Request: HEAD https://huggingface.co/api/resolve-cache/models/sentence-transformers/all-MiniLM-L6-v2/c9745ed1d9f207416be6d2e6f8de32d1f16199bf/config_sentence_transformers.json "HTTP/1.1 200 OK"
INFO:httpx:HTTP Request: HEAD https://huggingface.co/sentence-transformers/all-MiniLM-L6-v2/resolve/main/README.md "HTTP/1.1 307 Temporary Redirect"
INFO:httpx:HTTP Request: HEAD https://huggingface.co/api/resolve-cache/models/sentence-transformers/all-MiniLM-L6-v2/c9745ed1d9f207416be6d2e6f8de32d1f16199bf/README.md "HTTP/1.1 200 OK"
INFO:httpx:HTTP Request: HEAD https://huggingface.co/sentence-transformers/all-MiniLM-L6-v2/resolve/main/modules.json "HTTP/1.1 307 Temporary Redirect"
INFO:httpx:HTTP Request: HEAD https://huggingface.co/api/resolve-cache/models/sentence-transformers/all-MiniLM-L6-v2/c9745ed1d9f207416be6d2e6f8de32d1f16199bf/modules.json "HTTP/1.1 200 OK"
INFO:httpx:HTTP Request: HEAD https://huggingface.co/sentence-transformers/all-MiniLM-L6-v2/resolve/main/sentence_bert_config.json "HTTP/1.1 307 Temporary Redirect"
INFO:httpx:HTTP Request: HEAD https://huggingface.co/api/resolve-cache/models/sentence-transformers/all-MiniLM-L6-v2/c9745ed1d9f207416be6d2e6f8de32d1f16199bf/sentence_bert_config.json "HTTP/1.1 200 OK"
INFO:httpx:HTTP Request: HEAD https://huggingface.co/sentence-transformers/all-MiniLM-L6-v2/resolve/main/adapter_config.json "HTTP/1.1 404 Not Found"
INFO:httpx:HTTP Request: HEAD https://huggingface.co/sentence-transformers/all-MiniLM-L6-v2/resolve/main/config.json "HTTP/1.1 307 Temporary Redirect"
INFO:httpx:HTTP Request: HEAD https://huggingface.co/api/resolve-cache/models/sentence-transformers/all-MiniLM-L6-v2/c9745ed1d9f207416be6d2e6f8de32d1f16199bf/config.json "HTTP/1.1 200 OK"
INFO:httpx:HTTP Request: HEAD https://huggingface.co/sentence-transformers/all-MiniLM-L6-v2/resolve/main/config.json "HTTP/1.1 307 Temporary Redirect"
INFO:httpx:HTTP Request: HEAD https://huggingface.co/api/resolve-cache/models/sentence-transformers/all-MiniLM-L6-v2/c9745ed1d9f207416be6d2e6f8de32d1f16199bf/config.json "HTTP/1.1 200 OK"
INFO:httpx:HTTP Request: HEAD https://huggingface.co/sentence-transformers/all-MiniLM-L6-v2/resolve/main/tokenizer_config.json "HTTP/1.1 307 Temporary Redirect"
INFO:httpx:HTTP Request: HEAD https://huggingface.co/api/resolve-cache/models/sentence-transformers/all-MiniLM-L6-v2/c9745ed1d9f207416be6d2e6f8de32d1f16199bf/tokenizer_config.json "HTTP/1.1 200 OK"
INFO:httpx:HTTP Request: GET https://huggingface.co/api/models/sentence-transformers/all-MiniLM-L6-v2/tree/main/additional_chat_templates?recursive=false&expand=false "HTTP/1.1 404 Not Found"
INFO:httpx:HTTP Request: GET https://huggingface.co/api/models/sentence-transformers/all-MiniLM-L6-v2/tree/main?recursive=true&expand=false "HTTP/1.1 200 OK"
INFO:httpx:HTTP Request: HEAD https://huggingface.co/sentence-transformers/all-MiniLM-L6-v2/resolve/main/1_Pooling/config.json "HTTP/1.1 307 Temporary Redirect"
INFO:httpx:HTTP Request: HEAD https://huggingface.co/api/resolve-cache/models/sentence-transformers/all-MiniLM-L6-v2/c9745ed1d9f207416be6d2e6f8de32d1f16199bf/1_Pooling%2Fconfig.json "HTTP/1.1 200 OK"
INFO:httpx:HTTP Request: GET https://huggingface.co/api/models/sentence-transformers/all-MiniLM-L6-v2 "HTTP/1.1 200 OK"
INFO:app.services.semantic_classifier:Semantic model loaded successfully
INFO:app.services.column_classifier:\u2713 Mapped 'balance 2021' \u2192 'solde_final' (confidence: 68.7%) [semantic=29.5, fuzzy=22.2, content=17.0]
INFO:app.services.column_classifier:Processing column: 'unnamed 1' \u2192 normalized: 'unnamed 1'
INFO:app.services.column_classifier:\u2713 Mapped 'unnamed 1' \u2192 'label' (confidence: 46.0%) [semantic=12.4, fuzzy=18.6, content=15.0]
INFO:app.services.column_classifier:Processing column: 'unnamed 2' \u2192 normalized: 'unnamed 2'
INFO:app.services.column_classifier:\u2713 Mapped 'unnamed 2' \u2192 'account_code' (confidence: 32.0%) [semantic=8.0, fuzzy=12.0, content=12.0]
INFO:app.services.column_classifier:Processing column: 'unnamed 3' \u2192 normalized: 'unnamed 3'
WARNING:app.services.column_classifier:\u2717 Column 'unnamed 3' partially matched 'credit' (score: 8.1/100, below 30 threshold)
INFO:app.services.column_classifier:Processing column: 'unnamed 4' \u2192 normalized: 'unnamed 4'
WARNING:app.services.column_classifier:\u2717 Column 'unnamed 4' partially matched 'credit' (score: 8.1/100, below 30 threshold)
INFO:app.services.column_classifier:Processing column: 'unnamed 5' \u2192 normalized: 'unnamed 5'
WARNING:app.services.column_classifier:\u2717 Column 'unnamed 5' partially matched 'credit' (score: 8.1/100, below 30 threshold)
INFO:app.services.column_classifier:Processing column: 'unnamed 6' \u2192 normalized: 'unnamed 6'
WARNING:app.services.column_classifier:\u2717 Column 'unnamed 6' partially matched 'credit' (score: 8.1/100, below 30 threshold)
INFO:app.services.column_classifier:Processing column: 'clean balance' \u2192 normalized: 'clean balance'
INFO:app.services.column_classifier:\u2713 Mapped 'clean balance' \u2192 'solde_credit' (confidence: 37.9%) [semantic=22.3, fuzzy=15.6, content=0.0]
INFO:app.services.column_classifier:Validating and boosting confidence scores using content analysis...
WARNING:app.services.semantic_classifier:\u26a0 Suspicious classification: 'clean balance' \u2192 'solde_credit' (confidence=37.9%, content_score=0.0)
INFO:app.services.column_classifier:Final column mapping: {'balance 2021': 'solde_final', 'unnamed 1': 'label', 'unnamed 2': 'account_code', 'unnamed 3': 'unknown', 'unnamed 4': 'unknown', 'unnamed 5': 'unknown', 'unnamed 6': 'unknown', 'clean balance': 'solde_credit'}
INFO:app.services.column_classifier:Confidence scores: [('balance 2021', '72.9%'), ('unnamed 1', '49.7%'), ('unnamed 2', '32.0%'), ('unnamed 3', '0.0%'), ('unnamed 4', '0.0%'), ('unnamed 5', '0.0%'), ('unnamed 6', '0.0%'), ('clean balance', '37.9%')]
INFO:app.services.csv_parsing_service:Column classification results with confidence:
INFO:app.services.csv_parsing_service:  'balance 2021' \u2192 'solde_final' (confidence: 72.9%)
INFO:app.services.csv_parsing_service:  'unnamed 1' \u2192 'label' (confidence: 49.7%)
INFO:app.services.csv_parsing_service:  'unnamed 2' \u2192 'account_code' (confidence: 32.0%)
INFO:app.services.csv_parsing_service:  'unnamed 3' \u2192 'unknown' (confidence: 0.0%)
INFO:app.services.csv_parsing_service:  'unnamed 4' \u2192 'unknown' (confidence: 0.0%)
INFO:app.services.csv_parsing_service:  'unnamed 5' \u2192 'unknown' (confidence: 0.0%)
INFO:app.services.csv_parsing_service:  'unnamed 6' \u2192 'unknown' (confidence: 0.0%)
INFO:app.services.csv_parsing_service:  'clean balance' \u2192 'solde_credit' (confidence: 37.9%)
INFO:app.services.data_extractor:Reverse mapping: {'solde_final': ['balance 2021'], 'label': ['unnamed 1'], 'account_code': ['unnamed 2'], 'solde_credit': ['clean balance']}
INFO:app.services.data_extractor:DataFrame columns after renaming: ['solde_final', 'label', 'account_code', 'unnamed 3', 'unnamed 4', 'unnamed 5', 'unnamed 6', 'solde_credit']
INFO:app.services.data_extractor:DataFrame shape: (107, 8)
INFO:app.services.data_extractor:DataFrame sample:
    solde_final             label account_code   unnamed 3   unnamed 4   unnamed 5   unnamed 6   solde_credit
0  BALANCE 2021        Unnamed: 1   Unnamed: 2  Unnamed: 3  Unnamed: 4  Unnamed: 5  Unnamed: 6  clean_balance
1                                                                                                            
2            N°  Libellé écriture  Solde Final                                                               
3      10100000           CAPITAL   -1 000,000                                                               
4      11100000    RESERVE LEGALE                                                                            
INFO:app.services.data_extractor:Converted column 'solde_credit' to numeric
INFO:app.services.data_extractor:Converted column 'solde_final' to numeric
INFO:app.services.data_extractor:Rows before filtering: 107
INFO:app.services.data_extractor:Rows after filtering: 27
INFO:app.services.data_extractor:Sample data:
   solde_final               label   account_code   unnamed 3   unnamed 4   unnamed 5   unnamed 6  solde_credit
0       2021.0          Unnamed: 1     Unnamed: 2  Unnamed: 3  Unnamed: 4  Unnamed: 5  Unnamed: 6           NaN
2          NaN    Libellé écriture    Solde Final                                                           NaN
3   10100000.0             CAPITAL     -1 000,000                                                           NaN
5   12100000.0  RESULTATS REPORTES   -150 000,000                                                           NaN
8   21300000.0           LOGICIELS  2 500 000,000                                                           NaN
INFO:app.services.data_extractor:Successfully extracted 27 records
INFO:root:Upload 54: Encoding=utf-8, Delimiter=;, Columns={'balance 2021': 'solde_final', 'unnamed 1': 'label', 'unnamed 2': 'account_code', 'unnamed 3': 'unknown', 'unnamed 4': 'unknown', 'unnamed 5': 'unknown', 'unnamed 6': 'unknown', 'clean balance': 'solde_credit'}, Confidence_Scores={'balance 2021': 72.9%, 'unnamed 1': 49.7%, 'unnamed 2': 32.0%, 'unnamed 3': 0.0%, 'unnamed 4': 0.0%, 'unnamed 5': 0.0%, 'unnamed 6': 0.0%, 'clean balance': 37.9%}
INFO:app.services.upload_service:Upload 54: 0 accounts inserted. Detected columns: []
INFO:app.services.upload_service:Starting to parse upload 54: balance_fixed.csv
INFO:app.utils.helpers:Successfully decoded first line with utf-8
INFO:app.utils.helpers:Detected delimiter: ';' from: {',': 0, ';': 7, '\t': 0, '|': 0}
INFO:app.utils.helpers:CSV read successfully: 107 rows, 8 columns
INFO:app.services.csv_parsing_service:Raw columns after reading CSV: ['col_0', 'col_1', 'col_2', 'col_3', 'col_4', 'col_5', 'col_6', 'col_7']
INFO:app.services.header_detector:Detected header at row 0: ['BALANCE 2021', 'Unnamed: 1', 'Unnamed: 2', 'Unnamed: 3', 'Unnamed: 4', 'Unnamed: 5', 'Unnamed: 6', 'clean_balance']
INFO:app.services.csv_parsing_service:Preparing DataFrame: normalizing column names and data...
INFO:app.services.preparation_service:Starting DataFrame preparation...
INFO:app.services.preparation_service:Normalized column names: {'BALANCE 2021': 'balance 2021', 'Unnamed: 1': 'unnamed 1', 'Unnamed: 2': 'unnamed 2', 'Unnamed: 3': 'unnamed 3', 'Unnamed: 4': 'unnamed 4', 'Unnamed: 5': 'unnamed 5', 'Unnamed: 6': 'unnamed 6', 'clean_balance': 'clean balance'}
INFO:app.services.preparation_service:Removed empty columns. Remaining: ['balance 2021', 'unnamed 1', 'unnamed 2', 'unnamed 3', 'unnamed 4', 'unnamed 5', 'unnamed 6', 'clean balance']
INFO:app.services.preparation_service:DataFrame preparation complete
INFO:app.services.csv_parsing_service:Columns after preparation: ['balance 2021', 'unnamed 1', 'unnamed 2', 'unnamed 3', 'unnamed 4', 'unnamed 5', 'unnamed 6', 'clean balance']
INFO:app.services.csv_parsing_service:Starting NLP-based column classification with semantic matching...
INFO:app.services.column_classifier:Processing column: 'balance 2021' \u2192 normalized: 'balance 2021'
INFO:app.services.semantic_classifier:Loading semantic model: sentence-transformers/all-MiniLM-L6-v2
INFO:sentence_transformers.SentenceTransformer:Use pytorch device_name: cpu
INFO:sentence_transformers.SentenceTransformer:Load pretrained SentenceTransformer: sentence-transformers/all-MiniLM-L6-v2
INFO:httpx:HTTP Request: HEAD https://huggingface.co/sentence-transformers/all-MiniLM-L6-v2/resolve/main/modules.json "HTTP/1.1 307 Temporary Redirect"
INFO:httpx:HTTP Request: HEAD https://huggingface.co/api/resolve-cache/models/sentence-transformers/all-MiniLM-L6-v2/c9745ed1d9f207416be6d2e6f8de32d1f16199bf/modules.json "HTTP/1.1 200 OK"
INFO:httpx:HTTP Request: HEAD https://huggingface.co/sentence-transformers/all-MiniLM-L6-v2/resolve/main/config_sentence_transformers.json "HTTP/1.1 307 Temporary Redirect"
INFO:httpx:HTTP Request: HEAD https://huggingface.co/api/resolve-cache/models/sentence-transformers/all-MiniLM-L6-v2/c9745ed1d9f207416be6d2e6f8de32d1f16199bf/config_sentence_transformers.json "HTTP/1.1 200 OK"
INFO:httpx:HTTP Request: HEAD https://huggingface.co/sentence-transformers/all-MiniLM-L6-v2/resolve/main/config_sentence_transformers.json "HTTP/1.1 307 Temporary Redirect"
INFO:httpx:HTTP Request: HEAD https://huggingface.co/api/resolve-cache/models/sentence-transformers/all-MiniLM-L6-v2/c9745ed1d9f207416be6d2e6f8de32d1f16199bf/config_sentence_transformers.json "HTTP/1.1 200 OK"
INFO:httpx:HTTP Request: HEAD https://huggingface.co/sentence-transformers/all-MiniLM-L6-v2/resolve/main/README.md "HTTP/1.1 307 Temporary Redirect"
WARNING:huggingface_hub.utils._http:Warning: You are sending unauthenticated requests to the HF Hub. Please set a HF_TOKEN to enable higher rate limits and faster downloads.
INFO:httpx:HTTP Request: HEAD https://huggingface.co/api/resolve-cache/models/sentence-transformers/all-MiniLM-L6-v2/c9745ed1d9f207416be6d2e6f8de32d1f16199bf/README.md "HTTP/1.1 200 OK"
INFO:httpx:HTTP Request: HEAD https://huggingface.co/sentence-transformers/all-MiniLM-L6-v2/resolve/main/modules.json "HTTP/1.1 307 Temporary Redirect"
INFO:httpx:HTTP Request: HEAD https://huggingface.co/api/resolve-cache/models/sentence-transformers/all-MiniLM-L6-v2/c9745ed1d9f207416be6d2e6f8de32d1f16199bf/modules.json "HTTP/1.1 200 OK"
INFO:httpx:HTTP Request: HEAD https://huggingface.co/sentence-transformers/all-MiniLM-L6-v2/resolve/main/sentence_bert_config.json "HTTP/1.1 307 Temporary Redirect"
INFO:httpx:HTTP Request: HEAD https://huggingface.co/api/resolve-cache/models/sentence-transformers/all-MiniLM-L6-v2/c9745ed1d9f207416be6d2e6f8de32d1f16199bf/sentence_bert_config.json "HTTP/1.1 200 OK"
INFO:httpx:HTTP Request: HEAD https://huggingface.co/sentence-transformers/all-MiniLM-L6-v2/resolve/main/adapter_config.json "HTTP/1.1 404 Not Found"
INFO:httpx:HTTP Request: HEAD https://huggingface.co/sentence-transformers/all-MiniLM-L6-v2/resolve/main/config.json "HTTP/1.1 307 Temporary Redirect"
INFO:httpx:HTTP Request: HEAD https://huggingface.co/api/resolve-cache/models/sentence-transformers/all-MiniLM-L6-v2/c9745ed1d9f207416be6d2e6f8de32d1f16199bf/config.json "HTTP/1.1 200 OK"
INFO:httpx:HTTP Request: HEAD https://huggingface.co/sentence-transformers/all-MiniLM-L6-v2/resolve/main/config.json "HTTP/1.1 307 Temporary Redirect"
INFO:httpx:HTTP Request: HEAD https://huggingface.co/api/resolve-cache/models/sentence-transformers/all-MiniLM-L6-v2/c9745ed1d9f207416be6d2e6f8de32d1f16199bf/config.json "HTTP/1.1 200 OK"
INFO:httpx:HTTP Request: HEAD https://huggingface.co/sentence-transformers/all-MiniLM-L6-v2/resolve/main/tokenizer_config.json "HTTP/1.1 307 Temporary Redirect"
INFO:httpx:HTTP Request: HEAD https://huggingface.co/api/resolve-cache/models/sentence-transformers/all-MiniLM-L6-v2/c9745ed1d9f207416be6d2e6f8de32d1f16199bf/tokenizer_config.json "HTTP/1.1 200 OK"
INFO:httpx:HTTP Request: GET https://huggingface.co/api/models/sentence-transformers/all-MiniLM-L6-v2/tree/main/additional_chat_templates?recursive=false&expand=false "HTTP/1.1 404 Not Found"
INFO:httpx:HTTP Request: GET https://huggingface.co/api/models/sentence-transformers/all-MiniLM-L6-v2/tree/main?recursive=true&expand=false "HTTP/1.1 200 OK"
INFO:httpx:HTTP Request: HEAD https://huggingface.co/sentence-transformers/all-MiniLM-L6-v2/resolve/main/1_Pooling/config.json "HTTP/1.1 307 Temporary Redirect"
INFO:httpx:HTTP Request: HEAD https://huggingface.co/api/resolve-cache/models/sentence-transformers/all-MiniLM-L6-v2/c9745ed1d9f207416be6d2e6f8de32d1f16199bf/1_Pooling%2Fconfig.json "HTTP/1.1 200 OK"
INFO:httpx:HTTP Request: GET https://huggingface.co/api/models/sentence-transformers/all-MiniLM-L6-v2 "HTTP/1.1 200 OK"
INFO:app.services.semantic_classifier:Semantic model loaded successfully
INFO:app.services.column_classifier:\u2713 Mapped 'balance 2021' \u2192 'solde_final' (confidence: 68.7%) [semantic=29.5, fuzzy=22.2, content=17.0]
INFO:app.services.column_classifier:Processing column: 'unnamed 1' \u2192 normalized: 'unnamed 1'
INFO:app.services.column_classifier:\u2713 Mapped 'unnamed 1' \u2192 'label' (confidence: 46.0%) [semantic=12.4, fuzzy=18.6, content=15.0]
INFO:app.services.column_classifier:Processing column: 'unnamed 2' \u2192 normalized: 'unnamed 2'
INFO:app.services.column_classifier:\u2713 Mapped 'unnamed 2' \u2192 'account_code' (confidence: 32.0%) [semantic=8.0, fuzzy=12.0, content=12.0]
INFO:app.services.column_classifier:Processing column: 'unnamed 3' \u2192 normalized: 'unnamed 3'
WARNING:app.services.column_classifier:\u2717 Column 'unnamed 3' partially matched 'credit' (score: 8.1/100, below 30 threshold)
INFO:app.services.column_classifier:Processing column: 'unnamed 4' \u2192 normalized: 'unnamed 4'
WARNING:app.services.column_classifier:\u2717 Column 'unnamed 4' partially matched 'credit' (score: 8.1/100, below 30 threshold)
INFO:app.services.column_classifier:Processing column: 'unnamed 5' \u2192 normalized: 'unnamed 5'
WARNING:app.services.column_classifier:\u2717 Column 'unnamed 5' partially matched 'credit' (score: 8.1/100, below 30 threshold)
INFO:app.services.column_classifier:Processing column: 'unnamed 6' \u2192 normalized: 'unnamed 6'
WARNING:app.services.column_classifier:\u2717 Column 'unnamed 6' partially matched 'credit' (score: 8.1/100, below 30 threshold)
INFO:app.services.column_classifier:Processing column: 'clean balance' \u2192 normalized: 'clean balance'
INFO:app.services.column_classifier:\u2713 Mapped 'clean balance' \u2192 'solde_credit' (confidence: 37.9%) [semantic=22.3, fuzzy=15.6, content=0.0]
INFO:app.services.column_classifier:Validating and boosting confidence scores using content analysis...
WARNING:app.services.semantic_classifier:\u26a0 Suspicious classification: 'clean balance' \u2192 'solde_credit' (confidence=37.9%, content_score=0.0)
INFO:app.services.column_classifier:Final column mapping: {'balance 2021': 'solde_final', 'unnamed 1': 'label', 'unnamed 2': 'account_code', 'unnamed 3': 'unknown', 'unnamed 4': 'unknown', 'unnamed 5': 'unknown', 'unnamed 6': 'unknown', 'clean balance': 'solde_credit'}
INFO:app.services.column_classifier:Confidence scores: [('balance 2021', '72.9%'), ('unnamed 1', '49.7%'), ('unnamed 2', '32.0%'), ('unnamed 3', '0.0%'), ('unnamed 4', '0.0%'), ('unnamed 5', '0.0%'), ('unnamed 6', '0.0%'), ('clean balance', '37.9%')]
INFO:app.services.csv_parsing_service:Column classification results with confidence:
INFO:app.services.csv_parsing_service:  'balance 2021' \u2192 'solde_final' (confidence: 72.9%)
INFO:app.services.csv_parsing_service:  'unnamed 1' \u2192 'label' (confidence: 49.7%)
INFO:app.services.csv_parsing_service:  'unnamed 2' \u2192 'account_code' (confidence: 32.0%)
INFO:app.services.csv_parsing_service:  'unnamed 3' \u2192 'unknown' (confidence: 0.0%)
INFO:app.services.csv_parsing_service:  'unnamed 4' \u2192 'unknown' (confidence: 0.0%)
INFO:app.services.csv_parsing_service:  'unnamed 5' \u2192 'unknown' (confidence: 0.0%)
INFO:app.services.csv_parsing_service:  'unnamed 6' \u2192 'unknown' (confidence: 0.0%)
INFO:app.services.csv_parsing_service:  'clean balance' \u2192 'solde_credit' (confidence: 37.9%)
INFO:app.services.data_extractor:Reverse mapping: {'solde_final': ['balance 2021'], 'label': ['unnamed 1'], 'account_code': ['unnamed 2'], 'solde_credit': ['clean balance']}
INFO:app.services.data_extractor:DataFrame columns after renaming: ['solde_final', 'label', 'account_code', 'unnamed 3', 'unnamed 4', 'unnamed 5', 'unnamed 6', 'solde_credit']
INFO:app.services.data_extractor:DataFrame shape: (107, 8)
INFO:app.services.data_extractor:DataFrame sample:
    solde_final             label account_code   unnamed 3   unnamed 4   unnamed 5   unnamed 6   solde_credit
0  BALANCE 2021        Unnamed: 1   Unnamed: 2  Unnamed: 3  Unnamed: 4  Unnamed: 5  Unnamed: 6  clean_balance
1                                                                                                            
2            N°  Libellé écriture  Solde Final                                                               
3      10100000           CAPITAL   -1 000,000                                                               
4      11100000    RESERVE LEGALE                                                                            
INFO:app.services.data_extractor:Converted column 'solde_credit' to numeric
INFO:app.services.data_extractor:Converted column 'solde_final' to numeric
INFO:app.services.data_extractor:Rows before filtering: 107
INFO:app.services.data_extractor:Rows after filtering: 27
INFO:app.services.data_extractor:Sample data:
   solde_final               label   account_code   unnamed 3   unnamed 4   unnamed 5   unnamed 6  solde_credit
0       2021.0          Unnamed: 1     Unnamed: 2  Unnamed: 3  Unnamed: 4  Unnamed: 5  Unnamed: 6           NaN
2          NaN    Libellé écriture    Solde Final                                                           NaN
3   10100000.0             CAPITAL     -1 000,000                                                           NaN
5   12100000.0  RESULTATS REPORTES   -150 000,000                                                           NaN
8   21300000.0           LOGICIELS  2 500 000,000                                                           NaN
INFO:app.services.data_extractor:Successfully extracted 27 records
INFO:root:Upload 54: Encoding=utf-8, Delimiter=;, Columns={'balance 2021': 'solde_final', 'unnamed 1': 'label', 'unnamed 2': 'account_code', 'unnamed 3': 'unknown', 'unnamed 4': 'unknown', 'unnamed 5': 'unknown', 'unnamed 6': 'unknown', 'clean balance': 'solde_credit'}, Confidence_Scores={'balance 2021': 72.9%, 'unnamed 1': 49.7%, 'unnamed 2': 32.0%, 'unnamed 3': 0.0%, 'unnamed 4': 0.0%, 'unnamed 5': 0.0%, 'unnamed 6': 0.0%, 'clean balance': 37.9%}
INFO:app.services.upload_service:Upload 54: 0 accounts inserted. Detected columns: []
INFO:app.services.upload_service:File saved: app/uploads\F1773661755482_BAL(in).csv
INFO:app.services.upload_service:Upload registered with ID: 55
INFO:app.services.upload_service:Starting to parse upload 55: F1773661755482_BAL(in).csv
INFO:app.utils.helpers:Successfully decoded first line with latin1
INFO:app.utils.helpers:Detected delimiter: ';' from: {',': 0, ';': 9, '\t': 0, '|': 0}
INFO:app.utils.helpers:CSV read successfully: 166 rows, 10 columns
INFO:app.services.csv_parsing_service:Raw columns after reading CSV: ['col_0', 'col_1', 'col_2', 'col_3', 'col_4', 'col_5', 'col_6', 'col_7', 'col_8', 'col_9']
INFO:app.services.header_detector:Detected header at row 0: ['Compte', 'Intitulé', 'Solde ant Dbt (réf)', 'Solde ant Cdt (réf)', 'Débit période (réf)', 'Crédit période (réf)', 'Solde pér Dbt (réf)', 'Solde pér Cdt (réf)', 'Solde fin Dbt (réf)', 'Solde fin Cdt (réf)']
INFO:app.services.csv_parsing_service:Preparing DataFrame: normalizing column names and data...
INFO:app.services.preparation_service:Starting DataFrame preparation...
INFO:app.services.preparation_service:Normalized column names: {'Compte': 'compte', 'Intitulé': 'intitule', 'Solde ant Dbt (réf)': 'solde ant dbt ref', 'Solde ant Cdt (réf)': 'solde ant cdt ref', 'Débit période (réf)': 'debit periode ref', 'Crédit période (réf)': 'credit periode ref', 'Solde pér Dbt (réf)': 'solde per dbt ref', 'Solde pér Cdt (réf)': 'solde per cdt ref', 'Solde fin Dbt (réf)': 'solde fin dbt ref', 'Solde fin Cdt (réf)': 'solde fin cdt ref'}
INFO:app.services.preparation_service:Removed empty columns. Remaining: ['compte', 'intitule', 'solde ant dbt ref', 'solde ant cdt ref', 'debit periode ref', 'credit periode ref', 'solde per dbt ref', 'solde per cdt ref', 'solde fin dbt ref', 'solde fin cdt ref']
INFO:app.services.preparation_service:DataFrame preparation complete
INFO:app.services.csv_parsing_service:Columns after preparation: ['compte', 'intitule', 'solde ant dbt ref', 'solde ant cdt ref', 'debit periode ref', 'credit periode ref', 'solde per dbt ref', 'solde per cdt ref', 'solde fin dbt ref', 'solde fin cdt ref']
INFO:app.services.csv_parsing_service:Starting NLP-based column classification with semantic matching...
INFO:app.services.column_classifier:Processing column: 'compte' \u2192 normalized: 'compte'
INFO:app.services.column_classifier:\u2713 Mapped 'compte' \u2192 'account_code' (confidence: 42.0%) [semantic=0.0, fuzzy=30.0, content=12.0]
INFO:app.services.column_classifier:Processing column: 'intitule' \u2192 normalized: 'intitule'
INFO:app.services.column_classifier:\u2713 Mapped 'intitule' \u2192 'label' (confidence: 45.0%) [semantic=0.0, fuzzy=30.0, content=15.0]
INFO:app.services.column_classifier:Processing column: 'solde ant dbt ref' \u2192 normalized: 'solde ant dbt ref'
INFO:app.services.column_classifier:\u2713 Mapped 'solde ant dbt ref' \u2192 'solde_debit' (confidence: 37.3%) [semantic=3.7, fuzzy=18.6, content=15.0]
INFO:app.services.column_classifier:Processing column: 'solde ant cdt ref' \u2192 normalized: 'solde ant cdt ref'
INFO:app.services.column_classifier:\u2713 Mapped 'solde ant cdt ref' \u2192 'solde_credit' (confidence: 38.8%) [semantic=3.1, fuzzy=20.7, content=15.0]
INFO:app.services.column_classifier:Processing column: 'debit periode ref' \u2192 normalized: 'debit periode ref'
INFO:app.services.column_classifier:\u2713 Mapped 'debit periode ref' \u2192 'debit' (confidence: 60.5%) [semantic=27.0, fuzzy=13.5, content=20.0]
INFO:app.services.column_classifier:Processing column: 'credit periode ref' \u2192 normalized: 'credit periode ref'
INFO:app.services.column_classifier:\u2713 Mapped 'credit periode ref' \u2192 'credit' (confidence: 54.2%) [semantic=21.2, fuzzy=15.0, content=18.0]
INFO:app.services.column_classifier:Processing column: 'solde per dbt ref' \u2192 normalized: 'solde per dbt ref'
INFO:app.services.column_classifier:\u2713 Mapped 'solde per dbt ref' \u2192 'solde_final' (confidence: 47.5%) [semantic=12.5, fuzzy=15.0, content=20.0]
INFO:app.services.column_classifier:Processing column: 'solde per cdt ref' \u2192 normalized: 'solde per cdt ref'
WARNING:app.services.column_classifier:\u2717 Unknown column detected: 'solde per cdt ref'
INFO:app.services.column_classifier:Processing column: 'solde fin dbt ref' \u2192 normalized: 'solde fin dbt ref'
WARNING:app.services.column_classifier:\u2717 Unknown column detected: 'solde fin dbt ref'
INFO:app.services.column_classifier:Processing column: 'solde fin cdt ref' \u2192 normalized: 'solde fin cdt ref'
WARNING:app.services.column_classifier:\u2717 Unknown column detected: 'solde fin cdt ref'
INFO:app.services.column_classifier:Validating and boosting confidence scores using content analysis...
INFO:app.services.column_classifier:Final column mapping: {'compte': 'account_code', 'intitule': 'label', 'solde ant dbt ref': 'solde_debit', 'solde ant cdt ref': 'solde_credit', 'debit periode ref': 'debit', 'credit periode ref': 'credit', 'solde per dbt ref': 'solde_final', 'solde per cdt ref': 'unknown', 'solde fin dbt ref': 'unknown', 'solde fin cdt ref': 'unknown'}
INFO:app.services.column_classifier:Confidence scores: [('compte', '42.0%'), ('intitule', '48.8%'), ('solde ant dbt ref', '41.1%'), ('solde ant cdt ref', '42.6%'), ('debit periode ref', '65.5%'), ('credit periode ref', '58.7%'), ('solde per dbt ref', '52.5%'), ('solde per cdt ref', '0.0%'), ('solde fin dbt ref', '0.0%'), ('solde fin cdt ref', '0.0%')]
INFO:app.services.csv_parsing_service:Column classification results with confidence:
INFO:app.services.csv_parsing_service:  'compte' \u2192 'account_code' (confidence: 42.0%)
INFO:app.services.csv_parsing_service:  'intitule' \u2192 'label' (confidence: 48.8%)
INFO:app.services.csv_parsing_service:  'solde ant dbt ref' \u2192 'solde_debit' (confidence: 41.1%)
INFO:app.services.csv_parsing_service:  'solde ant cdt ref' \u2192 'solde_credit' (confidence: 42.6%)
INFO:app.services.csv_parsing_service:  'debit periode ref' \u2192 'debit' (confidence: 65.5%)
INFO:app.services.csv_parsing_service:  'credit periode ref' \u2192 'credit' (confidence: 58.7%)
INFO:app.services.csv_parsing_service:  'solde per dbt ref' \u2192 'solde_final' (confidence: 52.5%)
INFO:app.services.csv_parsing_service:  'solde per cdt ref' \u2192 'unknown' (confidence: 0.0%)
INFO:app.services.csv_parsing_service:  'solde fin dbt ref' \u2192 'unknown' (confidence: 0.0%)
INFO:app.services.csv_parsing_service:  'solde fin cdt ref' \u2192 'unknown' (confidence: 0.0%)
INFO:app.services.data_extractor:Reverse mapping: {'account_code': ['compte'], 'label': ['intitule'], 'solde_debit': ['solde ant dbt ref'], 'solde_credit': ['solde ant cdt ref'], 'debit': ['debit periode ref'], 'credit': ['credit periode ref'], 'solde_final': ['solde per dbt ref']}
INFO:app.services.data_extractor:DataFrame columns after renaming: ['account_code', 'label', 'solde_debit', 'solde_credit', 'debit', 'credit', 'solde_final', 'solde per cdt ref', 'solde fin dbt ref', 'solde fin cdt ref']
INFO:app.services.data_extractor:DataFrame shape: (166, 10)
INFO:app.services.data_extractor:DataFrame sample:
  account_code                           label  ...    solde fin dbt ref    solde fin cdt ref
0       Compte                        Intitulé  ...  Solde fin Dbt (réf)  Solde fin Cdt (réf)
1     10100000                  CAPITAL SOCIAL  ...                    0             12400000
2     10900000  ACTIONNAIRE CAPITAL NON APPELE  ...                   10                    0
3     16210000                EMPRUNT BANCAIRE  ...                    0             21100000
4     16220000                 EMPRUNT LEASING  ...                    0           1298680,66

[5 rows x 10 columns]
INFO:app.services.data_extractor:Converted column 'debit' to numeric
INFO:app.services.data_extractor:Converted column 'credit' to numeric
INFO:app.services.data_extractor:Converted column 'solde_debit' to numeric
INFO:app.services.data_extractor:Converted column 'solde_credit' to numeric
INFO:app.services.data_extractor:Converted column 'solde_final' to numeric
INFO:app.services.data_extractor:Rows before filtering: 166
INFO:app.services.data_extractor:Rows after filtering: 166
INFO:app.services.data_extractor:Sample data:
  account_code                           label  ...    solde fin dbt ref    solde fin cdt ref
0       Compte                        Intitulé  ...  Solde fin Dbt (réf)  Solde fin Cdt (réf)
1     10100000                  CAPITAL SOCIAL  ...                    0             12400000
2     10900000  ACTIONNAIRE CAPITAL NON APPELE  ...                   10                    0
3     16210000                EMPRUNT BANCAIRE  ...                    0             21100000
4     16220000                 EMPRUNT LEASING  ...                    0           1298680,66

[5 rows x 10 columns]
INFO:app.services.data_extractor:Successfully extracted 166 records
INFO:root:Upload 55: Encoding=ISO-8859-1, Delimiter=;, Columns={'compte': 'account_code', 'intitule': 'label', 'solde ant dbt ref': 'solde_debit', 'solde ant cdt ref': 'solde_credit', 'debit periode ref': 'debit', 'credit periode ref': 'credit', 'solde per dbt ref': 'solde_final', 'solde per cdt ref': 'unknown', 'solde fin dbt ref': 'unknown', 'solde fin cdt ref': 'unknown'}, Confidence_Scores={'compte': 42.0%, 'intitule': 48.8%, 'solde ant dbt ref': 41.1%, 'solde ant cdt ref': 42.6%, 'debit periode ref': 65.5%, 'credit periode ref': 58.7%, 'solde per dbt ref': 52.5%, 'solde per cdt ref': 0.0%, 'solde fin dbt ref': 0.0%, 'solde fin cdt ref': 0.0%}
INFO:app.services.upload_service:Upload 55: 165 accounts inserted. Detected columns: ['account_code', 'label', 'solde_debit', 'solde_credit', 'debit', 'credit', 'solde_final', 'solde per cdt ref', 'solde fin dbt ref', 'solde fin cdt ref']
INFO:app.services.upload_service:File saved: app/uploads\balance_2021_utf.csv
INFO:app.services.upload_service:Upload registered with ID: 56
INFO:app.services.upload_service:Starting to parse upload 56: balance_2021_utf.csv
INFO:app.utils.helpers:Successfully decoded first line with utf-8
INFO:app.utils.helpers:Detected delimiter: ';' from: {',': 0, ';': 6, '\t': 0, '|': 0}
INFO:app.utils.helpers:CSV read successfully: 106 rows, 7 columns
INFO:app.services.csv_parsing_service:Raw columns after reading CSV: ['col_0', 'col_1', 'col_2', 'col_3', 'col_4', 'col_5', 'col_6']
INFO:app.services.header_detector:Detected header at row 2: ['N°', 'Libellé écriture', 'Solde Final', '', '', '', '']
INFO:app.services.csv_parsing_service:Preparing DataFrame: normalizing column names and data...
INFO:app.services.preparation_service:Starting DataFrame preparation...
INFO:app.services.preparation_service:Normalized column names: {'N°': 'n', 'Libellé écriture': 'libelle ecriture', 'Solde Final': 'solde final', '': ''}
INFO:app.services.preparation_service:Removed empty columns. Remaining: ['n', 'libelle ecriture', 'solde final']
INFO:app.services.preparation_service:DataFrame preparation complete
INFO:app.services.csv_parsing_service:Columns after preparation: ['n', 'libelle ecriture', 'solde final']
INFO:app.services.csv_parsing_service:Starting NLP-based column classification with semantic matching...
INFO:app.services.column_classifier:Processing column: 'n' \u2192 normalized: 'n'
INFO:app.services.column_classifier:\u2713 Mapped 'n' \u2192 'account_code' (confidence: 44.7%) [semantic=2.7, fuzzy=30.0, content=12.0]
INFO:app.services.column_classifier:Processing column: 'libelle ecriture' \u2192 normalized: 'libelle ecriture'
INFO:app.services.column_classifier:\u2713 Mapped 'libelle ecriture' \u2192 'label' (confidence: 46.3%) [semantic=1.3, fuzzy=30.0, content=15.0]
INFO:app.services.column_classifier:Processing column: 'solde final' \u2192 normalized: 'solde final'
INFO:app.services.column_classifier:\u2713 Mapped 'solde final' \u2192 'solde_final' (confidence: 40.8%) [semantic=10.8, fuzzy=30.0, content=0.0]
INFO:app.services.column_classifier:Validating and boosting confidence scores using content analysis...
WARNING:app.services.semantic_classifier:\u26a0 Suspicious classification: 'solde final' \u2192 'solde_final' (confidence=40.8%, content_score=0.0)
INFO:app.services.column_classifier:Final column mapping: {'n': 'account_code', 'libelle ecriture': 'label', 'solde final': 'solde_final'}
INFO:app.services.column_classifier:Confidence scores: [('n', '44.7%'), ('libelle ecriture', '50.1%'), ('solde final', '40.8%')]
INFO:app.services.csv_parsing_service:Column classification results with confidence:
INFO:app.services.csv_parsing_service:  'n' \u2192 'account_code' (confidence: 44.7%)
INFO:app.services.csv_parsing_service:  'libelle ecriture' \u2192 'label' (confidence: 50.1%)
INFO:app.services.csv_parsing_service:  'solde final' \u2192 'solde_final' (confidence: 40.8%)
INFO:app.services.data_extractor:Reverse mapping: {'account_code': ['n'], 'label': ['libelle ecriture'], 'solde_final': ['solde final']}
INFO:app.services.data_extractor:DataFrame columns after renaming: ['account_code', 'label', 'solde_final']
INFO:app.services.data_extractor:DataFrame shape: (106, 3)
INFO:app.services.data_extractor:DataFrame sample:
   account_code             label  solde_final
0  BALANCE 2021                               
1                                             
2            N°  Libellé écriture  Solde Final
3      10100000           CAPITAL   -1 000,000
4      11100000    RESERVE LEGALE             
INFO:app.services.data_extractor:Converted column 'solde_final' to numeric
INFO:app.services.data_extractor:Rows before filtering: 106
INFO:app.services.data_extractor:Rows after filtering: 100
INFO:app.services.data_extractor:Sample data:
   account_code               label  solde_final
0  BALANCE 2021                              NaN
2            N°    Libellé écriture          NaN
3      10100000             CAPITAL      -1000.0
4      11100000      RESERVE LEGALE          NaN
5      12100000  RESULTATS REPORTES    -150000.0
INFO:app.services.data_extractor:Successfully extracted 100 records
INFO:root:Upload 56: Encoding=UTF-8-SIG, Delimiter=;, Columns={'n': 'account_code', 'libelle ecriture': 'label', 'solde final': 'solde_final'}, Confidence_Scores={'n': 44.7%, 'libelle ecriture': 50.1%, 'solde final': 40.8%}
INFO:app.services.upload_service:Upload 56: 98 accounts inserted. Detected columns: ['account_code', 'label', 'solde_final']
INFO:app.services.upload_service:File saved: app/uploads\etats-financiers-Pulse-Consulting-Agency-2021 – Copie(BALANCE 2021).csv
INFO:app.services.upload_service:Upload registered with ID: 57
INFO:app.services.upload_service:Starting to parse upload 57: etats-financiers-Pulse-Consulting-Agency-2021 – Copie(BALANCE 2021).csv
INFO:app.utils.helpers:Successfully decoded first line with utf-8
INFO:app.utils.helpers:Detected delimiter: ';' from: {',': 0, ';': 6, '\t': 0, '|': 0}
INFO:app.utils.helpers:CSV read successfully: 106 rows, 7 columns
INFO:app.services.csv_parsing_service:Raw columns after reading CSV: ['col_0', 'col_1', 'col_2', 'col_3', 'col_4', 'col_5', 'col_6']
INFO:app.services.header_detector:Detected header at row 2: ['N°', 'Libellé écriture', 'Solde Final', '', '', '', '']
INFO:app.services.csv_parsing_service:Preparing DataFrame: normalizing column names and data...
INFO:app.services.preparation_service:Starting DataFrame preparation...
INFO:app.services.preparation_service:Normalized column names: {'N°': 'n', 'Libellé écriture': 'libelle ecriture', 'Solde Final': 'solde final', '': ''}
INFO:app.services.preparation_service:Removed empty columns. Remaining: ['n', 'libelle ecriture', 'solde final']
INFO:app.services.preparation_service:DataFrame preparation complete
INFO:app.services.csv_parsing_service:Columns after preparation: ['n', 'libelle ecriture', 'solde final']
INFO:app.services.csv_parsing_service:Starting NLP-based column classification with semantic matching...
INFO:app.services.column_classifier:Processing column: 'n' \u2192 normalized: 'n'
INFO:app.services.column_classifier:\u2713 Mapped 'n' \u2192 'account_code' (confidence: 44.7%) [semantic=2.7, fuzzy=30.0, content=12.0]
INFO:app.services.column_classifier:Processing column: 'libelle ecriture' \u2192 normalized: 'libelle ecriture'
INFO:app.services.column_classifier:\u2713 Mapped 'libelle ecriture' \u2192 'label' (confidence: 46.3%) [semantic=1.3, fuzzy=30.0, content=15.0]
INFO:app.services.column_classifier:Processing column: 'solde final' \u2192 normalized: 'solde final'
INFO:app.services.column_classifier:\u2713 Mapped 'solde final' \u2192 'solde_final' (confidence: 58.8%) [semantic=10.8, fuzzy=30.0, content=18.0]
INFO:app.services.column_classifier:Validating and boosting confidence scores using content analysis...
INFO:app.services.column_classifier:Final column mapping: {'n': 'account_code', 'libelle ecriture': 'label', 'solde final': 'solde_final'}
INFO:app.services.column_classifier:Confidence scores: [('n', '44.7%'), ('libelle ecriture', '50.1%'), ('solde final', '63.3%')]
INFO:app.services.csv_parsing_service:Column classification results with confidence:
INFO:app.services.csv_parsing_service:  'n' \u2192 'account_code' (confidence: 44.7%)
INFO:app.services.csv_parsing_service:  'libelle ecriture' \u2192 'label' (confidence: 50.1%)
INFO:app.services.csv_parsing_service:  'solde final' \u2192 'solde_final' (confidence: 63.3%)
INFO:app.services.data_extractor:Reverse mapping: {'account_code': ['n'], 'label': ['libelle ecriture'], 'solde_final': ['solde final']}
INFO:app.services.data_extractor:DataFrame columns after renaming: ['account_code', 'label', 'solde_final']
INFO:app.services.data_extractor:DataFrame shape: (106, 3)
INFO:app.services.data_extractor:DataFrame sample:
   account_code             label  solde_final
0  BALANCE 2021                               
1                                             
2            N°  Libellé écriture  Solde Final
3      10100000           CAPITAL   -1 000,000
4      11100000    RESERVE LEGALE        0,000
INFO:app.services.data_extractor:Converted column 'solde_final' to numeric
INFO:app.services.data_extractor:Rows before filtering: 106
INFO:app.services.data_extractor:Rows after filtering: 100
INFO:app.services.data_extractor:Sample data:
   account_code               label  solde_final
0  BALANCE 2021                              NaN
2            N°    Libellé écriture          NaN
3      10100000             CAPITAL      -1000.0
4      11100000      RESERVE LEGALE          0.0
5      12100000  RESULTATS REPORTES    -150000.0
INFO:app.services.data_extractor:Successfully extracted 100 records
INFO:root:Upload 57: Encoding=UTF-8-SIG, Delimiter=;, Columns={'n': 'account_code', 'libelle ecriture': 'label', 'solde final': 'solde_final'}, Confidence_Scores={'n': 44.7%, 'libelle ecriture': 50.1%, 'solde final': 63.3%}
INFO:app.services.upload_service:Upload 57: 98 accounts inserted. Detected columns: ['account_code', 'label', 'solde_final']
INFO:app.services.upload_service:File saved: app/uploads\Maquette bilan.pdf
INFO:app.services.upload_service:Upload registered with ID: 58
INFO:app.services.upload_service:Starting to parse upload 58: Maquette bilan.pdf
INFO:app.utils.helpers:Successfully decoded first line with utf-8
INFO:app.utils.helpers:Detected delimiter: ',' from: {',': 0, ';': 0, '\t': 0, '|': 0}
ERROR:app.utils.helpers:Error reading CSV: decode() argument 'encoding' must be str, not None
ERROR:app.services.upload_service:Parse failed for upload 58: decode() argument 'encoding' must be str, not None
Traceback (most recent call last):
  File "C:\Users\mayyara.haj-yahia\Travail\Project\financial_engine\backend\app\services\upload_service.py", line 89, in parse_csv_file
    validated_data = parse_csv(f, upload_id)
                     ^^^^^^^^^^^^^^^^^^^^^^^
  File "C:\Users\mayyara.haj-yahia\Travail\Project\financial_engine\backend\app\services\csv_parsing_service.py", line 18, in parse_csv
    df = read_csv(file, encoding, delimiter)
         ^^^^^^^^^^^^^^^^^^^^^^^^^^^^^^^^^^^
  File "C:\Users\mayyara.haj-yahia\Travail\Project\financial_engine\backend\app\utils\helpers.py", line 69, in read_csv
    io.StringIO(file.read().decode(encoding)),
                ^^^^^^^^^^^^^^^^^^^^^^^^^^^^
TypeError: decode() argument 'encoding' must be str, not None
ERROR:app.services.upload_service:Upload and parse failed: decode() argument 'encoding' must be str, not None
Traceback (most recent call last):
  File "C:\Users\mayyara.haj-yahia\Travail\Project\financial_engine\backend\app\services\upload_service.py", line 144, in add_and_parse_document
    parse_result = parse_csv_file(db, upload_id)
                   ^^^^^^^^^^^^^^^^^^^^^^^^^^^^^
  File "C:\Users\mayyara.haj-yahia\Travail\Project\financial_engine\backend\app\services\upload_service.py", line 89, in parse_csv_file
    validated_data = parse_csv(f, upload_id)
                     ^^^^^^^^^^^^^^^^^^^^^^^
  File "C:\Users\mayyara.haj-yahia\Travail\Project\financial_engine\backend\app\services\csv_parsing_service.py", line 18, in parse_csv
    df = read_csv(file, encoding, delimiter)
         ^^^^^^^^^^^^^^^^^^^^^^^^^^^^^^^^^^^
  File "C:\Users\mayyara.haj-yahia\Travail\Project\financial_engine\backend\app\utils\helpers.py", line 69, in read_csv
    io.StringIO(file.read().decode(encoding)),
                ^^^^^^^^^^^^^^^^^^^^^^^^^^^^
TypeError: decode() argument 'encoding' must be str, not None
INFO:app.services.upload_service:File saved: app/uploads\Maquette bilan.pdf
INFO:app.services.upload_service:Upload registered with ID: 59
INFO:app.services.upload_service:File saved: app/uploads\balance_2021_utf.csv
INFO:app.services.upload_service:Upload registered with ID: 60
INFO:app.services.upload_service:Starting to parse upload 60: balance_2021_utf.csv
INFO:app.utils.helpers:Successfully decoded first line with utf-8
INFO:app.utils.helpers:Detected delimiter: ';' from: {',': 0, ';': 6, '\t': 0, '|': 0}
INFO:app.utils.helpers:CSV read successfully: 106 rows, 7 columns
INFO:app.services.csv_parsing_service:Raw columns after reading CSV: ['col_0', 'col_1', 'col_2', 'col_3', 'col_4', 'col_5', 'col_6']
INFO:app.services.header_detector:Detected header at row 2: ['N°', 'Libellé écriture', 'Solde Final', '', '', '', '']
INFO:app.services.csv_parsing_service:Preparing DataFrame: normalizing column names and data...
INFO:app.services.preparation_service:Starting DataFrame preparation...
INFO:app.services.preparation_service:Normalized column names: {'N°': 'n', 'Libellé écriture': 'libelle ecriture', 'Solde Final': 'solde final', '': ''}
INFO:app.services.preparation_service:Removed empty columns. Remaining: ['n', 'libelle ecriture', 'solde final']
INFO:app.services.preparation_service:DataFrame preparation complete
INFO:app.services.csv_parsing_service:Columns after preparation: ['n', 'libelle ecriture', 'solde final']
INFO:app.services.csv_parsing_service:Starting NLP-based column classification with semantic matching...
INFO:app.services.upload_service:File saved: app/uploads\balance_2021_utf.csv
INFO:app.services.upload_service:Upload registered with ID: 61
INFO:app.services.upload_service:Starting to parse upload 61: balance_2021_utf.csv
INFO:app.utils.helpers:Successfully decoded first line with utf-8
INFO:app.utils.helpers:Detected delimiter: ';' from: {',': 0, ';': 6, '\t': 0, '|': 0}
INFO:app.utils.helpers:CSV read successfully: 106 rows, 7 columns
INFO:app.services.csv_parsing_service:Raw columns after reading CSV: ['col_0', 'col_1', 'col_2', 'col_3', 'col_4', 'col_5', 'col_6']
INFO:app.services.header_detector:Detected header at row 2: ['N°', 'Libellé écriture', 'Solde Final', '', '', '', '']
INFO:app.services.csv_parsing_service:Preparing DataFrame: normalizing column names and data...
INFO:app.services.preparation_service:Starting DataFrame preparation...
INFO:app.services.preparation_service:Normalized column names: {'N°': 'n', 'Libellé écriture': 'libelle ecriture', 'Solde Final': 'solde final', '': ''}
INFO:app.services.preparation_service:Removed empty columns. Remaining: ['n', 'libelle ecriture', 'solde final']
INFO:app.services.preparation_service:DataFrame preparation complete
INFO:app.services.csv_parsing_service:Columns after preparation: ['n', 'libelle ecriture', 'solde final']
INFO:app.services.csv_parsing_service:Starting NLP-based column classification with semantic matching...
INFO:app.services.column_classifier:Processing column: 'n' \u2192 normalized: 'n'
INFO:app.services.column_classifier:Processing column: 'n' \u2192 normalized: 'n'
INFO:app.services.semantic_classifier:Loading semantic model: sentence-transformers/all-MiniLM-L6-v2
INFO:app.services.semantic_classifier:Loading semantic model: sentence-transformers/all-MiniLM-L6-v2
INFO:sentence_transformers.SentenceTransformer:Use pytorch device_name: cpu
INFO:sentence_transformers.SentenceTransformer:Load pretrained SentenceTransformer: sentence-transformers/all-MiniLM-L6-v2
INFO:sentence_transformers.SentenceTransformer:Use pytorch device_name: cpu
INFO:sentence_transformers.SentenceTransformer:Load pretrained SentenceTransformer: sentence-transformers/all-MiniLM-L6-v2
INFO:httpx:HTTP Request: HEAD https://huggingface.co/sentence-transformers/all-MiniLM-L6-v2/resolve/main/modules.json "HTTP/1.1 307 Temporary Redirect"
INFO:httpx:HTTP Request: HEAD https://huggingface.co/api/resolve-cache/models/sentence-transformers/all-MiniLM-L6-v2/c9745ed1d9f207416be6d2e6f8de32d1f16199bf/modules.json "HTTP/1.1 200 OK"
INFO:httpx:HTTP Request: HEAD https://huggingface.co/sentence-transformers/all-MiniLM-L6-v2/resolve/main/config_sentence_transformers.json "HTTP/1.1 307 Temporary Redirect"
INFO:httpx:HTTP Request: HEAD https://huggingface.co/api/resolve-cache/models/sentence-transformers/all-MiniLM-L6-v2/c9745ed1d9f207416be6d2e6f8de32d1f16199bf/config_sentence_transformers.json "HTTP/1.1 200 OK"
INFO:httpx:HTTP Request: HEAD https://huggingface.co/sentence-transformers/all-MiniLM-L6-v2/resolve/main/config_sentence_transformers.json "HTTP/1.1 307 Temporary Redirect"
INFO:httpx:HTTP Request: HEAD https://huggingface.co/api/resolve-cache/models/sentence-transformers/all-MiniLM-L6-v2/c9745ed1d9f207416be6d2e6f8de32d1f16199bf/config_sentence_transformers.json "HTTP/1.1 200 OK"
INFO:httpx:HTTP Request: HEAD https://huggingface.co/sentence-transformers/all-MiniLM-L6-v2/resolve/main/README.md "HTTP/1.1 307 Temporary Redirect"
INFO:httpx:HTTP Request: HEAD https://huggingface.co/api/resolve-cache/models/sentence-transformers/all-MiniLM-L6-v2/c9745ed1d9f207416be6d2e6f8de32d1f16199bf/README.md "HTTP/1.1 200 OK"
INFO:httpx:HTTP Request: HEAD https://huggingface.co/sentence-transformers/all-MiniLM-L6-v2/resolve/main/modules.json "HTTP/1.1 307 Temporary Redirect"
WARNING:huggingface_hub.utils._http:Warning: You are sending unauthenticated requests to the HF Hub. Please set a HF_TOKEN to enable higher rate limits and faster downloads.
INFO:httpx:HTTP Request: HEAD https://huggingface.co/api/resolve-cache/models/sentence-transformers/all-MiniLM-L6-v2/c9745ed1d9f207416be6d2e6f8de32d1f16199bf/modules.json "HTTP/1.1 200 OK"
INFO:httpx:HTTP Request: HEAD https://huggingface.co/sentence-transformers/all-MiniLM-L6-v2/resolve/main/sentence_bert_config.json "HTTP/1.1 307 Temporary Redirect"
INFO:httpx:HTTP Request: HEAD https://huggingface.co/sentence-transformers/all-MiniLM-L6-v2/resolve/main/modules.json "HTTP/1.1 307 Temporary Redirect"
INFO:httpx:HTTP Request: HEAD https://huggingface.co/api/resolve-cache/models/sentence-transformers/all-MiniLM-L6-v2/c9745ed1d9f207416be6d2e6f8de32d1f16199bf/sentence_bert_config.json "HTTP/1.1 200 OK"
INFO:httpx:HTTP Request: HEAD https://huggingface.co/api/resolve-cache/models/sentence-transformers/all-MiniLM-L6-v2/c9745ed1d9f207416be6d2e6f8de32d1f16199bf/modules.json "HTTP/1.1 200 OK"
INFO:httpx:HTTP Request: HEAD https://huggingface.co/sentence-transformers/all-MiniLM-L6-v2/resolve/main/adapter_config.json "HTTP/1.1 404 Not Found"
INFO:httpx:HTTP Request: HEAD https://huggingface.co/sentence-transformers/all-MiniLM-L6-v2/resolve/main/config_sentence_transformers.json "HTTP/1.1 307 Temporary Redirect"
INFO:httpx:HTTP Request: HEAD https://huggingface.co/api/resolve-cache/models/sentence-transformers/all-MiniLM-L6-v2/c9745ed1d9f207416be6d2e6f8de32d1f16199bf/config_sentence_transformers.json "HTTP/1.1 200 OK"
INFO:httpx:HTTP Request: HEAD https://huggingface.co/sentence-transformers/all-MiniLM-L6-v2/resolve/main/config.json "HTTP/1.1 307 Temporary Redirect"
INFO:httpx:HTTP Request: HEAD https://huggingface.co/api/resolve-cache/models/sentence-transformers/all-MiniLM-L6-v2/c9745ed1d9f207416be6d2e6f8de32d1f16199bf/config.json "HTTP/1.1 200 OK"
INFO:httpx:HTTP Request: HEAD https://huggingface.co/sentence-transformers/all-MiniLM-L6-v2/resolve/main/config_sentence_transformers.json "HTTP/1.1 307 Temporary Redirect"
INFO:httpx:HTTP Request: HEAD https://huggingface.co/api/resolve-cache/models/sentence-transformers/all-MiniLM-L6-v2/c9745ed1d9f207416be6d2e6f8de32d1f16199bf/config_sentence_transformers.json "HTTP/1.1 200 OK"
INFO:httpx:HTTP Request: HEAD https://huggingface.co/sentence-transformers/all-MiniLM-L6-v2/resolve/main/README.md "HTTP/1.1 307 Temporary Redirect"
INFO:httpx:HTTP Request: HEAD https://huggingface.co/api/resolve-cache/models/sentence-transformers/all-MiniLM-L6-v2/c9745ed1d9f207416be6d2e6f8de32d1f16199bf/README.md "HTTP/1.1 200 OK"
INFO:httpx:HTTP Request: HEAD https://huggingface.co/sentence-transformers/all-MiniLM-L6-v2/resolve/main/modules.json "HTTP/1.1 307 Temporary Redirect"
INFO:httpx:HTTP Request: HEAD https://huggingface.co/api/resolve-cache/models/sentence-transformers/all-MiniLM-L6-v2/c9745ed1d9f207416be6d2e6f8de32d1f16199bf/modules.json "HTTP/1.1 200 OK"
INFO:httpx:HTTP Request: HEAD https://huggingface.co/sentence-transformers/all-MiniLM-L6-v2/resolve/main/config.json "HTTP/1.1 307 Temporary Redirect"
INFO:httpx:HTTP Request: HEAD https://huggingface.co/api/resolve-cache/models/sentence-transformers/all-MiniLM-L6-v2/c9745ed1d9f207416be6d2e6f8de32d1f16199bf/config.json "HTTP/1.1 200 OK"
INFO:httpx:HTTP Request: HEAD https://huggingface.co/sentence-transformers/all-MiniLM-L6-v2/resolve/main/sentence_bert_config.json "HTTP/1.1 307 Temporary Redirect"
INFO:httpx:HTTP Request: HEAD https://huggingface.co/api/resolve-cache/models/sentence-transformers/all-MiniLM-L6-v2/c9745ed1d9f207416be6d2e6f8de32d1f16199bf/sentence_bert_config.json "HTTP/1.1 200 OK"
INFO:httpx:HTTP Request: HEAD https://huggingface.co/sentence-transformers/all-MiniLM-L6-v2/resolve/main/tokenizer_config.json "HTTP/1.1 307 Temporary Redirect"
INFO:httpx:HTTP Request: HEAD https://huggingface.co/api/resolve-cache/models/sentence-transformers/all-MiniLM-L6-v2/c9745ed1d9f207416be6d2e6f8de32d1f16199bf/tokenizer_config.json "HTTP/1.1 200 OK"
INFO:httpx:HTTP Request: HEAD https://huggingface.co/sentence-transformers/all-MiniLM-L6-v2/resolve/main/adapter_config.json "HTTP/1.1 404 Not Found"
INFO:httpx:HTTP Request: GET https://huggingface.co/api/models/sentence-transformers/all-MiniLM-L6-v2/tree/main/additional_chat_templates?recursive=false&expand=false "HTTP/1.1 404 Not Found"
INFO:httpx:HTTP Request: HEAD https://huggingface.co/sentence-transformers/all-MiniLM-L6-v2/resolve/main/config.json "HTTP/1.1 307 Temporary Redirect"
INFO:httpx:HTTP Request: HEAD https://huggingface.co/api/resolve-cache/models/sentence-transformers/all-MiniLM-L6-v2/c9745ed1d9f207416be6d2e6f8de32d1f16199bf/config.json "HTTP/1.1 200 OK"
INFO:httpx:HTTP Request: GET https://huggingface.co/api/models/sentence-transformers/all-MiniLM-L6-v2/tree/main?recursive=true&expand=false "HTTP/1.1 200 OK"
INFO:httpx:HTTP Request: HEAD https://huggingface.co/sentence-transformers/all-MiniLM-L6-v2/resolve/main/1_Pooling/config.json "HTTP/1.1 307 Temporary Redirect"
INFO:httpx:HTTP Request: HEAD https://huggingface.co/api/resolve-cache/models/sentence-transformers/all-MiniLM-L6-v2/c9745ed1d9f207416be6d2e6f8de32d1f16199bf/1_Pooling%2Fconfig.json "HTTP/1.1 200 OK"
INFO:httpx:HTTP Request: HEAD https://huggingface.co/sentence-transformers/all-MiniLM-L6-v2/resolve/main/config.json "HTTP/1.1 307 Temporary Redirect"
INFO:httpx:HTTP Request: HEAD https://huggingface.co/api/resolve-cache/models/sentence-transformers/all-MiniLM-L6-v2/c9745ed1d9f207416be6d2e6f8de32d1f16199bf/config.json "HTTP/1.1 200 OK"
INFO:httpx:HTTP Request: GET https://huggingface.co/api/models/sentence-transformers/all-MiniLM-L6-v2 "HTTP/1.1 200 OK"
INFO:httpx:HTTP Request: HEAD https://huggingface.co/sentence-transformers/all-MiniLM-L6-v2/resolve/main/tokenizer_config.json "HTTP/1.1 307 Temporary Redirect"
INFO:app.services.semantic_classifier:Semantic model loaded successfully
INFO:httpx:HTTP Request: HEAD https://huggingface.co/api/resolve-cache/models/sentence-transformers/all-MiniLM-L6-v2/c9745ed1d9f207416be6d2e6f8de32d1f16199bf/tokenizer_config.json "HTTP/1.1 200 OK"
INFO:httpx:HTTP Request: GET https://huggingface.co/api/models/sentence-transformers/all-MiniLM-L6-v2/tree/main/additional_chat_templates?recursive=false&expand=false "HTTP/1.1 404 Not Found"
INFO:httpx:HTTP Request: GET https://huggingface.co/api/models/sentence-transformers/all-MiniLM-L6-v2/tree/main?recursive=true&expand=false "HTTP/1.1 200 OK"
INFO:httpx:HTTP Request: HEAD https://huggingface.co/sentence-transformers/all-MiniLM-L6-v2/resolve/main/1_Pooling/config.json "HTTP/1.1 307 Temporary Redirect"
INFO:app.services.column_classifier:\u2713 Mapped 'n' \u2192 'account_code' (confidence: 44.7%) [semantic=2.7, fuzzy=30.0, content=12.0]
INFO:app.services.column_classifier:Processing column: 'libelle ecriture' \u2192 normalized: 'libelle ecriture'
INFO:httpx:HTTP Request: HEAD https://huggingface.co/api/resolve-cache/models/sentence-transformers/all-MiniLM-L6-v2/c9745ed1d9f207416be6d2e6f8de32d1f16199bf/1_Pooling%2Fconfig.json "HTTP/1.1 200 OK"
INFO:app.services.column_classifier:\u2713 Mapped 'libelle ecriture' \u2192 'label' (confidence: 46.3%) [semantic=1.3, fuzzy=30.0, content=15.0]
INFO:app.services.column_classifier:Processing column: 'solde final' \u2192 normalized: 'solde final'
INFO:app.services.column_classifier:\u2713 Mapped 'solde final' \u2192 'solde_final' (confidence: 40.8%) [semantic=10.8, fuzzy=30.0, content=0.0]
INFO:app.services.column_classifier:Validating and boosting confidence scores using content analysis...
WARNING:app.services.semantic_classifier:\u26a0 Suspicious classification: 'solde final' \u2192 'solde_final' (confidence=40.8%, content_score=0.0)
INFO:app.services.column_classifier:Final column mapping: {'n': 'account_code', 'libelle ecriture': 'label', 'solde final': 'solde_final'}
INFO:app.services.column_classifier:Confidence scores: [('n', '44.7%'), ('libelle ecriture', '50.1%'), ('solde final', '40.8%')]
INFO:app.services.csv_parsing_service:Column classification results with confidence:
INFO:app.services.csv_parsing_service:  'n' \u2192 'account_code' (confidence: 44.7%)
INFO:app.services.csv_parsing_service:  'libelle ecriture' \u2192 'label' (confidence: 50.1%)
INFO:app.services.csv_parsing_service:  'solde final' \u2192 'solde_final' (confidence: 40.8%)
INFO:app.services.data_extractor:Reverse mapping: {'account_code': ['n'], 'label': ['libelle ecriture'], 'solde_final': ['solde final']}
INFO:app.services.data_extractor:DataFrame columns after renaming: ['account_code', 'label', 'solde_final']
INFO:app.services.data_extractor:DataFrame shape: (106, 3)
INFO:app.services.data_extractor:DataFrame sample:
   account_code             label  solde_final
0  BALANCE 2021                               
1                                             
2            N°  Libellé écriture  Solde Final
3      10100000           CAPITAL   -1 000,000
4      11100000    RESERVE LEGALE             
INFO:app.services.data_extractor:Converted column 'solde_final' to numeric
INFO:app.services.data_extractor:Rows before filtering: 106
INFO:app.services.data_extractor:Rows after filtering: 100
INFO:app.services.data_extractor:Sample data:
   account_code               label  solde_final
0  BALANCE 2021                              NaN
2            N°    Libellé écriture          NaN
3      10100000             CAPITAL      -1000.0
4      11100000      RESERVE LEGALE          NaN
5      12100000  RESULTATS REPORTES    -150000.0
INFO:app.services.data_extractor:Successfully extracted 100 records
INFO:root:Upload 60: Encoding=UTF-8-SIG, Delimiter=;, Columns={'n': 'account_code', 'libelle ecriture': 'label', 'solde final': 'solde_final'}, Confidence_Scores={'n': 44.7%, 'libelle ecriture': 50.1%, 'solde final': 40.8%}
INFO:httpx:HTTP Request: GET https://huggingface.co/api/models/sentence-transformers/all-MiniLM-L6-v2 "HTTP/1.1 200 OK"
INFO:app.services.semantic_classifier:Semantic model loaded successfully
INFO:app.services.upload_service:Upload 60: 98 accounts inserted. Detected columns: ['account_code', 'label', 'solde_final']
INFO:app.services.column_classifier:\u2713 Mapped 'n' \u2192 'account_code' (confidence: 44.7%) [semantic=2.7, fuzzy=30.0, content=12.0]
INFO:app.services.column_classifier:Processing column: 'libelle ecriture' \u2192 normalized: 'libelle ecriture'
INFO:app.services.column_classifier:\u2713 Mapped 'libelle ecriture' \u2192 'label' (confidence: 46.3%) [semantic=1.3, fuzzy=30.0, content=15.0]
INFO:app.services.column_classifier:Processing column: 'solde final' \u2192 normalized: 'solde final'
INFO:app.services.column_classifier:\u2713 Mapped 'solde final' \u2192 'solde_final' (confidence: 40.8%) [semantic=10.8, fuzzy=30.0, content=0.0]
INFO:app.services.column_classifier:Validating and boosting confidence scores using content analysis...
WARNING:app.services.semantic_classifier:\u26a0 Suspicious classification: 'solde final' \u2192 'solde_final' (confidence=40.8%, content_score=0.0)
INFO:app.services.column_classifier:Final column mapping: {'n': 'account_code', 'libelle ecriture': 'label', 'solde final': 'solde_final'}
INFO:app.services.column_classifier:Confidence scores: [('n', '44.7%'), ('libelle ecriture', '50.1%'), ('solde final', '40.8%')]
INFO:app.services.csv_parsing_service:Column classification results with confidence:
INFO:app.services.csv_parsing_service:  'n' \u2192 'account_code' (confidence: 44.7%)
INFO:app.services.csv_parsing_service:  'libelle ecriture' \u2192 'label' (confidence: 50.1%)
INFO:app.services.csv_parsing_service:  'solde final' \u2192 'solde_final' (confidence: 40.8%)
INFO:app.services.data_extractor:Reverse mapping: {'account_code': ['n'], 'label': ['libelle ecriture'], 'solde_final': ['solde final']}
INFO:app.services.data_extractor:DataFrame columns after renaming: ['account_code', 'label', 'solde_final']
INFO:app.services.data_extractor:DataFrame shape: (106, 3)
INFO:app.services.data_extractor:DataFrame sample:
   account_code             label  solde_final
0  BALANCE 2021                               
1                                             
2            N°  Libellé écriture  Solde Final
3      10100000           CAPITAL   -1 000,000
4      11100000    RESERVE LEGALE             
INFO:app.services.data_extractor:Converted column 'solde_final' to numeric
INFO:app.services.data_extractor:Rows before filtering: 106
INFO:app.services.data_extractor:Rows after filtering: 100
INFO:app.services.data_extractor:Sample data:
   account_code               label  solde_final
0  BALANCE 2021                              NaN
2            N°    Libellé écriture          NaN
3      10100000             CAPITAL      -1000.0
4      11100000      RESERVE LEGALE          NaN
5      12100000  RESULTATS REPORTES    -150000.0
INFO:app.services.data_extractor:Successfully extracted 100 records
INFO:root:Upload 61: Encoding=UTF-8-SIG, Delimiter=;, Columns={'n': 'account_code', 'libelle ecriture': 'label', 'solde final': 'solde_final'}, Confidence_Scores={'n': 44.7%, 'libelle ecriture': 50.1%, 'solde final': 40.8%}
INFO:app.services.upload_service:Upload 61: 98 accounts inserted. Detected columns: ['account_code', 'label', 'solde_final']
INFO:app.services.upload_service:Starting to parse upload 60: balance_2021_utf.csv
INFO:app.utils.helpers:Successfully decoded first line with utf-8
INFO:app.utils.helpers:Detected delimiter: ';' from: {',': 0, ';': 6, '\t': 0, '|': 0}
INFO:app.utils.helpers:CSV read successfully: 106 rows, 7 columns
INFO:app.services.csv_parsing_service:Raw columns after reading CSV: ['col_0', 'col_1', 'col_2', 'col_3', 'col_4', 'col_5', 'col_6']
INFO:app.services.header_detector:Detected header at row 2: ['N°', 'Libellé écriture', 'Solde Final', '', '', '', '']
INFO:app.services.csv_parsing_service:Preparing DataFrame: normalizing column names and data...
INFO:app.services.preparation_service:Starting DataFrame preparation...
INFO:app.services.preparation_service:Normalized column names: {'N°': 'n', 'Libellé écriture': 'libelle ecriture', 'Solde Final': 'solde final', '': ''}
INFO:app.services.preparation_service:Removed empty columns. Remaining: ['n', 'libelle ecriture', 'solde final']
INFO:app.services.preparation_service:DataFrame preparation complete
INFO:app.services.csv_parsing_service:Columns after preparation: ['n', 'libelle ecriture', 'solde final']
INFO:app.services.csv_parsing_service:Starting NLP-based column classification with semantic matching...
INFO:app.services.column_classifier:Processing column: 'n' \u2192 normalized: 'n'
INFO:app.services.column_classifier:\u2713 Mapped 'n' \u2192 'account_code' (confidence: 44.7%) [semantic=2.7, fuzzy=30.0, content=12.0]
INFO:app.services.column_classifier:Processing column: 'libelle ecriture' \u2192 normalized: 'libelle ecriture'
INFO:app.services.column_classifier:\u2713 Mapped 'libelle ecriture' \u2192 'label' (confidence: 46.3%) [semantic=1.3, fuzzy=30.0, content=15.0]
INFO:app.services.column_classifier:Processing column: 'solde final' \u2192 normalized: 'solde final'
INFO:app.services.column_classifier:\u2713 Mapped 'solde final' \u2192 'solde_final' (confidence: 40.8%) [semantic=10.8, fuzzy=30.0, content=0.0]
INFO:app.services.column_classifier:Validating and boosting confidence scores using content analysis...
WARNING:app.services.semantic_classifier:\u26a0 Suspicious classification: 'solde final' \u2192 'solde_final' (confidence=40.8%, content_score=0.0)
INFO:app.services.column_classifier:Final column mapping: {'n': 'account_code', 'libelle ecriture': 'label', 'solde final': 'solde_final'}
INFO:app.services.column_classifier:Confidence scores: [('n', '44.7%'), ('libelle ecriture', '50.1%'), ('solde final', '40.8%')]
INFO:app.services.csv_parsing_service:Column classification results with confidence:
INFO:app.services.csv_parsing_service:  'n' \u2192 'account_code' (confidence: 44.7%)
INFO:app.services.csv_parsing_service:  'libelle ecriture' \u2192 'label' (confidence: 50.1%)
INFO:app.services.csv_parsing_service:  'solde final' \u2192 'solde_final' (confidence: 40.8%)
INFO:app.services.data_extractor:Reverse mapping: {'account_code': ['n'], 'label': ['libelle ecriture'], 'solde_final': ['solde final']}
INFO:app.services.data_extractor:DataFrame columns after renaming: ['account_code', 'label', 'solde_final']
INFO:app.services.data_extractor:DataFrame shape: (106, 3)
INFO:app.services.data_extractor:DataFrame sample:
   account_code             label  solde_final
0  BALANCE 2021                               
1                                             
2            N°  Libellé écriture  Solde Final
3      10100000           CAPITAL   -1 000,000
4      11100000    RESERVE LEGALE             
INFO:app.services.data_extractor:Converted column 'solde_final' to numeric
INFO:app.services.data_extractor:Rows before filtering: 106
INFO:app.services.data_extractor:Rows after filtering: 100
INFO:app.services.data_extractor:Sample data:
   account_code               label  solde_final
0  BALANCE 2021                              NaN
2            N°    Libellé écriture          NaN
3      10100000             CAPITAL      -1000.0
4      11100000      RESERVE LEGALE          NaN
5      12100000  RESULTATS REPORTES    -150000.0
INFO:app.services.data_extractor:Successfully extracted 100 records
INFO:root:Upload 60: Encoding=UTF-8-SIG, Delimiter=;, Columns={'n': 'account_code', 'libelle ecriture': 'label', 'solde final': 'solde_final'}, Confidence_Scores={'n': 44.7%, 'libelle ecriture': 50.1%, 'solde final': 40.8%}
INFO:app.services.upload_service:Upload 60: 98 accounts inserted. Detected columns: ['account_code', 'label', 'solde_final']
INFO:app.services.upload_service:Starting to parse upload 56: balance_2021_utf.csv
INFO:app.utils.helpers:Successfully decoded first line with utf-8
INFO:app.utils.helpers:Detected delimiter: ';' from: {',': 0, ';': 6, '\t': 0, '|': 0}
INFO:app.utils.helpers:CSV read successfully: 106 rows, 7 columns
INFO:app.services.csv_parsing_service:Raw columns after reading CSV: ['col_0', 'col_1', 'col_2', 'col_3', 'col_4', 'col_5', 'col_6']
INFO:app.services.header_detector:Detected header at row 2: ['N°', 'Libellé écriture', 'Solde Final', '', '', '', '']
INFO:app.services.csv_parsing_service:Preparing DataFrame: normalizing column names and data...
INFO:app.services.preparation_service:Starting DataFrame preparation...
INFO:app.services.preparation_service:Normalized column names: {'N°': 'n', 'Libellé écriture': 'libelle ecriture', 'Solde Final': 'solde final', '': ''}
INFO:app.services.preparation_service:Removed empty columns. Remaining: ['n', 'libelle ecriture', 'solde final']
INFO:app.services.preparation_service:DataFrame preparation complete
INFO:app.services.csv_parsing_service:Columns after preparation: ['n', 'libelle ecriture', 'solde final']
INFO:app.services.csv_parsing_service:Starting NLP-based column classification with semantic matching...
INFO:app.services.column_classifier:Processing column: 'n' \u2192 normalized: 'n'
INFO:app.services.column_classifier:\u2713 Mapped 'n' \u2192 'account_code' (confidence: 44.7%) [semantic=2.7, fuzzy=30.0, content=12.0]
INFO:app.services.column_classifier:Processing column: 'libelle ecriture' \u2192 normalized: 'libelle ecriture'
INFO:app.services.column_classifier:\u2713 Mapped 'libelle ecriture' \u2192 'label' (confidence: 46.3%) [semantic=1.3, fuzzy=30.0, content=15.0]
INFO:app.services.column_classifier:Processing column: 'solde final' \u2192 normalized: 'solde final'
INFO:app.services.column_classifier:\u2713 Mapped 'solde final' \u2192 'solde_final' (confidence: 40.8%) [semantic=10.8, fuzzy=30.0, content=0.0]
INFO:app.services.column_classifier:Validating and boosting confidence scores using content analysis...
WARNING:app.services.semantic_classifier:\u26a0 Suspicious classification: 'solde final' \u2192 'solde_final' (confidence=40.8%, content_score=0.0)
INFO:app.services.column_classifier:Final column mapping: {'n': 'account_code', 'libelle ecriture': 'label', 'solde final': 'solde_final'}
INFO:app.services.column_classifier:Confidence scores: [('n', '44.7%'), ('libelle ecriture', '50.1%'), ('solde final', '40.8%')]
INFO:app.services.csv_parsing_service:Column classification results with confidence:
INFO:app.services.csv_parsing_service:  'n' \u2192 'account_code' (confidence: 44.7%)
INFO:app.services.csv_parsing_service:  'libelle ecriture' \u2192 'label' (confidence: 50.1%)
INFO:app.services.csv_parsing_service:  'solde final' \u2192 'solde_final' (confidence: 40.8%)
INFO:app.services.data_extractor:Reverse mapping: {'account_code': ['n'], 'label': ['libelle ecriture'], 'solde_final': ['solde final']}
INFO:app.services.data_extractor:DataFrame columns after renaming: ['account_code', 'label', 'solde_final']
INFO:app.services.data_extractor:DataFrame shape: (106, 3)
INFO:app.services.data_extractor:DataFrame sample:
   account_code             label  solde_final
0  BALANCE 2021                               
1                                             
2            N°  Libellé écriture  Solde Final
3      10100000           CAPITAL   -1 000,000
4      11100000    RESERVE LEGALE             
INFO:app.services.data_extractor:Converted column 'solde_final' to numeric
INFO:app.services.data_extractor:Rows before filtering: 106
INFO:app.services.data_extractor:Rows after filtering: 100
INFO:app.services.data_extractor:Sample data:
   account_code               label  solde_final
0  BALANCE 2021                              NaN
2            N°    Libellé écriture          NaN
3      10100000             CAPITAL      -1000.0
4      11100000      RESERVE LEGALE          NaN
5      12100000  RESULTATS REPORTES    -150000.0
INFO:app.services.data_extractor:Successfully extracted 100 records
INFO:root:Upload 56: Encoding=UTF-8-SIG, Delimiter=;, Columns={'n': 'account_code', 'libelle ecriture': 'label', 'solde final': 'solde_final'}, Confidence_Scores={'n': 44.7%, 'libelle ecriture': 50.1%, 'solde final': 40.8%}
INFO:app.services.upload_service:Upload 56: 98 accounts inserted. Detected columns: ['account_code', 'label', 'solde_final']
INFO:app.services.upload_service:File saved: app/uploads\balance_fixed.csv
INFO:app.services.upload_service:Upload registered with ID: 62
INFO:app.services.upload_service:Starting to parse upload 60: balance_2021_utf.csv
ERROR:app.services.upload_service:Parse failed for upload 60: [Errno 2] No such file or directory: 'app/uploads\\balance_2021_utf.csv'
Traceback (most recent call last):
  File "C:\Users\mayyara.haj-yahia\Travail\Project\financial_engine\backend\app\services\upload_service.py", line 88, in parse_csv_file
    with open(upload.file_path, "rb") as f:
         ^^^^^^^^^^^^^^^^^^^^^^^^^^^^
FileNotFoundError: [Errno 2] No such file or directory: 'app/uploads\\balance_2021_utf.csv'
INFO:app.services.upload_service:File saved: app/uploads\Besoins fonctionnels et non fontionnels.pdf
INFO:app.services.upload_service:Upload registered with ID: 63
INFO:app.services.upload_service:File saved: app/uploads\balance_fixed.csv
INFO:app.services.upload_service:Upload registered with ID: 64
INFO:app.services.upload_service:File saved: app/uploads\F1773661755482_BAL(in).csv
INFO:app.services.upload_service:Upload registered with ID: 65
INFO:app.services.upload_service:File saved: app/uploads\etats-financiers-Pulse-Consulting-Agency-2021 – Copie(BALANCE 2021).csv
INFO:app.services.upload_service:Upload registered with ID: 66
INFO:app.services.upload_service:Previewing upload 66: etats-financiers-Pulse-Consulting-Agency-2021 – Copie(BALANCE 2021).csv
INFO:app.utils.helpers:Successfully decoded first line with utf-8
INFO:app.utils.helpers:Detected delimiter: ';' from: {',': 0, ';': 6, '\t': 0, '|': 0}
INFO:app.utils.helpers:CSV read successfully: 106 rows, 7 columns
INFO:app.services.upload_service:Preview for upload 66: 20 preview rows, 105 total rows
INFO:app.services.upload_service:Previewing upload 66: etats-financiers-Pulse-Consulting-Agency-2021 – Copie(BALANCE 2021).csv
INFO:app.utils.helpers:Successfully decoded first line with utf-8
INFO:app.utils.helpers:Detected delimiter: ';' from: {',': 0, ';': 6, '\t': 0, '|': 0}
INFO:app.utils.helpers:CSV read successfully: 106 rows, 7 columns
INFO:app.services.upload_service:Preview for upload 66: 20 preview rows, 105 total rows
INFO:app.services.upload_service:Previewing upload 66: etats-financiers-Pulse-Consulting-Agency-2021 – Copie(BALANCE 2021).csv
INFO:app.utils.helpers:Successfully decoded first line with utf-8
INFO:app.utils.helpers:Detected delimiter: ';' from: {',': 0, ';': 6, '\t': 0, '|': 0}
INFO:app.utils.helpers:CSV read successfully: 106 rows, 7 columns
INFO:app.services.upload_service:Preview for upload 66: 20 preview rows, 105 total rows
INFO:app.services.upload_service:Previewing upload 64: balance_fixed.csv
INFO:app.utils.helpers:Successfully decoded first line with utf-8
INFO:app.utils.helpers:Detected delimiter: ';' from: {',': 0, ';': 7, '\t': 0, '|': 0}
INFO:app.utils.helpers:CSV read successfully: 107 rows, 8 columns
INFO:app.services.upload_service:Preview for upload 64: 20 preview rows, 106 total rows
INFO:app.services.upload_service:File saved: app/uploads\F1773661755482_BAL(in).csv
INFO:app.services.upload_service:Upload registered with ID: 67
INFO:app.services.upload_service:Previewing upload 67: F1773661755482_BAL(in).csv
INFO:app.utils.helpers:Successfully decoded first line with latin1
INFO:app.utils.helpers:Detected delimiter: ';' from: {',': 0, ';': 9, '\t': 0, '|': 0}
INFO:app.utils.helpers:CSV read successfully: 166 rows, 10 columns
INFO:app.services.upload_service:Preview for upload 67: 20 preview rows, 165 total rows
INFO:app.services.upload_service:Previewing upload 64: balance_fixed.csv
ERROR:app.services.upload_service:Preview failed for upload 64: [Errno 2] No such file or directory: 'app/uploads\\balance_fixed.csv'
Traceback (most recent call last):
  File "C:\Users\mayyara.haj-yahia\Travail\Project\financial_engine\backend\app\services\upload_service.py", line 185, in preview_csv_file
    with open(upload.file_path, "rb") as f:
         ^^^^^^^^^^^^^^^^^^^^^^^^^^^^
FileNotFoundError: [Errno 2] No such file or directory: 'app/uploads\\balance_fixed.csv'
INFO:app.services.upload_service:Previewing upload 61: balance_2021_utf.csv
ERROR:app.services.upload_service:Preview failed for upload 61: [Errno 2] No such file or directory: 'app/uploads\\balance_2021_utf.csv'
Traceback (most recent call last):
  File "C:\Users\mayyara.haj-yahia\Travail\Project\financial_engine\backend\app\services\upload_service.py", line 185, in preview_csv_file
    with open(upload.file_path, "rb") as f:
         ^^^^^^^^^^^^^^^^^^^^^^^^^^^^
FileNotFoundError: [Errno 2] No such file or directory: 'app/uploads\\balance_2021_utf.csv'
INFO:app.services.upload_service:Previewing upload 67: F1773661755482_BAL(in).csv
INFO:app.utils.helpers:Successfully decoded first line with latin1
INFO:app.utils.helpers:Detected delimiter: ';' from: {',': 0, ';': 9, '\t': 0, '|': 0}
INFO:app.utils.helpers:CSV read successfully: 166 rows, 10 columns
INFO:app.services.upload_service:Preview for upload 67: 20 preview rows, 165 total rows
INFO:app.services.upload_service:File saved: app/uploads\balance_2021_utf.csv
INFO:app.services.upload_service:Upload registered with ID: 68
INFO:app.services.upload_service:Previewing upload 67: F1773661755482_BAL(in).csv
INFO:app.utils.helpers:Successfully decoded first line with latin1
INFO:app.utils.helpers:Detected delimiter: ';' from: {',': 0, ';': 9, '\t': 0, '|': 0}
INFO:app.utils.helpers:CSV read successfully: 166 rows, 10 columns
INFO:app.services.upload_service:Preview for upload 67: 20 preview rows, 165 total rows
INFO:app.services.upload_service:Previewing upload 68: balance_2021_utf.csv
INFO:app.utils.helpers:Successfully decoded first line with utf-8
INFO:app.utils.helpers:Detected delimiter: ';' from: {',': 0, ';': 6, '\t': 0, '|': 0}
INFO:app.utils.helpers:CSV read successfully: 106 rows, 7 columns
INFO:app.services.upload_service:Preview for upload 68: 20 preview rows, 105 total rows
INFO:app.services.upload_service:Previewing upload 67: F1773661755482_BAL(in).csv
INFO:app.utils.helpers:Successfully decoded first line with latin1
INFO:app.utils.helpers:Detected delimiter: ';' from: {',': 0, ';': 9, '\t': 0, '|': 0}
INFO:app.utils.helpers:CSV read successfully: 166 rows, 10 columns
INFO:app.services.upload_service:Preview for upload 67: 20 preview rows, 165 total rows
INFO:app.services.upload_service:Starting to parse upload 68: balance_2021_utf.csv
INFO:app.utils.helpers:Successfully decoded first line with utf-8
INFO:app.utils.helpers:Detected delimiter: ';' from: {',': 0, ';': 6, '\t': 0, '|': 0}
INFO:app.utils.helpers:CSV read successfully: 106 rows, 7 columns
INFO:app.services.csv_parsing_service:Raw columns after reading CSV: ['col_0', 'col_1', 'col_2', 'col_3', 'col_4', 'col_5', 'col_6']
INFO:app.services.header_detector:Detected header at row 2: ['N°', 'Libellé écriture', 'Solde Final', '', '', '', '']
INFO:app.services.csv_parsing_service:Preparing DataFrame: normalizing column names and data...
INFO:app.services.preparation_service:Starting DataFrame preparation...
INFO:app.services.preparation_service:Normalized column names: {'N°': 'n', 'Libellé écriture': 'libelle ecriture', 'Solde Final': 'solde final', '': ''}
INFO:app.services.preparation_service:Removed empty columns. Remaining: ['n', 'libelle ecriture', 'solde final']
INFO:app.services.preparation_service:DataFrame preparation complete
INFO:app.services.csv_parsing_service:Columns after preparation: ['n', 'libelle ecriture', 'solde final']
INFO:app.services.csv_parsing_service:Starting NLP-based column classification with semantic matching...
INFO:app.services.column_classifier:Processing column: 'n' \u2192 normalized: 'n'
INFO:app.services.semantic_classifier:Loading semantic model: sentence-transformers/all-MiniLM-L6-v2
INFO:sentence_transformers.SentenceTransformer:Use pytorch device_name: cpu
INFO:sentence_transformers.SentenceTransformer:Load pretrained SentenceTransformer: sentence-transformers/all-MiniLM-L6-v2
INFO:httpx:HTTP Request: HEAD https://huggingface.co/sentence-transformers/all-MiniLM-L6-v2/resolve/main/modules.json "HTTP/1.1 307 Temporary Redirect"
WARNING:huggingface_hub.utils._http:Warning: You are sending unauthenticated requests to the HF Hub. Please set a HF_TOKEN to enable higher rate limits and faster downloads.
INFO:httpx:HTTP Request: HEAD https://huggingface.co/api/resolve-cache/models/sentence-transformers/all-MiniLM-L6-v2/c9745ed1d9f207416be6d2e6f8de32d1f16199bf/modules.json "HTTP/1.1 200 OK"
INFO:httpx:HTTP Request: HEAD https://huggingface.co/sentence-transformers/all-MiniLM-L6-v2/resolve/main/config_sentence_transformers.json "HTTP/1.1 307 Temporary Redirect"
INFO:httpx:HTTP Request: HEAD https://huggingface.co/api/resolve-cache/models/sentence-transformers/all-MiniLM-L6-v2/c9745ed1d9f207416be6d2e6f8de32d1f16199bf/config_sentence_transformers.json "HTTP/1.1 200 OK"
INFO:httpx:HTTP Request: HEAD https://huggingface.co/sentence-transformers/all-MiniLM-L6-v2/resolve/main/config_sentence_transformers.json "HTTP/1.1 307 Temporary Redirect"
INFO:httpx:HTTP Request: HEAD https://huggingface.co/api/resolve-cache/models/sentence-transformers/all-MiniLM-L6-v2/c9745ed1d9f207416be6d2e6f8de32d1f16199bf/config_sentence_transformers.json "HTTP/1.1 200 OK"
INFO:httpx:HTTP Request: HEAD https://huggingface.co/sentence-transformers/all-MiniLM-L6-v2/resolve/main/README.md "HTTP/1.1 307 Temporary Redirect"
INFO:httpx:HTTP Request: HEAD https://huggingface.co/api/resolve-cache/models/sentence-transformers/all-MiniLM-L6-v2/c9745ed1d9f207416be6d2e6f8de32d1f16199bf/README.md "HTTP/1.1 200 OK"
INFO:httpx:HTTP Request: HEAD https://huggingface.co/sentence-transformers/all-MiniLM-L6-v2/resolve/main/modules.json "HTTP/1.1 307 Temporary Redirect"
INFO:httpx:HTTP Request: HEAD https://huggingface.co/api/resolve-cache/models/sentence-transformers/all-MiniLM-L6-v2/c9745ed1d9f207416be6d2e6f8de32d1f16199bf/modules.json "HTTP/1.1 200 OK"
INFO:httpx:HTTP Request: HEAD https://huggingface.co/sentence-transformers/all-MiniLM-L6-v2/resolve/main/sentence_bert_config.json "HTTP/1.1 307 Temporary Redirect"
INFO:httpx:HTTP Request: HEAD https://huggingface.co/api/resolve-cache/models/sentence-transformers/all-MiniLM-L6-v2/c9745ed1d9f207416be6d2e6f8de32d1f16199bf/sentence_bert_config.json "HTTP/1.1 200 OK"
INFO:httpx:HTTP Request: HEAD https://huggingface.co/sentence-transformers/all-MiniLM-L6-v2/resolve/main/adapter_config.json "HTTP/1.1 404 Not Found"
INFO:httpx:HTTP Request: HEAD https://huggingface.co/sentence-transformers/all-MiniLM-L6-v2/resolve/main/config.json "HTTP/1.1 307 Temporary Redirect"
INFO:httpx:HTTP Request: HEAD https://huggingface.co/api/resolve-cache/models/sentence-transformers/all-MiniLM-L6-v2/c9745ed1d9f207416be6d2e6f8de32d1f16199bf/config.json "HTTP/1.1 200 OK"
INFO:httpx:HTTP Request: HEAD https://huggingface.co/sentence-transformers/all-MiniLM-L6-v2/resolve/main/config.json "HTTP/1.1 307 Temporary Redirect"
INFO:httpx:HTTP Request: HEAD https://huggingface.co/api/resolve-cache/models/sentence-transformers/all-MiniLM-L6-v2/c9745ed1d9f207416be6d2e6f8de32d1f16199bf/config.json "HTTP/1.1 200 OK"
INFO:httpx:HTTP Request: HEAD https://huggingface.co/sentence-transformers/all-MiniLM-L6-v2/resolve/main/tokenizer_config.json "HTTP/1.1 307 Temporary Redirect"
INFO:httpx:HTTP Request: HEAD https://huggingface.co/api/resolve-cache/models/sentence-transformers/all-MiniLM-L6-v2/c9745ed1d9f207416be6d2e6f8de32d1f16199bf/tokenizer_config.json "HTTP/1.1 200 OK"
INFO:httpx:HTTP Request: GET https://huggingface.co/api/models/sentence-transformers/all-MiniLM-L6-v2/tree/main/additional_chat_templates?recursive=false&expand=false "HTTP/1.1 404 Not Found"
INFO:httpx:HTTP Request: GET https://huggingface.co/api/models/sentence-transformers/all-MiniLM-L6-v2/tree/main?recursive=true&expand=false "HTTP/1.1 200 OK"
INFO:httpx:HTTP Request: HEAD https://huggingface.co/sentence-transformers/all-MiniLM-L6-v2/resolve/main/1_Pooling/config.json "HTTP/1.1 307 Temporary Redirect"
INFO:httpx:HTTP Request: HEAD https://huggingface.co/api/resolve-cache/models/sentence-transformers/all-MiniLM-L6-v2/c9745ed1d9f207416be6d2e6f8de32d1f16199bf/1_Pooling%2Fconfig.json "HTTP/1.1 200 OK"
INFO:httpx:HTTP Request: GET https://huggingface.co/api/models/sentence-transformers/all-MiniLM-L6-v2 "HTTP/1.1 200 OK"
INFO:app.services.semantic_classifier:Semantic model loaded successfully
INFO:app.services.column_classifier:\u2713 Mapped 'n' \u2192 'account_code' (confidence: 44.7%) [semantic=2.7, fuzzy=30.0, content=12.0]
INFO:app.services.column_classifier:Processing column: 'libelle ecriture' \u2192 normalized: 'libelle ecriture'
INFO:app.services.column_classifier:\u2713 Mapped 'libelle ecriture' \u2192 'label' (confidence: 46.3%) [semantic=1.3, fuzzy=30.0, content=15.0]
INFO:app.services.column_classifier:Processing column: 'solde final' \u2192 normalized: 'solde final'
INFO:app.services.column_classifier:\u2713 Mapped 'solde final' \u2192 'solde_final' (confidence: 40.8%) [semantic=10.8, fuzzy=30.0, content=0.0]
INFO:app.services.column_classifier:Validating and boosting confidence scores using content analysis...
WARNING:app.services.semantic_classifier:\u26a0 Suspicious classification: 'solde final' \u2192 'solde_final' (confidence=40.8%, content_score=0.0)
INFO:app.services.column_classifier:Final column mapping: {'n': 'account_code', 'libelle ecriture': 'label', 'solde final': 'solde_final'}
INFO:app.services.column_classifier:Confidence scores: [('n', '44.7%'), ('libelle ecriture', '50.1%'), ('solde final', '40.8%')]
INFO:app.services.csv_parsing_service:Column classification results with confidence:
INFO:app.services.csv_parsing_service:  'n' \u2192 'account_code' (confidence: 44.7%)
INFO:app.services.csv_parsing_service:  'libelle ecriture' \u2192 'label' (confidence: 50.1%)
INFO:app.services.csv_parsing_service:  'solde final' \u2192 'solde_final' (confidence: 40.8%)
INFO:app.services.data_extractor:Reverse mapping: {'account_code': ['n'], 'label': ['libelle ecriture'], 'solde_final': ['solde final']}
INFO:app.services.data_extractor:DataFrame columns after renaming: ['account_code', 'label', 'solde_final']
INFO:app.services.data_extractor:DataFrame shape: (106, 3)
INFO:app.services.data_extractor:DataFrame sample:
   account_code             label  solde_final
0  BALANCE 2021                               
1                                             
2            N°  Libellé écriture  Solde Final
3      10100000           CAPITAL   -1 000,000
4      11100000    RESERVE LEGALE             
INFO:app.services.data_extractor:Converted column 'solde_final' to numeric
INFO:app.services.data_extractor:Rows before filtering: 106
INFO:app.services.data_extractor:Rows after filtering: 100
INFO:app.services.data_extractor:Sample data:
   account_code               label  solde_final
0  BALANCE 2021                              NaN
2            N°    Libellé écriture          NaN
3      10100000             CAPITAL      -1000.0
4      11100000      RESERVE LEGALE          NaN
5      12100000  RESULTATS REPORTES    -150000.0
INFO:app.services.data_extractor:Successfully extracted 100 records
INFO:root:Upload 68: Encoding=UTF-8-SIG, Delimiter=;, Columns={'n': 'account_code', 'libelle ecriture': 'label', 'solde final': 'solde_final'}, Confidence_Scores={'n': 44.7%, 'libelle ecriture': 50.1%, 'solde final': 40.8%}
INFO:app.services.upload_service:Upload 68: 98 accounts inserted. Detected columns: ['account_code', 'label', 'solde_final']
INFO:app.services.upload_service:Starting to parse upload 68: balance_2021_utf.csv
INFO:app.utils.helpers:Successfully decoded first line with utf-8
INFO:app.utils.helpers:Detected delimiter: ';' from: {',': 0, ';': 6, '\t': 0, '|': 0}
INFO:app.utils.helpers:CSV read successfully: 106 rows, 7 columns
INFO:app.services.csv_parsing_service:Raw columns after reading CSV: ['col_0', 'col_1', 'col_2', 'col_3', 'col_4', 'col_5', 'col_6']
INFO:app.services.header_detector:Detected header at row 2: ['N°', 'Libellé écriture', 'Solde Final', '', '', '', '']
INFO:app.services.csv_parsing_service:Preparing DataFrame: normalizing column names and data...
INFO:app.services.preparation_service:Starting DataFrame preparation...
INFO:app.services.preparation_service:Normalized column names: {'N°': 'n', 'Libellé écriture': 'libelle ecriture', 'Solde Final': 'solde final', '': ''}
INFO:app.services.preparation_service:Removed empty columns. Remaining: ['n', 'libelle ecriture', 'solde final']
INFO:app.services.preparation_service:DataFrame preparation complete
INFO:app.services.csv_parsing_service:Columns after preparation: ['n', 'libelle ecriture', 'solde final']
INFO:app.services.csv_parsing_service:Starting NLP-based column classification with semantic matching...
INFO:app.services.column_classifier:Processing column: 'n' \u2192 normalized: 'n'
INFO:app.services.semantic_classifier:Loading semantic model: sentence-transformers/all-MiniLM-L6-v2
INFO:sentence_transformers.SentenceTransformer:Use pytorch device_name: cpu
INFO:sentence_transformers.SentenceTransformer:Load pretrained SentenceTransformer: sentence-transformers/all-MiniLM-L6-v2
INFO:httpx:HTTP Request: HEAD https://huggingface.co/sentence-transformers/all-MiniLM-L6-v2/resolve/main/modules.json "HTTP/1.1 307 Temporary Redirect"
WARNING:huggingface_hub.utils._http:Warning: You are sending unauthenticated requests to the HF Hub. Please set a HF_TOKEN to enable higher rate limits and faster downloads.
INFO:httpx:HTTP Request: HEAD https://huggingface.co/api/resolve-cache/models/sentence-transformers/all-MiniLM-L6-v2/c9745ed1d9f207416be6d2e6f8de32d1f16199bf/modules.json "HTTP/1.1 200 OK"
INFO:httpx:HTTP Request: HEAD https://huggingface.co/sentence-transformers/all-MiniLM-L6-v2/resolve/main/config_sentence_transformers.json "HTTP/1.1 307 Temporary Redirect"
INFO:httpx:HTTP Request: HEAD https://huggingface.co/api/resolve-cache/models/sentence-transformers/all-MiniLM-L6-v2/c9745ed1d9f207416be6d2e6f8de32d1f16199bf/config_sentence_transformers.json "HTTP/1.1 200 OK"
INFO:httpx:HTTP Request: HEAD https://huggingface.co/sentence-transformers/all-MiniLM-L6-v2/resolve/main/config_sentence_transformers.json "HTTP/1.1 307 Temporary Redirect"
INFO:httpx:HTTP Request: HEAD https://huggingface.co/api/resolve-cache/models/sentence-transformers/all-MiniLM-L6-v2/c9745ed1d9f207416be6d2e6f8de32d1f16199bf/config_sentence_transformers.json "HTTP/1.1 200 OK"
INFO:httpx:HTTP Request: HEAD https://huggingface.co/sentence-transformers/all-MiniLM-L6-v2/resolve/main/README.md "HTTP/1.1 307 Temporary Redirect"
INFO:httpx:HTTP Request: HEAD https://huggingface.co/api/resolve-cache/models/sentence-transformers/all-MiniLM-L6-v2/c9745ed1d9f207416be6d2e6f8de32d1f16199bf/README.md "HTTP/1.1 200 OK"
INFO:httpx:HTTP Request: HEAD https://huggingface.co/sentence-transformers/all-MiniLM-L6-v2/resolve/main/modules.json "HTTP/1.1 307 Temporary Redirect"
INFO:httpx:HTTP Request: HEAD https://huggingface.co/api/resolve-cache/models/sentence-transformers/all-MiniLM-L6-v2/c9745ed1d9f207416be6d2e6f8de32d1f16199bf/modules.json "HTTP/1.1 200 OK"
INFO:httpx:HTTP Request: HEAD https://huggingface.co/sentence-transformers/all-MiniLM-L6-v2/resolve/main/sentence_bert_config.json "HTTP/1.1 307 Temporary Redirect"
INFO:httpx:HTTP Request: HEAD https://huggingface.co/api/resolve-cache/models/sentence-transformers/all-MiniLM-L6-v2/c9745ed1d9f207416be6d2e6f8de32d1f16199bf/sentence_bert_config.json "HTTP/1.1 200 OK"
INFO:httpx:HTTP Request: HEAD https://huggingface.co/sentence-transformers/all-MiniLM-L6-v2/resolve/main/adapter_config.json "HTTP/1.1 404 Not Found"
INFO:httpx:HTTP Request: HEAD https://huggingface.co/sentence-transformers/all-MiniLM-L6-v2/resolve/main/config.json "HTTP/1.1 307 Temporary Redirect"
INFO:httpx:HTTP Request: HEAD https://huggingface.co/api/resolve-cache/models/sentence-transformers/all-MiniLM-L6-v2/c9745ed1d9f207416be6d2e6f8de32d1f16199bf/config.json "HTTP/1.1 200 OK"
INFO:httpx:HTTP Request: HEAD https://huggingface.co/sentence-transformers/all-MiniLM-L6-v2/resolve/main/config.json "HTTP/1.1 307 Temporary Redirect"
INFO:httpx:HTTP Request: HEAD https://huggingface.co/api/resolve-cache/models/sentence-transformers/all-MiniLM-L6-v2/c9745ed1d9f207416be6d2e6f8de32d1f16199bf/config.json "HTTP/1.1 200 OK"
INFO:httpx:HTTP Request: HEAD https://huggingface.co/sentence-transformers/all-MiniLM-L6-v2/resolve/main/tokenizer_config.json "HTTP/1.1 307 Temporary Redirect"
INFO:httpx:HTTP Request: HEAD https://huggingface.co/api/resolve-cache/models/sentence-transformers/all-MiniLM-L6-v2/c9745ed1d9f207416be6d2e6f8de32d1f16199bf/tokenizer_config.json "HTTP/1.1 200 OK"
INFO:httpx:HTTP Request: GET https://huggingface.co/api/models/sentence-transformers/all-MiniLM-L6-v2/tree/main/additional_chat_templates?recursive=false&expand=false "HTTP/1.1 404 Not Found"
INFO:httpx:HTTP Request: GET https://huggingface.co/api/models/sentence-transformers/all-MiniLM-L6-v2/tree/main?recursive=true&expand=false "HTTP/1.1 200 OK"
INFO:httpx:HTTP Request: HEAD https://huggingface.co/sentence-transformers/all-MiniLM-L6-v2/resolve/main/1_Pooling/config.json "HTTP/1.1 307 Temporary Redirect"
INFO:httpx:HTTP Request: HEAD https://huggingface.co/api/resolve-cache/models/sentence-transformers/all-MiniLM-L6-v2/c9745ed1d9f207416be6d2e6f8de32d1f16199bf/1_Pooling%2Fconfig.json "HTTP/1.1 200 OK"
INFO:httpx:HTTP Request: GET https://huggingface.co/api/models/sentence-transformers/all-MiniLM-L6-v2 "HTTP/1.1 200 OK"
INFO:app.services.semantic_classifier:Semantic model loaded successfully
INFO:app.services.column_classifier:\u2713 Mapped 'n' \u2192 'account_code' (confidence: 44.7%) [semantic=2.7, fuzzy=30.0, content=12.0]
INFO:app.services.column_classifier:Processing column: 'libelle ecriture' \u2192 normalized: 'libelle ecriture'
INFO:app.services.column_classifier:\u2713 Mapped 'libelle ecriture' \u2192 'label' (confidence: 46.3%) [semantic=1.3, fuzzy=30.0, content=15.0]
INFO:app.services.column_classifier:Processing column: 'solde final' \u2192 normalized: 'solde final'
INFO:app.services.column_classifier:\u2713 Mapped 'solde final' \u2192 'solde_final' (confidence: 40.8%) [semantic=10.8, fuzzy=30.0, content=0.0]
INFO:app.services.column_classifier:Validating and boosting confidence scores using content analysis...
WARNING:app.services.semantic_classifier:\u26a0 Suspicious classification: 'solde final' \u2192 'solde_final' (confidence=40.8%, content_score=0.0)
INFO:app.services.column_classifier:Final column mapping: {'n': 'account_code', 'libelle ecriture': 'label', 'solde final': 'solde_final'}
INFO:app.services.column_classifier:Confidence scores: [('n', '44.7%'), ('libelle ecriture', '50.1%'), ('solde final', '40.8%')]
INFO:app.services.csv_parsing_service:Column classification results with confidence:
INFO:app.services.csv_parsing_service:  'n' \u2192 'account_code' (confidence: 44.7%)
INFO:app.services.csv_parsing_service:  'libelle ecriture' \u2192 'label' (confidence: 50.1%)
INFO:app.services.csv_parsing_service:  'solde final' \u2192 'solde_final' (confidence: 40.8%)
INFO:app.services.data_extractor:Reverse mapping: {'account_code': ['n'], 'label': ['libelle ecriture'], 'solde_final': ['solde final']}
INFO:app.services.data_extractor:DataFrame columns after renaming: ['account_code', 'label', 'solde_final']
INFO:app.services.data_extractor:DataFrame shape: (106, 3)
INFO:app.services.data_extractor:DataFrame sample:
   account_code             label  solde_final
0  BALANCE 2021                               
1                                             
2            N°  Libellé écriture  Solde Final
3      10100000           CAPITAL   -1 000,000
4      11100000    RESERVE LEGALE             
INFO:app.services.data_extractor:Converted column 'solde_final' to numeric
INFO:app.services.data_extractor:Rows before filtering: 106
INFO:app.services.data_extractor:Rows after filtering: 100
INFO:app.services.data_extractor:Sample data:
   account_code               label  solde_final
0  BALANCE 2021                              NaN
2            N°    Libellé écriture          NaN
3      10100000             CAPITAL      -1000.0
4      11100000      RESERVE LEGALE          NaN
5      12100000  RESULTATS REPORTES    -150000.0
INFO:app.services.data_extractor:Successfully extracted 100 records
INFO:root:Upload 68: Encoding=UTF-8-SIG, Delimiter=;, Columns={'n': 'account_code', 'libelle ecriture': 'label', 'solde final': 'solde_final'}, Confidence_Scores={'n': 44.7%, 'libelle ecriture': 50.1%, 'solde final': 40.8%}
INFO:app.services.upload_service:Upload 68: 98 accounts inserted. Detected columns: ['account_code', 'label', 'solde_final']
INFO:app.services.upload_service:Previewing upload 68: balance_2021_utf.csv
INFO:app.utils.helpers:Successfully decoded first line with utf-8
INFO:app.utils.helpers:Detected delimiter: ';' from: {',': 0, ';': 6, '\t': 0, '|': 0}
INFO:app.utils.helpers:CSV read successfully: 106 rows, 7 columns
INFO:app.services.upload_service:Preview for upload 68: 20 preview rows, 105 total rows
INFO:app.services.upload_service:Previewing upload 68: balance_2021_utf.csv
INFO:app.utils.helpers:Successfully decoded first line with utf-8
INFO:app.utils.helpers:Detected delimiter: ';' from: {',': 0, ';': 6, '\t': 0, '|': 0}
INFO:app.utils.helpers:CSV read successfully: 106 rows, 7 columns
INFO:app.services.upload_service:Preview for upload 68: 20 preview rows, 105 total rows
INFO:app.services.upload_service:Previewing upload 67: F1773661755482_BAL(in).csv
INFO:app.utils.helpers:Successfully decoded first line with latin1
INFO:app.utils.helpers:Detected delimiter: ';' from: {',': 0, ';': 9, '\t': 0, '|': 0}
INFO:app.utils.helpers:CSV read successfully: 166 rows, 10 columns
INFO:app.services.upload_service:Preview for upload 67: 20 preview rows, 165 total rows
INFO:app.services.upload_service:Previewing upload 68: balance_2021_utf.csv
INFO:app.utils.helpers:Successfully decoded first line with utf-8
INFO:app.utils.helpers:Detected delimiter: ';' from: {',': 0, ';': 6, '\t': 0, '|': 0}
INFO:app.utils.helpers:CSV read successfully: 106 rows, 7 columns
INFO:app.services.upload_service:Preview for upload 68: 20 preview rows, 105 total rows
INFO:app.services.upload_service:Previewing upload 67: F1773661755482_BAL(in).csv
INFO:app.utils.helpers:Successfully decoded first line with latin1
INFO:app.utils.helpers:Detected delimiter: ';' from: {',': 0, ';': 9, '\t': 0, '|': 0}
INFO:app.utils.helpers:CSV read successfully: 166 rows, 10 columns
INFO:app.services.upload_service:Preview for upload 67: 20 preview rows, 165 total rows
INFO:app.services.upload_service:Starting to parse upload 67: F1773661755482_BAL(in).csv
INFO:app.utils.helpers:Successfully decoded first line with latin1
INFO:app.utils.helpers:Detected delimiter: ';' from: {',': 0, ';': 9, '\t': 0, '|': 0}
INFO:app.utils.helpers:CSV read successfully: 166 rows, 10 columns
INFO:app.services.csv_parsing_service:Raw columns after reading CSV: ['col_0', 'col_1', 'col_2', 'col_3', 'col_4', 'col_5', 'col_6', 'col_7', 'col_8', 'col_9']
INFO:app.services.header_detector:Detected header at row 0: ['Compte', 'Intitulé', 'Solde ant Dbt (réf)', 'Solde ant Cdt (réf)', 'Débit période (réf)', 'Crédit période (réf)', 'Solde pér Dbt (réf)', 'Solde pér Cdt (réf)', 'Solde fin Dbt (réf)', 'Solde fin Cdt (réf)']
INFO:app.services.csv_parsing_service:Preparing DataFrame: normalizing column names and data...
INFO:app.services.preparation_service:Starting DataFrame preparation...
INFO:app.services.preparation_service:Normalized column names: {'Compte': 'compte', 'Intitulé': 'intitule', 'Solde ant Dbt (réf)': 'solde ant dbt ref', 'Solde ant Cdt (réf)': 'solde ant cdt ref', 'Débit période (réf)': 'debit periode ref', 'Crédit période (réf)': 'credit periode ref', 'Solde pér Dbt (réf)': 'solde per dbt ref', 'Solde pér Cdt (réf)': 'solde per cdt ref', 'Solde fin Dbt (réf)': 'solde fin dbt ref', 'Solde fin Cdt (réf)': 'solde fin cdt ref'}
INFO:app.services.preparation_service:Removed empty columns. Remaining: ['compte', 'intitule', 'solde ant dbt ref', 'solde ant cdt ref', 'debit periode ref', 'credit periode ref', 'solde per dbt ref', 'solde per cdt ref', 'solde fin dbt ref', 'solde fin cdt ref']
INFO:app.services.preparation_service:DataFrame preparation complete
INFO:app.services.csv_parsing_service:Columns after preparation: ['compte', 'intitule', 'solde ant dbt ref', 'solde ant cdt ref', 'debit periode ref', 'credit periode ref', 'solde per dbt ref', 'solde per cdt ref', 'solde fin dbt ref', 'solde fin cdt ref']
INFO:app.services.csv_parsing_service:Starting NLP-based column classification with semantic matching...
INFO:app.services.column_classifier:Processing column: 'compte' \u2192 normalized: 'compte'
INFO:app.services.column_classifier:\u2713 Mapped 'compte' \u2192 'account_code' (confidence: 42.0%) [semantic=0.0, fuzzy=30.0, content=12.0]
INFO:app.services.column_classifier:Processing column: 'intitule' \u2192 normalized: 'intitule'
INFO:app.services.column_classifier:\u2713 Mapped 'intitule' \u2192 'label' (confidence: 45.0%) [semantic=0.0, fuzzy=30.0, content=15.0]
INFO:app.services.column_classifier:Processing column: 'solde ant dbt ref' \u2192 normalized: 'solde ant dbt ref'
INFO:app.services.column_classifier:\u2713 Mapped 'solde ant dbt ref' \u2192 'solde_debit' (confidence: 37.3%) [semantic=3.7, fuzzy=18.6, content=15.0]
INFO:app.services.column_classifier:Processing column: 'solde ant cdt ref' \u2192 normalized: 'solde ant cdt ref'
INFO:app.services.column_classifier:\u2713 Mapped 'solde ant cdt ref' \u2192 'solde_credit' (confidence: 38.8%) [semantic=3.1, fuzzy=20.7, content=15.0]
INFO:app.services.column_classifier:Processing column: 'debit periode ref' \u2192 normalized: 'debit periode ref'
INFO:app.services.column_classifier:\u2713 Mapped 'debit periode ref' \u2192 'debit' (confidence: 60.5%) [semantic=27.0, fuzzy=13.5, content=20.0]
INFO:app.services.column_classifier:Processing column: 'credit periode ref' \u2192 normalized: 'credit periode ref'
INFO:app.services.column_classifier:\u2713 Mapped 'credit periode ref' \u2192 'credit' (confidence: 54.2%) [semantic=21.2, fuzzy=15.0, content=18.0]
INFO:app.services.column_classifier:Processing column: 'solde per dbt ref' \u2192 normalized: 'solde per dbt ref'
INFO:app.services.column_classifier:\u2713 Mapped 'solde per dbt ref' \u2192 'solde_final' (confidence: 47.5%) [semantic=12.5, fuzzy=15.0, content=20.0]
INFO:app.services.column_classifier:Processing column: 'solde per cdt ref' \u2192 normalized: 'solde per cdt ref'
WARNING:app.services.column_classifier:\u2717 Unknown column detected: 'solde per cdt ref'
INFO:app.services.column_classifier:Processing column: 'solde fin dbt ref' \u2192 normalized: 'solde fin dbt ref'
WARNING:app.services.column_classifier:\u2717 Unknown column detected: 'solde fin dbt ref'
INFO:app.services.column_classifier:Processing column: 'solde fin cdt ref' \u2192 normalized: 'solde fin cdt ref'
WARNING:app.services.column_classifier:\u2717 Unknown column detected: 'solde fin cdt ref'
INFO:app.services.column_classifier:Validating and boosting confidence scores using content analysis...
INFO:app.services.column_classifier:Final column mapping: {'compte': 'account_code', 'intitule': 'label', 'solde ant dbt ref': 'solde_debit', 'solde ant cdt ref': 'solde_credit', 'debit periode ref': 'debit', 'credit periode ref': 'credit', 'solde per dbt ref': 'solde_final', 'solde per cdt ref': 'unknown', 'solde fin dbt ref': 'unknown', 'solde fin cdt ref': 'unknown'}
INFO:app.services.column_classifier:Confidence scores: [('compte', '42.0%'), ('intitule', '48.8%'), ('solde ant dbt ref', '41.1%'), ('solde ant cdt ref', '42.6%'), ('debit periode ref', '65.5%'), ('credit periode ref', '58.7%'), ('solde per dbt ref', '52.5%'), ('solde per cdt ref', '0.0%'), ('solde fin dbt ref', '0.0%'), ('solde fin cdt ref', '0.0%')]
INFO:app.services.csv_parsing_service:Column classification results with confidence:
INFO:app.services.csv_parsing_service:  'compte' \u2192 'account_code' (confidence: 42.0%)
INFO:app.services.csv_parsing_service:  'intitule' \u2192 'label' (confidence: 48.8%)
INFO:app.services.csv_parsing_service:  'solde ant dbt ref' \u2192 'solde_debit' (confidence: 41.1%)
INFO:app.services.csv_parsing_service:  'solde ant cdt ref' \u2192 'solde_credit' (confidence: 42.6%)
INFO:app.services.csv_parsing_service:  'debit periode ref' \u2192 'debit' (confidence: 65.5%)
INFO:app.services.csv_parsing_service:  'credit periode ref' \u2192 'credit' (confidence: 58.7%)
INFO:app.services.csv_parsing_service:  'solde per dbt ref' \u2192 'solde_final' (confidence: 52.5%)
INFO:app.services.csv_parsing_service:  'solde per cdt ref' \u2192 'unknown' (confidence: 0.0%)
INFO:app.services.csv_parsing_service:  'solde fin dbt ref' \u2192 'unknown' (confidence: 0.0%)
INFO:app.services.csv_parsing_service:  'solde fin cdt ref' \u2192 'unknown' (confidence: 0.0%)
INFO:app.services.data_extractor:Reverse mapping: {'account_code': ['compte'], 'label': ['intitule'], 'solde_debit': ['solde ant dbt ref'], 'solde_credit': ['solde ant cdt ref'], 'debit': ['debit periode ref'], 'credit': ['credit periode ref'], 'solde_final': ['solde per dbt ref']}
INFO:app.services.data_extractor:DataFrame columns after renaming: ['account_code', 'label', 'solde_debit', 'solde_credit', 'debit', 'credit', 'solde_final', 'solde per cdt ref', 'solde fin dbt ref', 'solde fin cdt ref']
INFO:app.services.data_extractor:DataFrame shape: (166, 10)
INFO:app.services.data_extractor:DataFrame sample:
  account_code                           label  ...    solde fin dbt ref    solde fin cdt ref
0       Compte                        Intitulé  ...  Solde fin Dbt (réf)  Solde fin Cdt (réf)
1     10100000                  CAPITAL SOCIAL  ...                    0             12400000
2     10900000  ACTIONNAIRE CAPITAL NON APPELE  ...                   10                    0
3     16210000                EMPRUNT BANCAIRE  ...                    0             21100000
4     16220000                 EMPRUNT LEASING  ...                    0           1298680,66

[5 rows x 10 columns]
INFO:app.services.data_extractor:Converted column 'debit' to numeric
INFO:app.services.data_extractor:Converted column 'credit' to numeric
INFO:app.services.data_extractor:Converted column 'solde_debit' to numeric
INFO:app.services.data_extractor:Converted column 'solde_credit' to numeric
INFO:app.services.data_extractor:Converted column 'solde_final' to numeric
INFO:app.services.data_extractor:Rows before filtering: 166
INFO:app.services.data_extractor:Rows after filtering: 166
INFO:app.services.data_extractor:Sample data:
  account_code                           label  ...    solde fin dbt ref    solde fin cdt ref
0       Compte                        Intitulé  ...  Solde fin Dbt (réf)  Solde fin Cdt (réf)
1     10100000                  CAPITAL SOCIAL  ...                    0             12400000
2     10900000  ACTIONNAIRE CAPITAL NON APPELE  ...                   10                    0
3     16210000                EMPRUNT BANCAIRE  ...                    0             21100000
4     16220000                 EMPRUNT LEASING  ...                    0           1298680,66

[5 rows x 10 columns]
INFO:app.services.data_extractor:Successfully extracted 166 records
INFO:root:Upload 67: Encoding=ISO-8859-1, Delimiter=;, Columns={'compte': 'account_code', 'intitule': 'label', 'solde ant dbt ref': 'solde_debit', 'solde ant cdt ref': 'solde_credit', 'debit periode ref': 'debit', 'credit periode ref': 'credit', 'solde per dbt ref': 'solde_final', 'solde per cdt ref': 'unknown', 'solde fin dbt ref': 'unknown', 'solde fin cdt ref': 'unknown'}, Confidence_Scores={'compte': 42.0%, 'intitule': 48.8%, 'solde ant dbt ref': 41.1%, 'solde ant cdt ref': 42.6%, 'debit periode ref': 65.5%, 'credit periode ref': 58.7%, 'solde per dbt ref': 52.5%, 'solde per cdt ref': 0.0%, 'solde fin dbt ref': 0.0%, 'solde fin cdt ref': 0.0%}
INFO:app.services.upload_service:Upload 67: 165 accounts inserted. Detected columns: ['account_code', 'label', 'solde_debit', 'solde_credit', 'debit', 'credit', 'solde_final', 'solde per cdt ref', 'solde fin dbt ref', 'solde fin cdt ref']
INFO:app.services.upload_service:Previewing upload 67: F1773661755482_BAL(in).csv
INFO:app.utils.helpers:Successfully decoded first line with latin1
INFO:app.utils.helpers:Detected delimiter: ';' from: {',': 0, ';': 9, '\t': 0, '|': 0}
INFO:app.utils.helpers:CSV read successfully: 166 rows, 10 columns
INFO:app.services.upload_service:Preview for upload 67: 20 preview rows, 165 total rows
INFO:app.services.upload_service:Previewing upload 68: balance_2021_utf.csv
INFO:app.utils.helpers:Successfully decoded first line with utf-8
INFO:app.utils.helpers:Detected delimiter: ';' from: {',': 0, ';': 6, '\t': 0, '|': 0}
INFO:app.utils.helpers:CSV read successfully: 106 rows, 7 columns
INFO:app.services.upload_service:Preview for upload 68: 20 preview rows, 105 total rows
INFO:app.services.upload_service:File saved: app/uploads\balance_2021_utf.csv
INFO:app.services.upload_service:Upload registered with ID: 69
INFO:app.services.upload_service:Starting to parse upload 69: balance_2021_utf.csv
INFO:app.utils.helpers:Successfully decoded first line with utf-8
INFO:app.utils.helpers:Detected delimiter: ';' from: {',': 0, ';': 6, '\t': 0, '|': 0}
INFO:app.utils.helpers:CSV read successfully: 106 rows, 7 columns
INFO:app.services.csv_parsing_service:Raw columns after reading CSV: ['col_0', 'col_1', 'col_2', 'col_3', 'col_4', 'col_5', 'col_6']
INFO:app.services.header_detector:Detected header at row 2: ['N°', 'Libellé écriture', 'Solde Final', '', '', '', '']
INFO:app.services.csv_parsing_service:Preparing DataFrame: normalizing column names and data...
INFO:app.services.preparation_service:Starting DataFrame preparation...
INFO:app.services.preparation_service:Normalized column names: {'N°': 'n', 'Libellé écriture': 'libelle ecriture', 'Solde Final': 'solde final', '': ''}
INFO:app.services.preparation_service:Removed empty columns. Remaining: ['n', 'libelle ecriture', 'solde final']
INFO:app.services.preparation_service:DataFrame preparation complete
INFO:app.services.csv_parsing_service:Columns after preparation: ['n', 'libelle ecriture', 'solde final']
INFO:app.services.csv_parsing_service:Starting NLP-based column classification with semantic matching...
INFO:app.services.column_classifier:Processing column: 'n' \u2192 normalized: 'n'
INFO:app.services.semantic_classifier:Loading semantic model: sentence-transformers/all-MiniLM-L6-v2
INFO:sentence_transformers.SentenceTransformer:Use pytorch device_name: cpu
INFO:sentence_transformers.SentenceTransformer:Load pretrained SentenceTransformer: sentence-transformers/all-MiniLM-L6-v2
INFO:httpx:HTTP Request: HEAD https://huggingface.co/sentence-transformers/all-MiniLM-L6-v2/resolve/main/modules.json "HTTP/1.1 307 Temporary Redirect"
WARNING:huggingface_hub.utils._http:Warning: You are sending unauthenticated requests to the HF Hub. Please set a HF_TOKEN to enable higher rate limits and faster downloads.
INFO:httpx:HTTP Request: HEAD https://huggingface.co/api/resolve-cache/models/sentence-transformers/all-MiniLM-L6-v2/c9745ed1d9f207416be6d2e6f8de32d1f16199bf/modules.json "HTTP/1.1 200 OK"
INFO:httpx:HTTP Request: HEAD https://huggingface.co/sentence-transformers/all-MiniLM-L6-v2/resolve/main/config_sentence_transformers.json "HTTP/1.1 307 Temporary Redirect"
INFO:httpx:HTTP Request: HEAD https://huggingface.co/api/resolve-cache/models/sentence-transformers/all-MiniLM-L6-v2/c9745ed1d9f207416be6d2e6f8de32d1f16199bf/config_sentence_transformers.json "HTTP/1.1 200 OK"
INFO:httpx:HTTP Request: HEAD https://huggingface.co/sentence-transformers/all-MiniLM-L6-v2/resolve/main/config_sentence_transformers.json "HTTP/1.1 307 Temporary Redirect"
INFO:httpx:HTTP Request: HEAD https://huggingface.co/api/resolve-cache/models/sentence-transformers/all-MiniLM-L6-v2/c9745ed1d9f207416be6d2e6f8de32d1f16199bf/config_sentence_transformers.json "HTTP/1.1 200 OK"
INFO:httpx:HTTP Request: HEAD https://huggingface.co/sentence-transformers/all-MiniLM-L6-v2/resolve/main/README.md "HTTP/1.1 307 Temporary Redirect"
INFO:httpx:HTTP Request: HEAD https://huggingface.co/api/resolve-cache/models/sentence-transformers/all-MiniLM-L6-v2/c9745ed1d9f207416be6d2e6f8de32d1f16199bf/README.md "HTTP/1.1 200 OK"
INFO:httpx:HTTP Request: HEAD https://huggingface.co/sentence-transformers/all-MiniLM-L6-v2/resolve/main/modules.json "HTTP/1.1 307 Temporary Redirect"
INFO:httpx:HTTP Request: HEAD https://huggingface.co/api/resolve-cache/models/sentence-transformers/all-MiniLM-L6-v2/c9745ed1d9f207416be6d2e6f8de32d1f16199bf/modules.json "HTTP/1.1 200 OK"
INFO:httpx:HTTP Request: HEAD https://huggingface.co/sentence-transformers/all-MiniLM-L6-v2/resolve/main/sentence_bert_config.json "HTTP/1.1 307 Temporary Redirect"
INFO:httpx:HTTP Request: HEAD https://huggingface.co/api/resolve-cache/models/sentence-transformers/all-MiniLM-L6-v2/c9745ed1d9f207416be6d2e6f8de32d1f16199bf/sentence_bert_config.json "HTTP/1.1 200 OK"
INFO:httpx:HTTP Request: HEAD https://huggingface.co/sentence-transformers/all-MiniLM-L6-v2/resolve/main/adapter_config.json "HTTP/1.1 404 Not Found"
INFO:httpx:HTTP Request: HEAD https://huggingface.co/sentence-transformers/all-MiniLM-L6-v2/resolve/main/config.json "HTTP/1.1 307 Temporary Redirect"
INFO:httpx:HTTP Request: HEAD https://huggingface.co/api/resolve-cache/models/sentence-transformers/all-MiniLM-L6-v2/c9745ed1d9f207416be6d2e6f8de32d1f16199bf/config.json "HTTP/1.1 200 OK"
INFO:httpx:HTTP Request: HEAD https://huggingface.co/sentence-transformers/all-MiniLM-L6-v2/resolve/main/config.json "HTTP/1.1 307 Temporary Redirect"
INFO:httpx:HTTP Request: HEAD https://huggingface.co/api/resolve-cache/models/sentence-transformers/all-MiniLM-L6-v2/c9745ed1d9f207416be6d2e6f8de32d1f16199bf/config.json "HTTP/1.1 200 OK"
INFO:httpx:HTTP Request: HEAD https://huggingface.co/sentence-transformers/all-MiniLM-L6-v2/resolve/main/tokenizer_config.json "HTTP/1.1 307 Temporary Redirect"
INFO:httpx:HTTP Request: HEAD https://huggingface.co/api/resolve-cache/models/sentence-transformers/all-MiniLM-L6-v2/c9745ed1d9f207416be6d2e6f8de32d1f16199bf/tokenizer_config.json "HTTP/1.1 200 OK"
INFO:httpx:HTTP Request: GET https://huggingface.co/api/models/sentence-transformers/all-MiniLM-L6-v2/tree/main/additional_chat_templates?recursive=false&expand=false "HTTP/1.1 404 Not Found"
INFO:httpx:HTTP Request: GET https://huggingface.co/api/models/sentence-transformers/all-MiniLM-L6-v2/tree/main?recursive=true&expand=false "HTTP/1.1 200 OK"
INFO:httpx:HTTP Request: HEAD https://huggingface.co/sentence-transformers/all-MiniLM-L6-v2/resolve/main/1_Pooling/config.json "HTTP/1.1 307 Temporary Redirect"
INFO:httpx:HTTP Request: HEAD https://huggingface.co/api/resolve-cache/models/sentence-transformers/all-MiniLM-L6-v2/c9745ed1d9f207416be6d2e6f8de32d1f16199bf/1_Pooling%2Fconfig.json "HTTP/1.1 200 OK"
INFO:httpx:HTTP Request: GET https://huggingface.co/api/models/sentence-transformers/all-MiniLM-L6-v2 "HTTP/1.1 200 OK"
INFO:app.services.semantic_classifier:Semantic model loaded successfully
INFO:app.services.column_classifier:\u2713 Mapped 'n' \u2192 'account_code' (confidence: 49.0%) [semantic=11.0, fuzzy=20.0, content=18.0]
INFO:app.services.column_classifier:Processing column: 'libelle ecriture' \u2192 normalized: 'libelle ecriture'
INFO:app.services.column_classifier:\u2713 Mapped 'libelle ecriture' \u2192 'label' (confidence: 64.7%) [semantic=24.7, fuzzy=20.0, content=20.0]
INFO:app.services.column_classifier:Processing column: 'solde final' \u2192 normalized: 'solde final'
INFO:app.services.column_classifier:\u2713 Mapped 'solde final' \u2192 'solde_final' (confidence: 68.3%) [semantic=25.3, fuzzy=20.0, content=23.0]
INFO:app.services.column_classifier:Validating and boosting confidence scores using enhanced content analysis...
INFO:app.services.column_classifier:Final column mapping: {'n': 'account_code', 'libelle ecriture': 'label', 'solde final': 'solde_final'}
INFO:app.services.column_classifier:Confidence scores: [('n', '56.2%'), ('libelle ecriture', '72.7%'), ('solde final', '77.5%')]
INFO:app.services.csv_parsing_service:Column classification results with confidence:
INFO:app.services.csv_parsing_service:  'n' \u2192 'account_code' (confidence: 56.2%)
INFO:app.services.csv_parsing_service:  'libelle ecriture' \u2192 'label' (confidence: 72.7%)
INFO:app.services.csv_parsing_service:  'solde final' \u2192 'solde_final' (confidence: 77.5%)
INFO:app.services.data_extractor:Reverse mapping: {'account_code': ['n'], 'label': ['libelle ecriture'], 'solde_final': ['solde final']}
INFO:app.services.data_extractor:DataFrame columns after renaming: ['account_code', 'label', 'solde_final']
INFO:app.services.data_extractor:DataFrame shape: (106, 3)
INFO:app.services.data_extractor:DataFrame sample:
   account_code             label  solde_final
0  balance 2021                              0
1                                            0
2             n  libelle ecriture  Solde Final
3      10100000           capital   -1 000,000
4      11100000    reserve legale            0
INFO:app.services.data_extractor:Converted column 'solde_final' to numeric
INFO:app.services.data_extractor:Rows before filtering: 106
INFO:app.services.data_extractor:Rows after filtering: 100
INFO:app.services.data_extractor:Sample data:
   account_code               label  solde_final
0  balance 2021                              0.0
2             n    libelle ecriture          NaN
3      10100000             capital      -1000.0
4      11100000      reserve legale          0.0
5      12100000  resultats reportes    -150000.0
INFO:app.services.data_extractor:Successfully extracted 100 records
INFO:root:Upload 69: Encoding=UTF-8-SIG, Delimiter=;, Columns={'n': 'account_code', 'libelle ecriture': 'label', 'solde final': 'solde_final'}, Confidence_Scores={'n': 56.2%, 'libelle ecriture': 72.7%, 'solde final': 77.5%}
INFO:app.services.upload_service:Upload 69: 98 accounts inserted. Detected columns: ['account_code', 'label', 'solde_final']
INFO:app.services.upload_service:File saved: app/uploads\balance_fixed.csv
INFO:app.services.upload_service:Upload registered with ID: 70
INFO:app.services.upload_service:Starting to parse upload 70: balance_fixed.csv
INFO:app.utils.helpers:Successfully decoded first line with utf-8
INFO:app.utils.helpers:Detected delimiter: ';' from: {',': 0, ';': 7, '\t': 0, '|': 0}
INFO:app.utils.helpers:CSV read successfully: 107 rows, 8 columns
INFO:app.services.csv_parsing_service:Raw columns after reading CSV: ['col_0', 'col_1', 'col_2', 'col_3', 'col_4', 'col_5', 'col_6', 'col_7']
INFO:app.services.header_detector:Detected header at row 0: ['BALANCE 2021', 'Unnamed: 1', 'Unnamed: 2', 'Unnamed: 3', 'Unnamed: 4', 'Unnamed: 5', 'Unnamed: 6', 'clean_balance']
INFO:app.services.csv_parsing_service:Preparing DataFrame: normalizing column names and data...
INFO:app.services.preparation_service:Starting DataFrame preparation...
INFO:app.services.preparation_service:Normalized column names: {'BALANCE 2021': 'balance 2021', 'Unnamed: 1': 'unnamed 1', 'Unnamed: 2': 'unnamed 2', 'Unnamed: 3': 'unnamed 3', 'Unnamed: 4': 'unnamed 4', 'Unnamed: 5': 'unnamed 5', 'Unnamed: 6': 'unnamed 6', 'clean_balance': 'clean balance'}
INFO:app.services.preparation_service:Removed empty columns. Remaining: ['balance 2021', 'unnamed 1', 'unnamed 2', 'unnamed 3', 'unnamed 4', 'unnamed 5', 'unnamed 6', 'clean balance']
INFO:app.services.preparation_service:DataFrame preparation complete
INFO:app.services.csv_parsing_service:Columns after preparation: ['balance 2021', 'unnamed 1', 'unnamed 2', 'unnamed 3', 'unnamed 4', 'unnamed 5', 'unnamed 6', 'clean balance']
INFO:app.services.csv_parsing_service:Starting NLP-based column classification with semantic matching...
INFO:app.services.column_classifier:Processing column: 'balance 2021' \u2192 normalized: 'balance 2021'
INFO:app.services.column_classifier:\u2713 Mapped 'balance 2021' \u2192 'solde_final' (confidence: 74.8%) [semantic=38.0, fuzzy=14.8, content=22.0]
INFO:app.services.column_classifier:Processing column: 'unnamed 1' \u2192 normalized: 'unnamed 1'
INFO:app.services.column_classifier:\u2713 Mapped 'unnamed 1' \u2192 'label' (confidence: 47.2%) [semantic=14.8, fuzzy=12.4, content=20.0]
INFO:app.services.column_classifier:Processing column: 'unnamed 2' \u2192 normalized: 'unnamed 2'
INFO:app.services.column_classifier:\u2713 Mapped 'unnamed 2' \u2192 'account_code' (confidence: 35.8%) [semantic=9.8, fuzzy=8.0, content=18.0]
INFO:app.services.column_classifier:Processing column: 'unnamed 3' \u2192 normalized: 'unnamed 3'
WARNING:app.services.column_classifier:\u2717 Column 'unnamed 3' partially matched 'credit' (score: 8.9/100, below 25 threshold)
INFO:app.services.column_classifier:Processing column: 'unnamed 4' \u2192 normalized: 'unnamed 4'
WARNING:app.services.column_classifier:\u2717 Column 'unnamed 4' partially matched 'credit' (score: 8.8/100, below 25 threshold)
INFO:app.services.column_classifier:Processing column: 'unnamed 5' \u2192 normalized: 'unnamed 5'
WARNING:app.services.column_classifier:\u2717 Column 'unnamed 5' partially matched 'credit' (score: 8.8/100, below 25 threshold)
INFO:app.services.column_classifier:Processing column: 'unnamed 6' \u2192 normalized: 'unnamed 6'
WARNING:app.services.column_classifier:\u2717 Column 'unnamed 6' partially matched 'solde_credit' (score: 8.8/100, below 25 threshold)
INFO:app.services.column_classifier:Processing column: 'clean balance' \u2192 normalized: 'clean balance'
INFO:app.services.column_classifier:\u2713 Mapped 'clean balance' \u2192 'solde_credit' (confidence: 60.7%) [semantic=30.3, fuzzy=10.4, content=20.0]
INFO:app.services.column_classifier:Validating and boosting confidence scores using enhanced content analysis...
INFO:app.services.column_classifier:Final column mapping: {'balance 2021': 'solde_final', 'unnamed 1': 'label', 'unnamed 2': 'account_code', 'unnamed 3': 'unknown', 'unnamed 4': 'unknown', 'unnamed 5': 'unknown', 'unnamed 6': 'unknown', 'clean balance': 'solde_credit'}
INFO:app.services.column_classifier:Confidence scores: [('balance 2021', '74.8%'), ('unnamed 1', '55.2%'), ('unnamed 2', '43.0%'), ('unnamed 3', '0.0%'), ('unnamed 4', '0.0%'), ('unnamed 5', '0.0%'), ('unnamed 6', '0.0%'), ('clean balance', '68.7%')]
INFO:app.services.csv_parsing_service:Column classification results with confidence:
INFO:app.services.csv_parsing_service:  'balance 2021' \u2192 'solde_final' (confidence: 74.8%)
INFO:app.services.csv_parsing_service:  'unnamed 1' \u2192 'label' (confidence: 55.2%)
INFO:app.services.csv_parsing_service:  'unnamed 2' \u2192 'account_code' (confidence: 43.0%)
INFO:app.services.csv_parsing_service:  'unnamed 3' \u2192 'unknown' (confidence: 0.0%)
INFO:app.services.csv_parsing_service:  'unnamed 4' \u2192 'unknown' (confidence: 0.0%)
INFO:app.services.csv_parsing_service:  'unnamed 5' \u2192 'unknown' (confidence: 0.0%)
INFO:app.services.csv_parsing_service:  'unnamed 6' \u2192 'unknown' (confidence: 0.0%)
INFO:app.services.csv_parsing_service:  'clean balance' \u2192 'solde_credit' (confidence: 68.7%)
INFO:app.services.data_extractor:Reverse mapping: {'solde_final': ['balance 2021'], 'label': ['unnamed 1'], 'account_code': ['unnamed 2'], 'solde_credit': ['clean balance']}
INFO:app.services.data_extractor:DataFrame columns after renaming: ['solde_final', 'label', 'account_code', 'unnamed 3', 'unnamed 4', 'unnamed 5', 'unnamed 6', 'solde_credit']
INFO:app.services.data_extractor:DataFrame shape: (107, 8)
INFO:app.services.data_extractor:DataFrame sample:
    solde_final             label account_code  unnamed 3  unnamed 4  unnamed 5  unnamed 6   solde_credit
0  BALANCE 2021         unnamed 1    unnamed 2  unnamed 3  unnamed 4  unnamed 5  unnamed 6  clean_balance
1             0                                                                                         0
2            N°  libelle ecriture  solde final                                                          0
3      10100000           capital     1 000000                                                          0
4      11100000    reserve legale                                                                       0
INFO:app.services.data_extractor:Converted column 'solde_credit' to numeric
INFO:app.services.data_extractor:Converted column 'solde_final' to numeric
INFO:app.services.data_extractor:Rows before filtering: 107
INFO:app.services.data_extractor:Rows after filtering: 27
INFO:app.services.data_extractor:Sample data:
   solde_final               label  account_code  unnamed 3  unnamed 4  unnamed 5  unnamed 6  solde_credit
0       2021.0           unnamed 1     unnamed 2  unnamed 3  unnamed 4  unnamed 5  unnamed 6           NaN
2          NaN    libelle ecriture   solde final                                                       0.0
3   10100000.0             capital      1 000000                                                       0.0
5   12100000.0  resultats reportes    150 000000                                                       0.0
8   21300000.0           logiciels  2 500 000000                                                       0.0
INFO:app.services.data_extractor:Successfully extracted 27 records
INFO:root:Upload 70: Encoding=utf-8, Delimiter=;, Columns={'balance 2021': 'solde_final', 'unnamed 1': 'label', 'unnamed 2': 'account_code', 'unnamed 3': 'unknown', 'unnamed 4': 'unknown', 'unnamed 5': 'unknown', 'unnamed 6': 'unknown', 'clean balance': 'solde_credit'}, Confidence_Scores={'balance 2021': 74.8%, 'unnamed 1': 55.2%, 'unnamed 2': 43.0%, 'unnamed 3': 0.0%, 'unnamed 4': 0.0%, 'unnamed 5': 0.0%, 'unnamed 6': 0.0%, 'clean balance': 68.7%}
INFO:app.services.upload_service:Upload 70: 7 accounts inserted. Detected columns: ['solde_final', 'label', 'account_code', 'unnamed 3', 'unnamed 4', 'unnamed 5', 'unnamed 6', 'solde_credit']
INFO:app.services.upload_service:File saved: app/uploads\F1773661755482_BAL(in).csv
INFO:app.services.upload_service:Upload registered with ID: 71
INFO:app.services.upload_service:Starting to parse upload 70: balance_fixed.csv
INFO:app.utils.helpers:Successfully decoded first line with utf-8
INFO:app.utils.helpers:Detected delimiter: ';' from: {',': 0, ';': 7, '\t': 0, '|': 0}
INFO:app.utils.helpers:CSV read successfully: 107 rows, 8 columns
INFO:app.services.csv_parsing_service:Raw columns after reading CSV: ['col_0', 'col_1', 'col_2', 'col_3', 'col_4', 'col_5', 'col_6', 'col_7']
INFO:app.services.header_detector:Detected header at row 0: ['BALANCE 2021', 'Unnamed: 1', 'Unnamed: 2', 'Unnamed: 3', 'Unnamed: 4', 'Unnamed: 5', 'Unnamed: 6', 'clean_balance']
INFO:app.services.csv_parsing_service:Preparing DataFrame: normalizing column names and data...
INFO:app.services.preparation_service:Starting DataFrame preparation...
INFO:app.services.preparation_service:Normalized column names: {'BALANCE 2021': 'balance 2021', 'Unnamed: 1': 'unnamed 1', 'Unnamed: 2': 'unnamed 2', 'Unnamed: 3': 'unnamed 3', 'Unnamed: 4': 'unnamed 4', 'Unnamed: 5': 'unnamed 5', 'Unnamed: 6': 'unnamed 6', 'clean_balance': 'clean balance'}
INFO:app.services.preparation_service:Removed empty columns. Remaining: ['balance 2021', 'unnamed 1', 'unnamed 2', 'unnamed 3', 'unnamed 4', 'unnamed 5', 'unnamed 6', 'clean balance']
INFO:app.services.preparation_service:DataFrame preparation complete
INFO:app.services.csv_parsing_service:Columns after preparation: ['balance 2021', 'unnamed 1', 'unnamed 2', 'unnamed 3', 'unnamed 4', 'unnamed 5', 'unnamed 6', 'clean balance']
INFO:app.services.csv_parsing_service:Starting NLP-based column classification with semantic matching...
INFO:app.services.column_classifier:Processing column: 'balance 2021' \u2192 normalized: 'balance 2021'
INFO:app.services.column_classifier:\u2713 Mapped 'balance 2021' \u2192 'solde_final' (confidence: 74.8%) [semantic=38.0, fuzzy=14.8, content=22.0]
INFO:app.services.column_classifier:Processing column: 'unnamed 1' \u2192 normalized: 'unnamed 1'
INFO:app.services.column_classifier:\u2713 Mapped 'unnamed 1' \u2192 'label' (confidence: 47.2%) [semantic=14.8, fuzzy=12.4, content=20.0]
INFO:app.services.column_classifier:Processing column: 'unnamed 2' \u2192 normalized: 'unnamed 2'
INFO:app.services.column_classifier:\u2713 Mapped 'unnamed 2' \u2192 'account_code' (confidence: 35.8%) [semantic=9.8, fuzzy=8.0, content=18.0]
INFO:app.services.column_classifier:Processing column: 'unnamed 3' \u2192 normalized: 'unnamed 3'
WARNING:app.services.column_classifier:\u2717 Column 'unnamed 3' partially matched 'credit' (score: 8.9/100, below 25 threshold)
INFO:app.services.column_classifier:Processing column: 'unnamed 4' \u2192 normalized: 'unnamed 4'
WARNING:app.services.column_classifier:\u2717 Column 'unnamed 4' partially matched 'credit' (score: 8.8/100, below 25 threshold)
INFO:app.services.column_classifier:Processing column: 'unnamed 5' \u2192 normalized: 'unnamed 5'
WARNING:app.services.column_classifier:\u2717 Column 'unnamed 5' partially matched 'credit' (score: 8.8/100, below 25 threshold)
INFO:app.services.column_classifier:Processing column: 'unnamed 6' \u2192 normalized: 'unnamed 6'
WARNING:app.services.column_classifier:\u2717 Column 'unnamed 6' partially matched 'solde_credit' (score: 8.8/100, below 25 threshold)
INFO:app.services.column_classifier:Processing column: 'clean balance' \u2192 normalized: 'clean balance'
INFO:app.services.column_classifier:\u2713 Mapped 'clean balance' \u2192 'solde_credit' (confidence: 60.7%) [semantic=30.3, fuzzy=10.4, content=20.0]
INFO:app.services.column_classifier:Validating and boosting confidence scores using enhanced content analysis...
INFO:app.services.column_classifier:Final column mapping: {'balance 2021': 'solde_final', 'unnamed 1': 'label', 'unnamed 2': 'account_code', 'unnamed 3': 'unknown', 'unnamed 4': 'unknown', 'unnamed 5': 'unknown', 'unnamed 6': 'unknown', 'clean balance': 'solde_credit'}
INFO:app.services.column_classifier:Confidence scores: [('balance 2021', '74.8%'), ('unnamed 1', '55.2%'), ('unnamed 2', '43.0%'), ('unnamed 3', '0.0%'), ('unnamed 4', '0.0%'), ('unnamed 5', '0.0%'), ('unnamed 6', '0.0%'), ('clean balance', '68.7%')]
INFO:app.services.csv_parsing_service:Column classification results with confidence:
INFO:app.services.csv_parsing_service:  'balance 2021' \u2192 'solde_final' (confidence: 74.8%)
INFO:app.services.csv_parsing_service:  'unnamed 1' \u2192 'label' (confidence: 55.2%)
INFO:app.services.csv_parsing_service:  'unnamed 2' \u2192 'account_code' (confidence: 43.0%)
INFO:app.services.csv_parsing_service:  'unnamed 3' \u2192 'unknown' (confidence: 0.0%)
INFO:app.services.csv_parsing_service:  'unnamed 4' \u2192 'unknown' (confidence: 0.0%)
INFO:app.services.csv_parsing_service:  'unnamed 5' \u2192 'unknown' (confidence: 0.0%)
INFO:app.services.csv_parsing_service:  'unnamed 6' \u2192 'unknown' (confidence: 0.0%)
INFO:app.services.csv_parsing_service:  'clean balance' \u2192 'solde_credit' (confidence: 68.7%)
INFO:app.services.data_extractor:Reverse mapping: {'solde_final': ['balance 2021'], 'label': ['unnamed 1'], 'account_code': ['unnamed 2'], 'solde_credit': ['clean balance']}
INFO:app.services.data_extractor:DataFrame columns after renaming: ['solde_final', 'label', 'account_code', 'unnamed 3', 'unnamed 4', 'unnamed 5', 'unnamed 6', 'solde_credit']
INFO:app.services.data_extractor:DataFrame shape: (107, 8)
INFO:app.services.data_extractor:DataFrame sample:
    solde_final             label account_code  unnamed 3  unnamed 4  unnamed 5  unnamed 6   solde_credit
0  BALANCE 2021         unnamed 1    unnamed 2  unnamed 3  unnamed 4  unnamed 5  unnamed 6  clean_balance
1             0                                                                                         0
2            N°  libelle ecriture  solde final                                                          0
3      10100000           capital     1 000000                                                          0
4      11100000    reserve legale                                                                       0
INFO:app.services.data_extractor:Converted column 'solde_credit' to numeric
INFO:app.services.data_extractor:Converted column 'solde_final' to numeric
INFO:app.services.data_extractor:Rows before filtering: 107
INFO:app.services.data_extractor:Rows after filtering: 27
INFO:app.services.data_extractor:Sample data:
   solde_final               label  account_code  unnamed 3  unnamed 4  unnamed 5  unnamed 6  solde_credit
0       2021.0           unnamed 1     unnamed 2  unnamed 3  unnamed 4  unnamed 5  unnamed 6           NaN
2          NaN    libelle ecriture   solde final                                                       0.0
3   10100000.0             capital      1 000000                                                       0.0
5   12100000.0  resultats reportes    150 000000                                                       0.0
8   21300000.0           logiciels  2 500 000000                                                       0.0
INFO:app.services.data_extractor:Successfully extracted 27 records
INFO:root:Upload 70: Encoding=utf-8, Delimiter=;, Columns={'balance 2021': 'solde_final', 'unnamed 1': 'label', 'unnamed 2': 'account_code', 'unnamed 3': 'unknown', 'unnamed 4': 'unknown', 'unnamed 5': 'unknown', 'unnamed 6': 'unknown', 'clean balance': 'solde_credit'}, Confidence_Scores={'balance 2021': 74.8%, 'unnamed 1': 55.2%, 'unnamed 2': 43.0%, 'unnamed 3': 0.0%, 'unnamed 4': 0.0%, 'unnamed 5': 0.0%, 'unnamed 6': 0.0%, 'clean balance': 68.7%}
INFO:app.services.upload_service:Upload 70: 7 accounts inserted. Detected columns: ['solde_final', 'label', 'account_code', 'unnamed 3', 'unnamed 4', 'unnamed 5', 'unnamed 6', 'solde_credit']
INFO:app.services.upload_service:Starting to parse upload 71: F1773661755482_BAL(in).csv
INFO:app.utils.helpers:Successfully decoded first line with latin1
INFO:app.utils.helpers:Detected delimiter: ';' from: {',': 0, ';': 9, '\t': 0, '|': 0}
INFO:app.utils.helpers:CSV read successfully: 166 rows, 10 columns
INFO:app.services.csv_parsing_service:Raw columns after reading CSV: ['col_0', 'col_1', 'col_2', 'col_3', 'col_4', 'col_5', 'col_6', 'col_7', 'col_8', 'col_9']
INFO:app.services.header_detector:Detected header at row 0: ['Compte', 'Intitulé', 'Solde ant Dbt (réf)', 'Solde ant Cdt (réf)', 'Débit période (réf)', 'Crédit période (réf)', 'Solde pér Dbt (réf)', 'Solde pér Cdt (réf)', 'Solde fin Dbt (réf)', 'Solde fin Cdt (réf)']
INFO:app.services.csv_parsing_service:Preparing DataFrame: normalizing column names and data...
INFO:app.services.preparation_service:Starting DataFrame preparation...
INFO:app.services.preparation_service:Normalized column names: {'Compte': 'compte', 'Intitulé': 'intitule', 'Solde ant Dbt (réf)': 'solde ant dbt ref', 'Solde ant Cdt (réf)': 'solde ant cdt ref', 'Débit période (réf)': 'debit periode ref', 'Crédit période (réf)': 'credit periode ref', 'Solde pér Dbt (réf)': 'solde per dbt ref', 'Solde pér Cdt (réf)': 'solde per cdt ref', 'Solde fin Dbt (réf)': 'solde fin dbt ref', 'Solde fin Cdt (réf)': 'solde fin cdt ref'}
INFO:app.services.preparation_service:Removed empty columns. Remaining: ['compte', 'intitule', 'solde ant dbt ref', 'solde ant cdt ref', 'debit periode ref', 'credit periode ref', 'solde per dbt ref', 'solde per cdt ref', 'solde fin dbt ref', 'solde fin cdt ref']
INFO:app.services.preparation_service:DataFrame preparation complete
INFO:app.services.csv_parsing_service:Columns after preparation: ['compte', 'intitule', 'solde ant dbt ref', 'solde ant cdt ref', 'debit periode ref', 'credit periode ref', 'solde per dbt ref', 'solde per cdt ref', 'solde fin dbt ref', 'solde fin cdt ref']
INFO:app.services.csv_parsing_service:Starting NLP-based column classification with semantic matching...
INFO:app.services.column_classifier:Processing column: 'compte' \u2192 normalized: 'compte'
INFO:app.services.column_classifier:\u2713 Mapped 'compte' \u2192 'account_code' (confidence: 52.9%) [semantic=14.9, fuzzy=20.0, content=18.0]
INFO:app.services.column_classifier:Processing column: 'intitule' \u2192 normalized: 'intitule'
INFO:app.services.column_classifier:\u2713 Mapped 'intitule' \u2192 'label' (confidence: 48.4%) [semantic=8.4, fuzzy=20.0, content=20.0]
INFO:app.services.column_classifier:Processing column: 'solde ant dbt ref' \u2192 normalized: 'solde ant dbt ref'
INFO:app.services.column_classifier:\u2713 Mapped 'solde ant dbt ref' \u2192 'solde_final' (confidence: 47.0%) [semantic=17.0, fuzzy=10.0, content=20.0]
INFO:app.services.column_classifier:Processing column: 'solde ant cdt ref' \u2192 normalized: 'solde ant cdt ref'
INFO:app.services.column_classifier:\u2713 Mapped 'solde ant cdt ref' \u2192 'solde_credit' (confidence: 46.6%) [semantic=12.8, fuzzy=13.8, content=20.0]
INFO:app.services.column_classifier:Processing column: 'debit periode ref' \u2192 normalized: 'debit periode ref'
INFO:app.services.column_classifier:\u2713 Mapped 'debit periode ref' \u2192 'debit' (confidence: 69.3%) [semantic=34.7, fuzzy=9.6, content=25.0]
INFO:app.services.column_classifier:Processing column: 'credit periode ref' \u2192 normalized: 'credit periode ref'
INFO:app.services.column_classifier:\u2713 Mapped 'credit periode ref' \u2192 'credit' (confidence: 60.8%) [semantic=27.4, fuzzy=10.4, content=23.0]
INFO:app.services.column_classifier:Processing column: 'solde per dbt ref' \u2192 normalized: 'solde per dbt ref'
INFO:app.services.column_classifier:\u2713 Mapped 'solde per dbt ref' \u2192 'solde_debit' (confidence: 50.7%) [semantic=12.7, fuzzy=13.0, content=25.0]
INFO:app.services.column_classifier:Processing column: 'solde per cdt ref' \u2192 normalized: 'solde per cdt ref'
WARNING:app.services.column_classifier:\u2717 Unknown column detected: 'solde per cdt ref'
INFO:app.services.column_classifier:Processing column: 'solde fin dbt ref' \u2192 normalized: 'solde fin dbt ref'
WARNING:app.services.column_classifier:\u2717 Unknown column detected: 'solde fin dbt ref'
INFO:app.services.column_classifier:Processing column: 'solde fin cdt ref' \u2192 normalized: 'solde fin cdt ref'
WARNING:app.services.column_classifier:\u2717 Unknown column detected: 'solde fin cdt ref'
INFO:app.services.column_classifier:Validating and boosting confidence scores using enhanced content analysis...
INFO:app.services.column_classifier:Final column mapping: {'compte': 'account_code', 'intitule': 'label', 'solde ant dbt ref': 'solde_final', 'solde ant cdt ref': 'solde_credit', 'debit periode ref': 'debit', 'credit periode ref': 'credit', 'solde per dbt ref': 'solde_debit', 'solde per cdt ref': 'unknown', 'solde fin dbt ref': 'unknown', 'solde fin cdt ref': 'unknown'}
INFO:app.services.column_classifier:Confidence scores: [('compte', '60.1%'), ('intitule', '56.4%'), ('solde ant dbt ref', '55.0%'), ('solde ant cdt ref', '54.6%'), ('debit periode ref', '79.3%'), ('credit periode ref', '70.0%'), ('solde per dbt ref', '60.7%'), ('solde per cdt ref', '0.0%'), ('solde fin dbt ref', '0.0%'), ('solde fin cdt ref', '0.0%')]
INFO:app.services.csv_parsing_service:Column classification results with confidence:
INFO:app.services.csv_parsing_service:  'compte' \u2192 'account_code' (confidence: 60.1%)
INFO:app.services.csv_parsing_service:  'intitule' \u2192 'label' (confidence: 56.4%)
INFO:app.services.csv_parsing_service:  'solde ant dbt ref' \u2192 'solde_final' (confidence: 55.0%)
INFO:app.services.csv_parsing_service:  'solde ant cdt ref' \u2192 'solde_credit' (confidence: 54.6%)
INFO:app.services.csv_parsing_service:  'debit periode ref' \u2192 'debit' (confidence: 79.3%)
INFO:app.services.csv_parsing_service:  'credit periode ref' \u2192 'credit' (confidence: 70.0%)
INFO:app.services.csv_parsing_service:  'solde per dbt ref' \u2192 'solde_debit' (confidence: 60.7%)
INFO:app.services.csv_parsing_service:  'solde per cdt ref' \u2192 'unknown' (confidence: 0.0%)
INFO:app.services.csv_parsing_service:  'solde fin dbt ref' \u2192 'unknown' (confidence: 0.0%)
INFO:app.services.csv_parsing_service:  'solde fin cdt ref' \u2192 'unknown' (confidence: 0.0%)
INFO:app.services.data_extractor:Reverse mapping: {'account_code': ['compte'], 'label': ['intitule'], 'solde_final': ['solde ant dbt ref'], 'solde_credit': ['solde ant cdt ref'], 'debit': ['debit periode ref'], 'credit': ['credit periode ref'], 'solde_debit': ['solde per dbt ref']}
INFO:app.services.data_extractor:DataFrame columns after renaming: ['account_code', 'label', 'solde_final', 'solde_credit', 'debit', 'credit', 'solde_debit', 'solde per cdt ref', 'solde fin dbt ref', 'solde fin cdt ref']
INFO:app.services.data_extractor:DataFrame shape: (166, 10)
INFO:app.services.data_extractor:DataFrame sample:
  account_code                           label  ...    solde fin dbt ref    solde fin cdt ref
0       compte                        intitule  ...  Solde fin Dbt (réf)  Solde fin Cdt (réf)
1     10100000                  capital social  ...                    0             12400000
2     10900000  actionnaire capital non appele  ...                   10                    0
3     16210000                emprunt bancaire  ...                    0             21100000
4     16220000                 emprunt leasing  ...                    0           1298680,66

[5 rows x 10 columns]
INFO:app.services.data_extractor:Converted column 'debit' to numeric
INFO:app.services.data_extractor:Converted column 'credit' to numeric
INFO:app.services.data_extractor:Converted column 'solde_debit' to numeric
INFO:app.services.data_extractor:Converted column 'solde_credit' to numeric
INFO:app.services.data_extractor:Converted column 'solde_final' to numeric
INFO:app.services.data_extractor:Rows before filtering: 166
INFO:app.services.data_extractor:Rows after filtering: 166
INFO:app.services.data_extractor:Sample data:
  account_code                           label  ...    solde fin dbt ref    solde fin cdt ref
0       compte                        intitule  ...  Solde fin Dbt (réf)  Solde fin Cdt (réf)
1     10100000                  capital social  ...                    0             12400000
2     10900000  actionnaire capital non appele  ...                   10                    0
3     16210000                emprunt bancaire  ...                    0             21100000
4     16220000                 emprunt leasing  ...                    0           1298680,66

[5 rows x 10 columns]
INFO:app.services.data_extractor:Successfully extracted 166 records
INFO:root:Upload 71: Encoding=ISO-8859-1, Delimiter=;, Columns={'compte': 'account_code', 'intitule': 'label', 'solde ant dbt ref': 'solde_final', 'solde ant cdt ref': 'solde_credit', 'debit periode ref': 'debit', 'credit periode ref': 'credit', 'solde per dbt ref': 'solde_debit', 'solde per cdt ref': 'unknown', 'solde fin dbt ref': 'unknown', 'solde fin cdt ref': 'unknown'}, Confidence_Scores={'compte': 60.1%, 'intitule': 56.4%, 'solde ant dbt ref': 55.0%, 'solde ant cdt ref': 54.6%, 'debit periode ref': 79.3%, 'credit periode ref': 70.0%, 'solde per dbt ref': 60.7%, 'solde per cdt ref': 0.0%, 'solde fin dbt ref': 0.0%, 'solde fin cdt ref': 0.0%}
INFO:app.services.upload_service:Upload 71: 165 accounts inserted. Detected columns: ['account_code', 'label', 'solde_final', 'solde_credit', 'debit', 'credit', 'solde_debit', 'solde per cdt ref', 'solde fin dbt ref', 'solde fin cdt ref']
INFO:app.services.upload_service:Previewing upload 70: balance_fixed.csv
INFO:app.utils.helpers:Successfully decoded first line with utf-8
INFO:app.utils.helpers:Detected delimiter: ';' from: {',': 0, ';': 7, '\t': 0, '|': 0}
INFO:app.utils.helpers:CSV read successfully: 107 rows, 8 columns
INFO:app.services.upload_service:Preview for upload 70: 20 preview rows, 106 total rows
INFO:app.services.upload_service:File saved: app/uploads\F1773661755482_BAL(in).csv
INFO:app.services.upload_service:Upload registered with ID: 72
INFO:app.services.upload_service:Starting to parse upload 72: F1773661755482_BAL(in).csv
INFO:app.utils.helpers:Successfully decoded first line with latin1
INFO:app.utils.helpers:Detected delimiter: ';' from: {',': 0, ';': 9, '\t': 0, '|': 0}
INFO:app.utils.helpers:CSV read successfully: 166 rows, 10 columns
INFO:app.services.csv_parsing_service:Raw columns after reading CSV: ['col_0', 'col_1', 'col_2', 'col_3', 'col_4', 'col_5', 'col_6', 'col_7', 'col_8', 'col_9']
INFO:app.services.header_detector:Detected header at row 0: ['Compte', 'Intitulé', 'Solde ant Dbt (réf)', 'Solde ant Cdt (réf)', 'Débit période (réf)', 'Crédit période (réf)', 'Solde pér Dbt (réf)', 'Solde pér Cdt (réf)', 'Solde fin Dbt (réf)', 'Solde fin Cdt (réf)']
INFO:app.services.csv_parsing_service:Preparing DataFrame: normalizing column names and data...
INFO:app.services.preparation_service:Starting DataFrame preparation...
INFO:app.services.preparation_service:Normalized column names: {'Compte': 'compte', 'Intitulé': 'intitule', 'Solde ant Dbt (réf)': 'solde ant dbt ref', 'Solde ant Cdt (réf)': 'solde ant cdt ref', 'Débit période (réf)': 'debit periode ref', 'Crédit période (réf)': 'credit periode ref', 'Solde pér Dbt (réf)': 'solde per dbt ref', 'Solde pér Cdt (réf)': 'solde per cdt ref', 'Solde fin Dbt (réf)': 'solde fin dbt ref', 'Solde fin Cdt (réf)': 'solde fin cdt ref'}
INFO:app.services.preparation_service:Removed empty columns. Remaining: ['compte', 'intitule', 'solde ant dbt ref', 'solde ant cdt ref', 'debit periode ref', 'credit periode ref', 'solde per dbt ref', 'solde per cdt ref', 'solde fin dbt ref', 'solde fin cdt ref']
INFO:app.services.preparation_service:DataFrame preparation complete
INFO:app.services.csv_parsing_service:Columns after preparation: ['compte', 'intitule', 'solde ant dbt ref', 'solde ant cdt ref', 'debit periode ref', 'credit periode ref', 'solde per dbt ref', 'solde per cdt ref', 'solde fin dbt ref', 'solde fin cdt ref']
INFO:app.services.csv_parsing_service:Starting NLP-based column classification with semantic matching...
INFO:app.services.column_classifier:Processing column: 'compte' \u2192 normalized: 'compte'
INFO:app.services.column_classifier:\u2713 Mapped 'compte' \u2192 'account_code' (confidence: 52.9%) [semantic=14.9, fuzzy=20.0, content=18.0]
INFO:app.services.column_classifier:Processing column: 'intitule' \u2192 normalized: 'intitule'
INFO:app.services.column_classifier:\u2713 Mapped 'intitule' \u2192 'label' (confidence: 48.4%) [semantic=8.4, fuzzy=20.0, content=20.0]
INFO:app.services.column_classifier:Processing column: 'solde ant dbt ref' \u2192 normalized: 'solde ant dbt ref'
INFO:app.services.column_classifier:\u2713 Mapped 'solde ant dbt ref' \u2192 'solde_final' (confidence: 47.0%) [semantic=17.0, fuzzy=10.0, content=20.0]
INFO:app.services.column_classifier:Processing column: 'solde ant cdt ref' \u2192 normalized: 'solde ant cdt ref'
INFO:app.services.column_classifier:\u2713 Mapped 'solde ant cdt ref' \u2192 'solde_credit' (confidence: 46.6%) [semantic=12.8, fuzzy=13.8, content=20.0]
INFO:app.services.column_classifier:Processing column: 'debit periode ref' \u2192 normalized: 'debit periode ref'
INFO:app.services.column_classifier:\u2713 Mapped 'debit periode ref' \u2192 'debit' (confidence: 69.3%) [semantic=34.7, fuzzy=9.6, content=25.0]
INFO:app.services.column_classifier:Processing column: 'credit periode ref' \u2192 normalized: 'credit periode ref'
INFO:app.services.column_classifier:\u2713 Mapped 'credit periode ref' \u2192 'credit' (confidence: 60.8%) [semantic=27.4, fuzzy=10.4, content=23.0]
INFO:app.services.column_classifier:Processing column: 'solde per dbt ref' \u2192 normalized: 'solde per dbt ref'
INFO:app.services.column_classifier:\u2713 Mapped 'solde per dbt ref' \u2192 'solde_debit' (confidence: 50.7%) [semantic=12.7, fuzzy=13.0, content=25.0]
INFO:app.services.column_classifier:Processing column: 'solde per cdt ref' \u2192 normalized: 'solde per cdt ref'
WARNING:app.services.column_classifier:\u2717 Unknown column detected: 'solde per cdt ref'
INFO:app.services.column_classifier:Processing column: 'solde fin dbt ref' \u2192 normalized: 'solde fin dbt ref'
WARNING:app.services.column_classifier:\u2717 Unknown column detected: 'solde fin dbt ref'
INFO:app.services.column_classifier:Processing column: 'solde fin cdt ref' \u2192 normalized: 'solde fin cdt ref'
WARNING:app.services.column_classifier:\u2717 Unknown column detected: 'solde fin cdt ref'
INFO:app.services.column_classifier:Validating and boosting confidence scores using enhanced content analysis...
INFO:app.services.column_classifier:Final column mapping: {'compte': 'account_code', 'intitule': 'label', 'solde ant dbt ref': 'solde_final', 'solde ant cdt ref': 'solde_credit', 'debit periode ref': 'debit', 'credit periode ref': 'credit', 'solde per dbt ref': 'solde_debit', 'solde per cdt ref': 'unknown', 'solde fin dbt ref': 'unknown', 'solde fin cdt ref': 'unknown'}
INFO:app.services.column_classifier:Confidence scores: [('compte', '60.1%'), ('intitule', '56.4%'), ('solde ant dbt ref', '55.0%'), ('solde ant cdt ref', '54.6%'), ('debit periode ref', '79.3%'), ('credit periode ref', '70.0%'), ('solde per dbt ref', '60.7%'), ('solde per cdt ref', '0.0%'), ('solde fin dbt ref', '0.0%'), ('solde fin cdt ref', '0.0%')]
INFO:app.services.csv_parsing_service:Column classification results with confidence:
INFO:app.services.csv_parsing_service:  'compte' \u2192 'account_code' (confidence: 60.1%)
INFO:app.services.csv_parsing_service:  'intitule' \u2192 'label' (confidence: 56.4%)
INFO:app.services.csv_parsing_service:  'solde ant dbt ref' \u2192 'solde_final' (confidence: 55.0%)
INFO:app.services.csv_parsing_service:  'solde ant cdt ref' \u2192 'solde_credit' (confidence: 54.6%)
INFO:app.services.csv_parsing_service:  'debit periode ref' \u2192 'debit' (confidence: 79.3%)
INFO:app.services.csv_parsing_service:  'credit periode ref' \u2192 'credit' (confidence: 70.0%)
INFO:app.services.csv_parsing_service:  'solde per dbt ref' \u2192 'solde_debit' (confidence: 60.7%)
INFO:app.services.csv_parsing_service:  'solde per cdt ref' \u2192 'unknown' (confidence: 0.0%)
INFO:app.services.csv_parsing_service:  'solde fin dbt ref' \u2192 'unknown' (confidence: 0.0%)
INFO:app.services.csv_parsing_service:  'solde fin cdt ref' \u2192 'unknown' (confidence: 0.0%)
INFO:app.services.data_extractor:Reverse mapping: {'account_code': ['compte'], 'label': ['intitule'], 'solde_final': ['solde ant dbt ref'], 'solde_credit': ['solde ant cdt ref'], 'debit': ['debit periode ref'], 'credit': ['credit periode ref'], 'solde_debit': ['solde per dbt ref']}
INFO:app.services.data_extractor:DataFrame columns after renaming: ['account_code', 'label', 'solde_final', 'solde_credit', 'debit', 'credit', 'solde_debit', 'solde per cdt ref', 'solde fin dbt ref', 'solde fin cdt ref']
INFO:app.services.data_extractor:DataFrame shape: (166, 10)
INFO:app.services.data_extractor:DataFrame sample:
  account_code                           label  ...    solde fin dbt ref    solde fin cdt ref
0       compte                        intitule  ...  Solde fin Dbt (réf)  Solde fin Cdt (réf)
1     10100000                  capital social  ...                    0             12400000
2     10900000  actionnaire capital non appele  ...                   10                    0
3     16210000                emprunt bancaire  ...                    0             21100000
4     16220000                 emprunt leasing  ...                    0           1298680,66

[5 rows x 10 columns]
INFO:app.services.data_extractor:Converted column 'debit' to numeric
INFO:app.services.data_extractor:Converted column 'credit' to numeric
INFO:app.services.data_extractor:Converted column 'solde_debit' to numeric
INFO:app.services.data_extractor:Converted column 'solde_credit' to numeric
INFO:app.services.data_extractor:Converted column 'solde_final' to numeric
INFO:app.services.data_extractor:Rows before filtering: 166
INFO:app.services.data_extractor:Rows after filtering: 166
INFO:app.services.data_extractor:Sample data:
  account_code                           label  ...    solde fin dbt ref    solde fin cdt ref
0       compte                        intitule  ...  Solde fin Dbt (réf)  Solde fin Cdt (réf)
1     10100000                  capital social  ...                    0             12400000
2     10900000  actionnaire capital non appele  ...                   10                    0
3     16210000                emprunt bancaire  ...                    0             21100000
4     16220000                 emprunt leasing  ...                    0           1298680,66

[5 rows x 10 columns]
INFO:app.services.data_extractor:Successfully extracted 166 records
INFO:root:Upload 72: Encoding=ISO-8859-1, Delimiter=;, Columns={'compte': 'account_code', 'intitule': 'label', 'solde ant dbt ref': 'solde_final', 'solde ant cdt ref': 'solde_credit', 'debit periode ref': 'debit', 'credit periode ref': 'credit', 'solde per dbt ref': 'solde_debit', 'solde per cdt ref': 'unknown', 'solde fin dbt ref': 'unknown', 'solde fin cdt ref': 'unknown'}, Confidence_Scores={'compte': 60.1%, 'intitule': 56.4%, 'solde ant dbt ref': 55.0%, 'solde ant cdt ref': 54.6%, 'debit periode ref': 79.3%, 'credit periode ref': 70.0%, 'solde per dbt ref': 60.7%, 'solde per cdt ref': 0.0%, 'solde fin dbt ref': 0.0%, 'solde fin cdt ref': 0.0%}
INFO:app.services.upload_service:Upload 72: 165 accounts inserted. Detected columns: ['account_code', 'label', 'solde_final', 'solde_credit', 'debit', 'credit', 'solde_debit', 'solde per cdt ref', 'solde fin dbt ref', 'solde fin cdt ref']
INFO:app.services.upload_service:File saved: app/uploads\balance_fixed.csv
INFO:app.services.upload_service:Upload registered with ID: 73
INFO:app.services.upload_service:Starting to parse upload 72: F1773661755482_BAL(in).csv
INFO:app.utils.helpers:Successfully decoded first line with latin1
INFO:app.utils.helpers:Detected delimiter: ';' from: {',': 0, ';': 9, '\t': 0, '|': 0}
INFO:app.utils.helpers:CSV read successfully: 166 rows, 10 columns
INFO:app.services.csv_parsing_service:Raw columns after reading CSV: ['col_0', 'col_1', 'col_2', 'col_3', 'col_4', 'col_5', 'col_6', 'col_7', 'col_8', 'col_9']
INFO:app.services.header_detector:Detected header at row 0: ['Compte', 'Intitulé', 'Solde ant Dbt (réf)', 'Solde ant Cdt (réf)', 'Débit période (réf)', 'Crédit période (réf)', 'Solde pér Dbt (réf)', 'Solde pér Cdt (réf)', 'Solde fin Dbt (réf)', 'Solde fin Cdt (réf)']
INFO:app.services.csv_parsing_service:Preparing DataFrame: normalizing column names and data...
INFO:app.services.preparation_service:Starting DataFrame preparation...
INFO:app.services.preparation_service:Normalized column names: {'Compte': 'compte', 'Intitulé': 'intitule', 'Solde ant Dbt (réf)': 'solde ant dbt ref', 'Solde ant Cdt (réf)': 'solde ant cdt ref', 'Débit période (réf)': 'debit periode ref', 'Crédit période (réf)': 'credit periode ref', 'Solde pér Dbt (réf)': 'solde per dbt ref', 'Solde pér Cdt (réf)': 'solde per cdt ref', 'Solde fin Dbt (réf)': 'solde fin dbt ref', 'Solde fin Cdt (réf)': 'solde fin cdt ref'}
INFO:app.services.preparation_service:Removed empty columns. Remaining: ['compte', 'intitule', 'solde ant dbt ref', 'solde ant cdt ref', 'debit periode ref', 'credit periode ref', 'solde per dbt ref', 'solde per cdt ref', 'solde fin dbt ref', 'solde fin cdt ref']
INFO:app.services.preparation_service:DataFrame preparation complete
INFO:app.services.csv_parsing_service:Columns after preparation: ['compte', 'intitule', 'solde ant dbt ref', 'solde ant cdt ref', 'debit periode ref', 'credit periode ref', 'solde per dbt ref', 'solde per cdt ref', 'solde fin dbt ref', 'solde fin cdt ref']
INFO:app.services.csv_parsing_service:Starting NLP-based column classification with semantic matching...
INFO:app.services.column_classifier:Processing column: 'compte' \u2192 normalized: 'compte'
INFO:app.services.column_classifier:\u2713 Mapped 'compte' \u2192 'account_code' (confidence: 52.9%) [semantic=14.9, fuzzy=20.0, content=18.0]
INFO:app.services.column_classifier:Processing column: 'intitule' \u2192 normalized: 'intitule'
INFO:app.services.column_classifier:\u2713 Mapped 'intitule' \u2192 'label' (confidence: 48.4%) [semantic=8.4, fuzzy=20.0, content=20.0]
INFO:app.services.column_classifier:Processing column: 'solde ant dbt ref' \u2192 normalized: 'solde ant dbt ref'
INFO:app.services.column_classifier:\u2713 Mapped 'solde ant dbt ref' \u2192 'solde_final' (confidence: 47.0%) [semantic=17.0, fuzzy=10.0, content=20.0]
INFO:app.services.column_classifier:Processing column: 'solde ant cdt ref' \u2192 normalized: 'solde ant cdt ref'
INFO:app.services.column_classifier:\u2713 Mapped 'solde ant cdt ref' \u2192 'solde_credit' (confidence: 46.6%) [semantic=12.8, fuzzy=13.8, content=20.0]
INFO:app.services.column_classifier:Processing column: 'debit periode ref' \u2192 normalized: 'debit periode ref'
INFO:app.services.column_classifier:\u2713 Mapped 'debit periode ref' \u2192 'debit' (confidence: 69.3%) [semantic=34.7, fuzzy=9.6, content=25.0]
INFO:app.services.column_classifier:Processing column: 'credit periode ref' \u2192 normalized: 'credit periode ref'
INFO:app.services.column_classifier:\u2713 Mapped 'credit periode ref' \u2192 'credit' (confidence: 60.8%) [semantic=27.4, fuzzy=10.4, content=23.0]
INFO:app.services.column_classifier:Processing column: 'solde per dbt ref' \u2192 normalized: 'solde per dbt ref'
INFO:app.services.column_classifier:\u2713 Mapped 'solde per dbt ref' \u2192 'solde_debit' (confidence: 50.7%) [semantic=12.7, fuzzy=13.0, content=25.0]
INFO:app.services.column_classifier:Processing column: 'solde per cdt ref' \u2192 normalized: 'solde per cdt ref'
WARNING:app.services.column_classifier:\u2717 Unknown column detected: 'solde per cdt ref'
INFO:app.services.column_classifier:Processing column: 'solde fin dbt ref' \u2192 normalized: 'solde fin dbt ref'
WARNING:app.services.column_classifier:\u2717 Unknown column detected: 'solde fin dbt ref'
INFO:app.services.column_classifier:Processing column: 'solde fin cdt ref' \u2192 normalized: 'solde fin cdt ref'
WARNING:app.services.column_classifier:\u2717 Unknown column detected: 'solde fin cdt ref'
INFO:app.services.column_classifier:Validating and boosting confidence scores using enhanced content analysis...
INFO:app.services.column_classifier:Final column mapping: {'compte': 'account_code', 'intitule': 'label', 'solde ant dbt ref': 'solde_final', 'solde ant cdt ref': 'solde_credit', 'debit periode ref': 'debit', 'credit periode ref': 'credit', 'solde per dbt ref': 'solde_debit', 'solde per cdt ref': 'unknown', 'solde fin dbt ref': 'unknown', 'solde fin cdt ref': 'unknown'}
INFO:app.services.column_classifier:Confidence scores: [('compte', '60.1%'), ('intitule', '56.4%'), ('solde ant dbt ref', '55.0%'), ('solde ant cdt ref', '54.6%'), ('debit periode ref', '79.3%'), ('credit periode ref', '70.0%'), ('solde per dbt ref', '60.7%'), ('solde per cdt ref', '0.0%'), ('solde fin dbt ref', '0.0%'), ('solde fin cdt ref', '0.0%')]
INFO:app.services.csv_parsing_service:Column classification results with confidence:
INFO:app.services.csv_parsing_service:  'compte' \u2192 'account_code' (confidence: 60.1%)
INFO:app.services.csv_parsing_service:  'intitule' \u2192 'label' (confidence: 56.4%)
INFO:app.services.csv_parsing_service:  'solde ant dbt ref' \u2192 'solde_final' (confidence: 55.0%)
INFO:app.services.csv_parsing_service:  'solde ant cdt ref' \u2192 'solde_credit' (confidence: 54.6%)
INFO:app.services.csv_parsing_service:  'debit periode ref' \u2192 'debit' (confidence: 79.3%)
INFO:app.services.csv_parsing_service:  'credit periode ref' \u2192 'credit' (confidence: 70.0%)
INFO:app.services.csv_parsing_service:  'solde per dbt ref' \u2192 'solde_debit' (confidence: 60.7%)
INFO:app.services.csv_parsing_service:  'solde per cdt ref' \u2192 'unknown' (confidence: 0.0%)
INFO:app.services.csv_parsing_service:  'solde fin dbt ref' \u2192 'unknown' (confidence: 0.0%)
INFO:app.services.csv_parsing_service:  'solde fin cdt ref' \u2192 'unknown' (confidence: 0.0%)
INFO:app.services.data_extractor:Reverse mapping: {'account_code': ['compte'], 'label': ['intitule'], 'solde_final': ['solde ant dbt ref'], 'solde_credit': ['solde ant cdt ref'], 'debit': ['debit periode ref'], 'credit': ['credit periode ref'], 'solde_debit': ['solde per dbt ref']}
INFO:app.services.data_extractor:DataFrame columns after renaming: ['account_code', 'label', 'solde_final', 'solde_credit', 'debit', 'credit', 'solde_debit', 'solde per cdt ref', 'solde fin dbt ref', 'solde fin cdt ref']
INFO:app.services.data_extractor:DataFrame shape: (166, 10)
INFO:app.services.data_extractor:DataFrame sample:
  account_code                           label  ...    solde fin dbt ref    solde fin cdt ref
0       compte                        intitule  ...  Solde fin Dbt (réf)  Solde fin Cdt (réf)
1     10100000                  capital social  ...                    0             12400000
2     10900000  actionnaire capital non appele  ...                   10                    0
3     16210000                emprunt bancaire  ...                    0             21100000
4     16220000                 emprunt leasing  ...                    0           1298680,66

[5 rows x 10 columns]
INFO:app.services.data_extractor:Converted column 'debit' to numeric
INFO:app.services.data_extractor:Converted column 'credit' to numeric
INFO:app.services.data_extractor:Converted column 'solde_debit' to numeric
INFO:app.services.data_extractor:Converted column 'solde_credit' to numeric
INFO:app.services.data_extractor:Converted column 'solde_final' to numeric
INFO:app.services.data_extractor:Rows before filtering: 166
INFO:app.services.data_extractor:Rows after filtering: 166
INFO:app.services.data_extractor:Sample data:
  account_code                           label  ...    solde fin dbt ref    solde fin cdt ref
0       compte                        intitule  ...  Solde fin Dbt (réf)  Solde fin Cdt (réf)
1     10100000                  capital social  ...                    0             12400000
2     10900000  actionnaire capital non appele  ...                   10                    0
3     16210000                emprunt bancaire  ...                    0             21100000
4     16220000                 emprunt leasing  ...                    0           1298680,66

[5 rows x 10 columns]
INFO:app.services.data_extractor:Successfully extracted 166 records
INFO:root:Upload 72: Encoding=ISO-8859-1, Delimiter=;, Columns={'compte': 'account_code', 'intitule': 'label', 'solde ant dbt ref': 'solde_final', 'solde ant cdt ref': 'solde_credit', 'debit periode ref': 'debit', 'credit periode ref': 'credit', 'solde per dbt ref': 'solde_debit', 'solde per cdt ref': 'unknown', 'solde fin dbt ref': 'unknown', 'solde fin cdt ref': 'unknown'}, Confidence_Scores={'compte': 60.1%, 'intitule': 56.4%, 'solde ant dbt ref': 55.0%, 'solde ant cdt ref': 54.6%, 'debit periode ref': 79.3%, 'credit periode ref': 70.0%, 'solde per dbt ref': 60.7%, 'solde per cdt ref': 0.0%, 'solde fin dbt ref': 0.0%, 'solde fin cdt ref': 0.0%}
INFO:app.services.upload_service:Upload 72: 165 accounts inserted. Detected columns: ['account_code', 'label', 'solde_final', 'solde_credit', 'debit', 'credit', 'solde_debit', 'solde per cdt ref', 'solde fin dbt ref', 'solde fin cdt ref']
INFO:app.services.upload_service:Starting to parse upload 73: balance_fixed.csv
INFO:app.utils.helpers:Successfully decoded first line with utf-8
INFO:app.utils.helpers:Detected delimiter: ';' from: {',': 0, ';': 7, '\t': 0, '|': 0}
INFO:app.utils.helpers:CSV read successfully: 107 rows, 8 columns
INFO:app.services.csv_parsing_service:Raw columns after reading CSV: ['col_0', 'col_1', 'col_2', 'col_3', 'col_4', 'col_5', 'col_6', 'col_7']
INFO:app.services.header_detector:Detected header at row 0: ['BALANCE 2021', 'Unnamed: 1', 'Unnamed: 2', 'Unnamed: 3', 'Unnamed: 4', 'Unnamed: 5', 'Unnamed: 6', 'clean_balance']
INFO:app.services.csv_parsing_service:Preparing DataFrame: normalizing column names and data...
INFO:app.services.preparation_service:Starting DataFrame preparation...
INFO:app.services.preparation_service:Normalized column names: {'BALANCE 2021': 'balance 2021', 'Unnamed: 1': 'unnamed 1', 'Unnamed: 2': 'unnamed 2', 'Unnamed: 3': 'unnamed 3', 'Unnamed: 4': 'unnamed 4', 'Unnamed: 5': 'unnamed 5', 'Unnamed: 6': 'unnamed 6', 'clean_balance': 'clean balance'}
INFO:app.services.preparation_service:Removed empty columns. Remaining: ['balance 2021', 'unnamed 1', 'unnamed 2', 'unnamed 3', 'unnamed 4', 'unnamed 5', 'unnamed 6', 'clean balance']
INFO:app.services.preparation_service:DataFrame preparation complete
INFO:app.services.csv_parsing_service:Columns after preparation: ['balance 2021', 'unnamed 1', 'unnamed 2', 'unnamed 3', 'unnamed 4', 'unnamed 5', 'unnamed 6', 'clean balance']
INFO:app.services.csv_parsing_service:Starting NLP-based column classification with semantic matching...
INFO:app.services.column_classifier:Processing column: 'balance 2021' \u2192 normalized: 'balance 2021'
INFO:app.services.column_classifier:\u2713 Mapped 'balance 2021' \u2192 'solde_final' (confidence: 74.8%) [semantic=38.0, fuzzy=14.8, content=22.0]
INFO:app.services.column_classifier:Processing column: 'unnamed 1' \u2192 normalized: 'unnamed 1'
INFO:app.services.column_classifier:\u2713 Mapped 'unnamed 1' \u2192 'label' (confidence: 47.2%) [semantic=14.8, fuzzy=12.4, content=20.0]
INFO:app.services.column_classifier:Processing column: 'unnamed 2' \u2192 normalized: 'unnamed 2'
INFO:app.services.column_classifier:\u2713 Mapped 'unnamed 2' \u2192 'account_code' (confidence: 35.8%) [semantic=9.8, fuzzy=8.0, content=18.0]
INFO:app.services.column_classifier:Processing column: 'unnamed 3' \u2192 normalized: 'unnamed 3'
WARNING:app.services.column_classifier:\u2717 Column 'unnamed 3' partially matched 'credit' (score: 8.9/100, below 25 threshold)
INFO:app.services.column_classifier:Processing column: 'unnamed 4' \u2192 normalized: 'unnamed 4'
WARNING:app.services.column_classifier:\u2717 Column 'unnamed 4' partially matched 'credit' (score: 8.8/100, below 25 threshold)
INFO:app.services.column_classifier:Processing column: 'unnamed 5' \u2192 normalized: 'unnamed 5'
WARNING:app.services.column_classifier:\u2717 Column 'unnamed 5' partially matched 'credit' (score: 8.8/100, below 25 threshold)
INFO:app.services.column_classifier:Processing column: 'unnamed 6' \u2192 normalized: 'unnamed 6'
WARNING:app.services.column_classifier:\u2717 Column 'unnamed 6' partially matched 'solde_credit' (score: 8.8/100, below 25 threshold)
INFO:app.services.column_classifier:Processing column: 'clean balance' \u2192 normalized: 'clean balance'
INFO:app.services.column_classifier:\u2713 Mapped 'clean balance' \u2192 'solde_credit' (confidence: 60.7%) [semantic=30.3, fuzzy=10.4, content=20.0]
INFO:app.services.column_classifier:Validating and boosting confidence scores using enhanced content analysis...
INFO:app.services.column_classifier:Final column mapping: {'balance 2021': 'solde_final', 'unnamed 1': 'label', 'unnamed 2': 'account_code', 'unnamed 3': 'unknown', 'unnamed 4': 'unknown', 'unnamed 5': 'unknown', 'unnamed 6': 'unknown', 'clean balance': 'solde_credit'}
INFO:app.services.column_classifier:Confidence scores: [('balance 2021', '74.8%'), ('unnamed 1', '55.2%'), ('unnamed 2', '43.0%'), ('unnamed 3', '0.0%'), ('unnamed 4', '0.0%'), ('unnamed 5', '0.0%'), ('unnamed 6', '0.0%'), ('clean balance', '68.7%')]
INFO:app.services.csv_parsing_service:Column classification results with confidence:
INFO:app.services.csv_parsing_service:  'balance 2021' \u2192 'solde_final' (confidence: 74.8%)
INFO:app.services.csv_parsing_service:  'unnamed 1' \u2192 'label' (confidence: 55.2%)
INFO:app.services.csv_parsing_service:  'unnamed 2' \u2192 'account_code' (confidence: 43.0%)
INFO:app.services.csv_parsing_service:  'unnamed 3' \u2192 'unknown' (confidence: 0.0%)
INFO:app.services.csv_parsing_service:  'unnamed 4' \u2192 'unknown' (confidence: 0.0%)
INFO:app.services.csv_parsing_service:  'unnamed 5' \u2192 'unknown' (confidence: 0.0%)
INFO:app.services.csv_parsing_service:  'unnamed 6' \u2192 'unknown' (confidence: 0.0%)
INFO:app.services.csv_parsing_service:  'clean balance' \u2192 'solde_credit' (confidence: 68.7%)
INFO:app.services.data_extractor:Reverse mapping: {'solde_final': ['balance 2021'], 'label': ['unnamed 1'], 'account_code': ['unnamed 2'], 'solde_credit': ['clean balance']}
INFO:app.services.data_extractor:DataFrame columns after renaming: ['solde_final', 'label', 'account_code', 'unnamed 3', 'unnamed 4', 'unnamed 5', 'unnamed 6', 'solde_credit']
INFO:app.services.data_extractor:DataFrame shape: (107, 8)
INFO:app.services.data_extractor:DataFrame sample:
    solde_final             label account_code  unnamed 3  unnamed 4  unnamed 5  unnamed 6   solde_credit
0  BALANCE 2021         unnamed 1    unnamed 2  unnamed 3  unnamed 4  unnamed 5  unnamed 6  clean_balance
1             0                                                                                         0
2            N°  libelle ecriture  solde final                                                          0
3      10100000           capital     1 000000                                                          0
4      11100000    reserve legale                                                                       0
INFO:app.services.data_extractor:Converted column 'solde_credit' to numeric
INFO:app.services.data_extractor:Converted column 'solde_final' to numeric
INFO:app.services.data_extractor:Rows before filtering: 107
INFO:app.services.data_extractor:Rows after filtering: 27
INFO:app.services.data_extractor:Sample data:
   solde_final               label  account_code  unnamed 3  unnamed 4  unnamed 5  unnamed 6  solde_credit
0       2021.0           unnamed 1     unnamed 2  unnamed 3  unnamed 4  unnamed 5  unnamed 6           NaN
2          NaN    libelle ecriture   solde final                                                       0.0
3   10100000.0             capital      1 000000                                                       0.0
5   12100000.0  resultats reportes    150 000000                                                       0.0
8   21300000.0           logiciels  2 500 000000                                                       0.0
INFO:app.services.data_extractor:Successfully extracted 27 records
INFO:root:Upload 73: Encoding=utf-8, Delimiter=;, Columns={'balance 2021': 'solde_final', 'unnamed 1': 'label', 'unnamed 2': 'account_code', 'unnamed 3': 'unknown', 'unnamed 4': 'unknown', 'unnamed 5': 'unknown', 'unnamed 6': 'unknown', 'clean balance': 'solde_credit'}, Confidence_Scores={'balance 2021': 74.8%, 'unnamed 1': 55.2%, 'unnamed 2': 43.0%, 'unnamed 3': 0.0%, 'unnamed 4': 0.0%, 'unnamed 5': 0.0%, 'unnamed 6': 0.0%, 'clean balance': 68.7%}
INFO:app.services.upload_service:Upload 73: 7 accounts inserted. Detected columns: ['solde_final', 'label', 'account_code', 'unnamed 3', 'unnamed 4', 'unnamed 5', 'unnamed 6', 'solde_credit']
INFO:app.services.upload_service:File saved: app/uploads\balance_2021_utf.csv
INFO:app.services.upload_service:Upload registered with ID: 74
INFO:app.services.upload_service:Starting to parse upload 74: balance_2021_utf.csv
INFO:app.utils.helpers:Successfully decoded first line with utf-8
INFO:app.utils.helpers:Detected delimiter: ';' from: {',': 0, ';': 6, '\t': 0, '|': 0}
INFO:app.utils.helpers:CSV read successfully: 106 rows, 7 columns
INFO:app.services.csv_parsing_service:Raw columns after reading CSV: ['col_0', 'col_1', 'col_2', 'col_3', 'col_4', 'col_5', 'col_6']
INFO:app.services.header_detector:Detected header at row 2: ['N°', 'Libellé écriture', 'Solde Final', '', '', '', '']
INFO:app.services.csv_parsing_service:Preparing DataFrame: normalizing column names and data...
INFO:app.services.preparation_service:Starting DataFrame preparation...
INFO:app.services.preparation_service:Normalized column names: {'N°': 'n', 'Libellé écriture': 'libelle ecriture', 'Solde Final': 'solde final', '': ''}
INFO:app.services.preparation_service:Removed empty columns. Remaining: ['n', 'libelle ecriture', 'solde final']
INFO:app.services.preparation_service:DataFrame preparation complete
INFO:app.services.csv_parsing_service:Columns after preparation: ['n', 'libelle ecriture', 'solde final']
INFO:app.services.csv_parsing_service:Starting NLP-based column classification with semantic matching...
INFO:app.services.column_classifier:Processing column: 'n' \u2192 normalized: 'n'
INFO:app.services.column_classifier:\u2713 Mapped 'n' \u2192 'account_code' (confidence: 49.0%) [semantic=11.0, fuzzy=20.0, content=18.0]
INFO:app.services.column_classifier:Processing column: 'libelle ecriture' \u2192 normalized: 'libelle ecriture'
INFO:app.services.column_classifier:\u2713 Mapped 'libelle ecriture' \u2192 'label' (confidence: 64.7%) [semantic=24.7, fuzzy=20.0, content=20.0]
INFO:app.services.column_classifier:Processing column: 'solde final' \u2192 normalized: 'solde final'
INFO:app.services.column_classifier:\u2713 Mapped 'solde final' \u2192 'solde_final' (confidence: 68.3%) [semantic=25.3, fuzzy=20.0, content=23.0]
INFO:app.services.column_classifier:Validating and boosting confidence scores using enhanced content analysis...
INFO:app.services.column_classifier:Final column mapping: {'n': 'account_code', 'libelle ecriture': 'label', 'solde final': 'solde_final'}
INFO:app.services.column_classifier:Confidence scores: [('n', '56.2%'), ('libelle ecriture', '72.7%'), ('solde final', '77.5%')]
INFO:app.services.csv_parsing_service:Column classification results with confidence:
INFO:app.services.csv_parsing_service:  'n' \u2192 'account_code' (confidence: 56.2%)
INFO:app.services.csv_parsing_service:  'libelle ecriture' \u2192 'label' (confidence: 72.7%)
INFO:app.services.csv_parsing_service:  'solde final' \u2192 'solde_final' (confidence: 77.5%)
INFO:app.services.data_extractor:Reverse mapping: {'account_code': ['n'], 'label': ['libelle ecriture'], 'solde_final': ['solde final']}
INFO:app.services.data_extractor:DataFrame columns after renaming: ['account_code', 'label', 'solde_final']
INFO:app.services.data_extractor:DataFrame shape: (106, 3)
INFO:app.services.data_extractor:DataFrame sample:
   account_code             label  solde_final
0  balance 2021                              0
1                                            0
2             n  libelle ecriture  Solde Final
3      10100000           capital   -1 000,000
4      11100000    reserve legale            0
INFO:app.services.data_extractor:Converted column 'solde_final' to numeric
INFO:app.services.data_extractor:Rows before filtering: 106
INFO:app.services.data_extractor:Rows after filtering: 100
INFO:app.services.data_extractor:Sample data:
   account_code               label  solde_final
0  balance 2021                              0.0
2             n    libelle ecriture          NaN
3      10100000             capital      -1000.0
4      11100000      reserve legale          0.0
5      12100000  resultats reportes    -150000.0
INFO:app.services.data_extractor:Successfully extracted 100 records
INFO:root:Upload 74: Encoding=UTF-8-SIG, Delimiter=;, Columns={'n': 'account_code', 'libelle ecriture': 'label', 'solde final': 'solde_final'}, Confidence_Scores={'n': 56.2%, 'libelle ecriture': 72.7%, 'solde final': 77.5%}
INFO:app.services.upload_service:Upload 74: 98 accounts inserted. Detected columns: ['account_code', 'label', 'solde_final']
INFO:app.services.upload_service:Previewing upload 74: balance_2021_utf.csv
INFO:app.utils.helpers:Successfully decoded first line with utf-8
INFO:app.utils.helpers:Detected delimiter: ';' from: {',': 0, ';': 6, '\t': 0, '|': 0}
INFO:app.utils.helpers:CSV read successfully: 106 rows, 7 columns
INFO:app.services.upload_service:Preview for upload 74: 20 preview rows, 105 total rows
INFO:app.services.upload_service:File saved: app/uploads\balance_2021_utf.csv
INFO:app.services.upload_service:Upload registered with ID: 75
INFO:app.services.upload_service:File saved: app/uploads\etats-financiers-Pulse-Consulting-Agency-2021 – Copie(BALANCE 2021).csv
INFO:app.services.upload_service:Upload registered with ID: 76
INFO:app.services.upload_service:File saved: app/uploads\F1773661755482_BAL(in).csv
INFO:app.services.upload_service:Upload registered with ID: 77
INFO:app.services.upload_service:File saved: app/uploads\balance_2021_utf.csv
INFO:app.services.upload_service:Upload registered with ID: 78
INFO:app.services.upload_service:File saved: app/uploads\balance_fixed.csv
ERROR:app.services.upload_service:Upload failed: (psycopg2.errors.UndefinedColumn) ERREUR:  la colonne « display_filename » de la relation « uploads » n'existe pas
LINE 1: INSERT INTO uploads (filename, file_path, display_filename, ...
                                                  ^

[SQL: INSERT INTO uploads (filename, file_path, display_filename, status, created_at) VALUES (%(filename)s, %(file_path)s, %(display_filename)s, %(status)s, %(created_at)s) RETURNING uploads.id]
[parameters: {'filename': 'balance_fixed.csv', 'file_path': 'app/uploads\\balance_fixed.csv', 'display_filename': 'test', 'status': 'uploaded', 'created_at': datetime.datetime(2026, 4, 9, 16, 36, 38, 967697)}]
(Background on this error at: https://sqlalche.me/e/20/f405)
Traceback (most recent call last):
  File "C:\Users\mayyara.haj-yahia\AppData\Local\Programs\Python\Python312\Lib\site-packages\sqlalchemy\engine\base.py", line 1967, in _exec_single_context
    self.dialect.do_execute(
  File "C:\Users\mayyara.haj-yahia\AppData\Local\Programs\Python\Python312\Lib\site-packages\sqlalchemy\engine\default.py", line 952, in do_execute
    cursor.execute(statement, parameters)
psycopg2.errors.UndefinedColumn: ERREUR:  la colonne « display_filename » de la relation « uploads » n'existe pas
LINE 1: INSERT INTO uploads (filename, file_path, display_filename, ...
                                                  ^


The above exception was the direct cause of the following exception:

Traceback (most recent call last):
  File "C:\Users\mayyara.haj-yahia\Travail\Project\financial_engine\backend\app\services\upload_service.py", line 39, in upload_document
    upload = create_upload(
             ^^^^^^^^^^^^^^
  File "C:\Users\mayyara.haj-yahia\Travail\Project\financial_engine\backend\app\repositories\upload_repository.py", line 13, in create_upload
    db.commit()
  File "C:\Users\mayyara.haj-yahia\AppData\Local\Programs\Python\Python312\Lib\site-packages\sqlalchemy\orm\session.py", line 2030, in commit
    trans.commit(_to_root=True)
  File "<string>", line 2, in commit
  File "C:\Users\mayyara.haj-yahia\AppData\Local\Programs\Python\Python312\Lib\site-packages\sqlalchemy\orm\state_changes.py", line 137, in _go
    ret_value = fn(self, *arg, **kw)
                ^^^^^^^^^^^^^^^^^^^^
  File "C:\Users\mayyara.haj-yahia\AppData\Local\Programs\Python\Python312\Lib\site-packages\sqlalchemy\orm\session.py", line 1311, in commit
    self._prepare_impl()
  File "<string>", line 2, in _prepare_impl
  File "C:\Users\mayyara.haj-yahia\AppData\Local\Programs\Python\Python312\Lib\site-packages\sqlalchemy\orm\state_changes.py", line 137, in _go
    ret_value = fn(self, *arg, **kw)
                ^^^^^^^^^^^^^^^^^^^^
  File "C:\Users\mayyara.haj-yahia\AppData\Local\Programs\Python\Python312\Lib\site-packages\sqlalchemy\orm\session.py", line 1286, in _prepare_impl
    self.session.flush()
  File "C:\Users\mayyara.haj-yahia\AppData\Local\Programs\Python\Python312\Lib\site-packages\sqlalchemy\orm\session.py", line 4331, in flush
    self._flush(objects)
  File "C:\Users\mayyara.haj-yahia\AppData\Local\Programs\Python\Python312\Lib\site-packages\sqlalchemy\orm\session.py", line 4466, in _flush
    with util.safe_reraise():
  File "C:\Users\mayyara.haj-yahia\AppData\Local\Programs\Python\Python312\Lib\site-packages\sqlalchemy\util\langhelpers.py", line 121, in __exit__
    raise exc_value.with_traceback(exc_tb)
  File "C:\Users\mayyara.haj-yahia\AppData\Local\Programs\Python\Python312\Lib\site-packages\sqlalchemy\orm\session.py", line 4427, in _flush
    flush_context.execute()
  File "C:\Users\mayyara.haj-yahia\AppData\Local\Programs\Python\Python312\Lib\site-packages\sqlalchemy\orm\unitofwork.py", line 466, in execute
    rec.execute(self)
  File "C:\Users\mayyara.haj-yahia\AppData\Local\Programs\Python\Python312\Lib\site-packages\sqlalchemy\orm\unitofwork.py", line 642, in execute
    util.preloaded.orm_persistence.save_obj(
  File "C:\Users\mayyara.haj-yahia\AppData\Local\Programs\Python\Python312\Lib\site-packages\sqlalchemy\orm\persistence.py", line 93, in save_obj
    _emit_insert_statements(
  File "C:\Users\mayyara.haj-yahia\AppData\Local\Programs\Python\Python312\Lib\site-packages\sqlalchemy\orm\persistence.py", line 1233, in _emit_insert_statements
    result = connection.execute(
             ^^^^^^^^^^^^^^^^^^^
  File "C:\Users\mayyara.haj-yahia\AppData\Local\Programs\Python\Python312\Lib\site-packages\sqlalchemy\engine\base.py", line 1419, in execute
    return meth(
           ^^^^^
  File "C:\Users\mayyara.haj-yahia\AppData\Local\Programs\Python\Python312\Lib\site-packages\sqlalchemy\sql\elements.py", line 527, in _execute_on_connection
    return connection._execute_clauseelement(
           ^^^^^^^^^^^^^^^^^^^^^^^^^^^^^^^^^^
  File "C:\Users\mayyara.haj-yahia\AppData\Local\Programs\Python\Python312\Lib\site-packages\sqlalchemy\engine\base.py", line 1641, in _execute_clauseelement
    ret = self._execute_context(
          ^^^^^^^^^^^^^^^^^^^^^^
  File "C:\Users\mayyara.haj-yahia\AppData\Local\Programs\Python\Python312\Lib\site-packages\sqlalchemy\engine\base.py", line 1846, in _execute_context
    return self._exec_single_context(
           ^^^^^^^^^^^^^^^^^^^^^^^^^^
  File "C:\Users\mayyara.haj-yahia\AppData\Local\Programs\Python\Python312\Lib\site-packages\sqlalchemy\engine\base.py", line 1986, in _exec_single_context
    self._handle_dbapi_exception(
  File "C:\Users\mayyara.haj-yahia\AppData\Local\Programs\Python\Python312\Lib\site-packages\sqlalchemy\engine\base.py", line 2363, in _handle_dbapi_exception
    raise sqlalchemy_exception.with_traceback(exc_info[2]) from e
  File "C:\Users\mayyara.haj-yahia\AppData\Local\Programs\Python\Python312\Lib\site-packages\sqlalchemy\engine\base.py", line 1967, in _exec_single_context
    self.dialect.do_execute(
  File "C:\Users\mayyara.haj-yahia\AppData\Local\Programs\Python\Python312\Lib\site-packages\sqlalchemy\engine\default.py", line 952, in do_execute
    cursor.execute(statement, parameters)
sqlalchemy.exc.ProgrammingError: (psycopg2.errors.UndefinedColumn) ERREUR:  la colonne « display_filename » de la relation « uploads » n'existe pas
LINE 1: INSERT INTO uploads (filename, file_path, display_filename, ...
                                                  ^

[SQL: INSERT INTO uploads (filename, file_path, display_filename, status, created_at) VALUES (%(filename)s, %(file_path)s, %(display_filename)s, %(status)s, %(created_at)s) RETURNING uploads.id]
[parameters: {'filename': 'balance_fixed.csv', 'file_path': 'app/uploads\\balance_fixed.csv', 'display_filename': 'test', 'status': 'uploaded', 'created_at': datetime.datetime(2026, 4, 9, 16, 36, 38, 967697)}]
(Background on this error at: https://sqlalche.me/e/20/f405)
INFO:app.services.upload_service:File saved: app/uploads\etats-financiers-Pulse-Consulting-Agency-2021 – Copie(BALANCE 2021).csv
INFO:app.services.upload_service:Upload registered with ID: 79
INFO:app.services.upload_service:File saved: app/uploads\F1773661755482_BAL(in).csv
INFO:app.services.upload_service:Upload registered with ID: 80
INFO:app.services.upload_service:File saved: app/uploads\F1773661755482_BAL(in).csv
INFO:app.services.upload_service:Upload registered with ID: 81
INFO:app.services.upload_service:Previewing upload 81: F1773661755482_BAL(in).csv
INFO:app.utils.helpers:Successfully decoded first line with latin1
INFO:app.utils.helpers:Detected delimiter: ';' from: {',': 0, ';': 9, '\t': 0, '|': 0}
INFO:app.utils.helpers:CSV read successfully: 166 rows, 10 columns
INFO:app.services.upload_service:Preview for upload 81: 20 preview rows, 165 total rows
INFO:app.services.upload_service:Starting to parse upload 81: F1773661755482_BAL(in).csv
INFO:app.utils.helpers:Successfully decoded first line with latin1
INFO:app.utils.helpers:Detected delimiter: ';' from: {',': 0, ';': 9, '\t': 0, '|': 0}
INFO:app.utils.helpers:CSV read successfully: 166 rows, 10 columns
INFO:app.services.csv_parsing_service:Raw columns after reading CSV: ['col_0', 'col_1', 'col_2', 'col_3', 'col_4', 'col_5', 'col_6', 'col_7', 'col_8', 'col_9']
INFO:app.services.header_detector:Detected header at row 0: ['Compte', 'Intitulé', 'Solde ant Dbt (réf)', 'Solde ant Cdt (réf)', 'Débit période (réf)', 'Crédit période (réf)', 'Solde pér Dbt (réf)', 'Solde pér Cdt (réf)', 'Solde fin Dbt (réf)', 'Solde fin Cdt (réf)']
INFO:app.services.csv_parsing_service:Preparing DataFrame: normalizing column names and data...
INFO:app.services.preparation_service:Starting DataFrame preparation...
INFO:app.services.preparation_service:Normalized column names: {'Compte': 'compte', 'Intitulé': 'intitule', 'Solde ant Dbt (réf)': 'solde ant dbt ref', 'Solde ant Cdt (réf)': 'solde ant cdt ref', 'Débit période (réf)': 'debit periode ref', 'Crédit période (réf)': 'credit periode ref', 'Solde pér Dbt (réf)': 'solde per dbt ref', 'Solde pér Cdt (réf)': 'solde per cdt ref', 'Solde fin Dbt (réf)': 'solde fin dbt ref', 'Solde fin Cdt (réf)': 'solde fin cdt ref'}
INFO:app.services.preparation_service:Removed empty columns. Remaining: ['compte', 'intitule', 'solde ant dbt ref', 'solde ant cdt ref', 'debit periode ref', 'credit periode ref', 'solde per dbt ref', 'solde per cdt ref', 'solde fin dbt ref', 'solde fin cdt ref']
INFO:app.services.preparation_service:DataFrame preparation complete
INFO:app.services.csv_parsing_service:Columns after preparation: ['compte', 'intitule', 'solde ant dbt ref', 'solde ant cdt ref', 'debit periode ref', 'credit periode ref', 'solde per dbt ref', 'solde per cdt ref', 'solde fin dbt ref', 'solde fin cdt ref']
INFO:app.services.csv_parsing_service:Starting NLP-based column classification with semantic matching...
INFO:app.services.column_classifier:Processing column: 'compte' \u2192 normalized: 'compte'
INFO:app.services.semantic_classifier:Loading semantic model: sentence-transformers/all-MiniLM-L6-v2
INFO:sentence_transformers.SentenceTransformer:Use pytorch device_name: cpu
INFO:sentence_transformers.SentenceTransformer:Load pretrained SentenceTransformer: sentence-transformers/all-MiniLM-L6-v2
INFO:httpx:HTTP Request: HEAD https://huggingface.co/sentence-transformers/all-MiniLM-L6-v2/resolve/main/modules.json "HTTP/1.1 307 Temporary Redirect"
INFO:httpx:HTTP Request: HEAD https://huggingface.co/api/resolve-cache/models/sentence-transformers/all-MiniLM-L6-v2/c9745ed1d9f207416be6d2e6f8de32d1f16199bf/modules.json "HTTP/1.1 200 OK"
INFO:httpx:HTTP Request: HEAD https://huggingface.co/sentence-transformers/all-MiniLM-L6-v2/resolve/main/config_sentence_transformers.json "HTTP/1.1 307 Temporary Redirect"
INFO:httpx:HTTP Request: HEAD https://huggingface.co/api/resolve-cache/models/sentence-transformers/all-MiniLM-L6-v2/c9745ed1d9f207416be6d2e6f8de32d1f16199bf/config_sentence_transformers.json "HTTP/1.1 200 OK"
INFO:httpx:HTTP Request: HEAD https://huggingface.co/sentence-transformers/all-MiniLM-L6-v2/resolve/main/config_sentence_transformers.json "HTTP/1.1 307 Temporary Redirect"
INFO:httpx:HTTP Request: HEAD https://huggingface.co/api/resolve-cache/models/sentence-transformers/all-MiniLM-L6-v2/c9745ed1d9f207416be6d2e6f8de32d1f16199bf/config_sentence_transformers.json "HTTP/1.1 200 OK"
INFO:httpx:HTTP Request: HEAD https://huggingface.co/sentence-transformers/all-MiniLM-L6-v2/resolve/main/README.md "HTTP/1.1 307 Temporary Redirect"
INFO:httpx:HTTP Request: HEAD https://huggingface.co/api/resolve-cache/models/sentence-transformers/all-MiniLM-L6-v2/c9745ed1d9f207416be6d2e6f8de32d1f16199bf/README.md "HTTP/1.1 200 OK"
INFO:httpx:HTTP Request: HEAD https://huggingface.co/sentence-transformers/all-MiniLM-L6-v2/resolve/main/modules.json "HTTP/1.1 307 Temporary Redirect"
INFO:httpx:HTTP Request: HEAD https://huggingface.co/api/resolve-cache/models/sentence-transformers/all-MiniLM-L6-v2/c9745ed1d9f207416be6d2e6f8de32d1f16199bf/modules.json "HTTP/1.1 200 OK"
INFO:httpx:HTTP Request: HEAD https://huggingface.co/sentence-transformers/all-MiniLM-L6-v2/resolve/main/sentence_bert_config.json "HTTP/1.1 307 Temporary Redirect"
WARNING:huggingface_hub.utils._http:Warning: You are sending unauthenticated requests to the HF Hub. Please set a HF_TOKEN to enable higher rate limits and faster downloads.
INFO:httpx:HTTP Request: HEAD https://huggingface.co/api/resolve-cache/models/sentence-transformers/all-MiniLM-L6-v2/c9745ed1d9f207416be6d2e6f8de32d1f16199bf/sentence_bert_config.json "HTTP/1.1 200 OK"
INFO:httpx:HTTP Request: HEAD https://huggingface.co/sentence-transformers/all-MiniLM-L6-v2/resolve/main/adapter_config.json "HTTP/1.1 404 Not Found"
INFO:httpx:HTTP Request: HEAD https://huggingface.co/sentence-transformers/all-MiniLM-L6-v2/resolve/main/config.json "HTTP/1.1 307 Temporary Redirect"
INFO:httpx:HTTP Request: HEAD https://huggingface.co/api/resolve-cache/models/sentence-transformers/all-MiniLM-L6-v2/c9745ed1d9f207416be6d2e6f8de32d1f16199bf/config.json "HTTP/1.1 200 OK"
INFO:httpx:HTTP Request: HEAD https://huggingface.co/sentence-transformers/all-MiniLM-L6-v2/resolve/main/config.json "HTTP/1.1 307 Temporary Redirect"
INFO:httpx:HTTP Request: HEAD https://huggingface.co/api/resolve-cache/models/sentence-transformers/all-MiniLM-L6-v2/c9745ed1d9f207416be6d2e6f8de32d1f16199bf/config.json "HTTP/1.1 200 OK"
INFO:httpx:HTTP Request: HEAD https://huggingface.co/sentence-transformers/all-MiniLM-L6-v2/resolve/main/tokenizer_config.json "HTTP/1.1 307 Temporary Redirect"
INFO:httpx:HTTP Request: HEAD https://huggingface.co/api/resolve-cache/models/sentence-transformers/all-MiniLM-L6-v2/c9745ed1d9f207416be6d2e6f8de32d1f16199bf/tokenizer_config.json "HTTP/1.1 200 OK"
INFO:httpx:HTTP Request: GET https://huggingface.co/api/models/sentence-transformers/all-MiniLM-L6-v2/tree/main/additional_chat_templates?recursive=false&expand=false "HTTP/1.1 404 Not Found"
INFO:httpx:HTTP Request: GET https://huggingface.co/api/models/sentence-transformers/all-MiniLM-L6-v2/tree/main?recursive=true&expand=false "HTTP/1.1 200 OK"
INFO:httpx:HTTP Request: HEAD https://huggingface.co/sentence-transformers/all-MiniLM-L6-v2/resolve/main/1_Pooling/config.json "HTTP/1.1 307 Temporary Redirect"
INFO:httpx:HTTP Request: HEAD https://huggingface.co/api/resolve-cache/models/sentence-transformers/all-MiniLM-L6-v2/c9745ed1d9f207416be6d2e6f8de32d1f16199bf/1_Pooling%2Fconfig.json "HTTP/1.1 200 OK"
INFO:httpx:HTTP Request: GET https://huggingface.co/api/models/sentence-transformers/all-MiniLM-L6-v2 "HTTP/1.1 200 OK"
INFO:app.services.semantic_classifier:Semantic model loaded successfully
INFO:app.services.column_classifier:\u2713 Mapped 'compte' \u2192 'account_code' (confidence: 52.9%) [semantic=14.9, fuzzy=20.0, content=18.0]
INFO:app.services.column_classifier:Processing column: 'intitule' \u2192 normalized: 'intitule'
INFO:app.services.column_classifier:\u2713 Mapped 'intitule' \u2192 'label' (confidence: 48.4%) [semantic=8.4, fuzzy=20.0, content=20.0]
INFO:app.services.column_classifier:Processing column: 'solde ant dbt ref' \u2192 normalized: 'solde ant dbt ref'
INFO:app.services.column_classifier:\u2713 Mapped 'solde ant dbt ref' \u2192 'solde_final' (confidence: 47.0%) [semantic=17.0, fuzzy=10.0, content=20.0]
INFO:app.services.column_classifier:Processing column: 'solde ant cdt ref' \u2192 normalized: 'solde ant cdt ref'
INFO:app.services.column_classifier:\u2713 Mapped 'solde ant cdt ref' \u2192 'solde_credit' (confidence: 46.6%) [semantic=12.8, fuzzy=13.8, content=20.0]
INFO:app.services.column_classifier:Processing column: 'debit periode ref' \u2192 normalized: 'debit periode ref'
INFO:app.services.column_classifier:\u2713 Mapped 'debit periode ref' \u2192 'debit' (confidence: 69.3%) [semantic=34.7, fuzzy=9.6, content=25.0]
INFO:app.services.column_classifier:Processing column: 'credit periode ref' \u2192 normalized: 'credit periode ref'
INFO:app.services.column_classifier:\u2713 Mapped 'credit periode ref' \u2192 'credit' (confidence: 60.8%) [semantic=27.4, fuzzy=10.4, content=23.0]
INFO:app.services.column_classifier:Processing column: 'solde per dbt ref' \u2192 normalized: 'solde per dbt ref'
INFO:app.services.column_classifier:\u2713 Mapped 'solde per dbt ref' \u2192 'solde_debit' (confidence: 50.7%) [semantic=12.7, fuzzy=13.0, content=25.0]
INFO:app.services.column_classifier:Processing column: 'solde per cdt ref' \u2192 normalized: 'solde per cdt ref'
WARNING:app.services.column_classifier:\u2717 Unknown column detected: 'solde per cdt ref'
INFO:app.services.column_classifier:Processing column: 'solde fin dbt ref' \u2192 normalized: 'solde fin dbt ref'
WARNING:app.services.column_classifier:\u2717 Unknown column detected: 'solde fin dbt ref'
INFO:app.services.column_classifier:Processing column: 'solde fin cdt ref' \u2192 normalized: 'solde fin cdt ref'
WARNING:app.services.column_classifier:\u2717 Unknown column detected: 'solde fin cdt ref'
INFO:app.services.column_classifier:Validating and boosting confidence scores using enhanced content analysis...
INFO:app.services.column_classifier:Final column mapping: {'compte': 'account_code', 'intitule': 'label', 'solde ant dbt ref': 'solde_final', 'solde ant cdt ref': 'solde_credit', 'debit periode ref': 'debit', 'credit periode ref': 'credit', 'solde per dbt ref': 'solde_debit', 'solde per cdt ref': 'unknown', 'solde fin dbt ref': 'unknown', 'solde fin cdt ref': 'unknown'}
INFO:app.services.column_classifier:Confidence scores: [('compte', '60.1%'), ('intitule', '56.4%'), ('solde ant dbt ref', '55.0%'), ('solde ant cdt ref', '54.6%'), ('debit periode ref', '79.3%'), ('credit periode ref', '70.0%'), ('solde per dbt ref', '60.7%'), ('solde per cdt ref', '0.0%'), ('solde fin dbt ref', '0.0%'), ('solde fin cdt ref', '0.0%')]
INFO:app.services.csv_parsing_service:Column classification results with confidence:
INFO:app.services.csv_parsing_service:  'compte' \u2192 'account_code' (confidence: 60.1%)
INFO:app.services.csv_parsing_service:  'intitule' \u2192 'label' (confidence: 56.4%)
INFO:app.services.csv_parsing_service:  'solde ant dbt ref' \u2192 'solde_final' (confidence: 55.0%)
INFO:app.services.csv_parsing_service:  'solde ant cdt ref' \u2192 'solde_credit' (confidence: 54.6%)
INFO:app.services.csv_parsing_service:  'debit periode ref' \u2192 'debit' (confidence: 79.3%)
INFO:app.services.csv_parsing_service:  'credit periode ref' \u2192 'credit' (confidence: 70.0%)
INFO:app.services.csv_parsing_service:  'solde per dbt ref' \u2192 'solde_debit' (confidence: 60.7%)
INFO:app.services.csv_parsing_service:  'solde per cdt ref' \u2192 'unknown' (confidence: 0.0%)
INFO:app.services.csv_parsing_service:  'solde fin dbt ref' \u2192 'unknown' (confidence: 0.0%)
INFO:app.services.csv_parsing_service:  'solde fin cdt ref' \u2192 'unknown' (confidence: 0.0%)
INFO:app.services.data_extractor:Reverse mapping: {'account_code': ['compte'], 'label': ['intitule'], 'solde_final': ['solde ant dbt ref'], 'solde_credit': ['solde ant cdt ref'], 'debit': ['debit periode ref'], 'credit': ['credit periode ref'], 'solde_debit': ['solde per dbt ref']}
INFO:app.services.data_extractor:DataFrame columns after renaming: ['account_code', 'label', 'solde_final', 'solde_credit', 'debit', 'credit', 'solde_debit', 'solde per cdt ref', 'solde fin dbt ref', 'solde fin cdt ref']
INFO:app.services.data_extractor:DataFrame shape: (166, 10)
INFO:app.services.data_extractor:DataFrame sample:
  account_code                           label  ...    solde fin dbt ref    solde fin cdt ref
0       compte                        intitule  ...  Solde fin Dbt (réf)  Solde fin Cdt (réf)
1     10100000                  capital social  ...                    0             12400000
2     10900000  actionnaire capital non appele  ...                   10                    0
3     16210000                emprunt bancaire  ...                    0             21100000
4     16220000                 emprunt leasing  ...                    0           1298680,66

[5 rows x 10 columns]
INFO:app.services.data_extractor:Converted column 'debit' to numeric
INFO:app.services.data_extractor:Converted column 'credit' to numeric
INFO:app.services.data_extractor:Converted column 'solde_debit' to numeric
INFO:app.services.data_extractor:Converted column 'solde_credit' to numeric
INFO:app.services.data_extractor:Converted column 'solde_final' to numeric
INFO:app.services.data_extractor:Rows before filtering: 166
INFO:app.services.data_extractor:Rows after filtering: 166
INFO:app.services.data_extractor:Sample data:
  account_code                           label  ...    solde fin dbt ref    solde fin cdt ref
0       compte                        intitule  ...  Solde fin Dbt (réf)  Solde fin Cdt (réf)
1     10100000                  capital social  ...                    0             12400000
2     10900000  actionnaire capital non appele  ...                   10                    0
3     16210000                emprunt bancaire  ...                    0             21100000
4     16220000                 emprunt leasing  ...                    0           1298680,66

[5 rows x 10 columns]
INFO:app.services.data_extractor:Successfully extracted 166 records
INFO:root:Upload 81: Encoding=ISO-8859-1, Delimiter=;, Columns={'compte': 'account_code', 'intitule': 'label', 'solde ant dbt ref': 'solde_final', 'solde ant cdt ref': 'solde_credit', 'debit periode ref': 'debit', 'credit periode ref': 'credit', 'solde per dbt ref': 'solde_debit', 'solde per cdt ref': 'unknown', 'solde fin dbt ref': 'unknown', 'solde fin cdt ref': 'unknown'}, Confidence_Scores={'compte': 60.1%, 'intitule': 56.4%, 'solde ant dbt ref': 55.0%, 'solde ant cdt ref': 54.6%, 'debit periode ref': 79.3%, 'credit periode ref': 70.0%, 'solde per dbt ref': 60.7%, 'solde per cdt ref': 0.0%, 'solde fin dbt ref': 0.0%, 'solde fin cdt ref': 0.0%}
INFO:app.services.upload_service:Upload 81: 165 accounts inserted. Detected columns: ['account_code', 'label', 'solde_final', 'solde_credit', 'debit', 'credit', 'solde_debit', 'solde per cdt ref', 'solde fin dbt ref', 'solde fin cdt ref']
INFO:app.services.upload_service:File saved: app/uploads\F1773661755482_BAL(in).csv
INFO:app.services.upload_service:Upload registered with ID: 82
INFO:app.services.upload_service:Starting to parse upload 82: F1773661755482_BAL(in).csv
INFO:app.utils.helpers:Successfully decoded first line with latin1
INFO:app.utils.helpers:Detected delimiter: ';' from: {',': 0, ';': 9, '\t': 0, '|': 0}
INFO:app.utils.helpers:CSV read successfully: 166 rows, 10 columns
INFO:app.services.csv_parsing_service:Raw columns after reading CSV: ['col_0', 'col_1', 'col_2', 'col_3', 'col_4', 'col_5', 'col_6', 'col_7', 'col_8', 'col_9']
INFO:app.services.header_detector:Detected header at row 0: ['Compte', 'Intitulé', 'Solde ant Dbt (réf)', 'Solde ant Cdt (réf)', 'Débit période (réf)', 'Crédit période (réf)', 'Solde pér Dbt (réf)', 'Solde pér Cdt (réf)', 'Solde fin Dbt (réf)', 'Solde fin Cdt (réf)']
INFO:app.services.csv_parsing_service:Preparing DataFrame: normalizing column names and data...
INFO:app.services.preparation_service:Starting DataFrame preparation...
INFO:app.services.preparation_service:Normalized column names: {'Compte': 'compte', 'Intitulé': 'intitule', 'Solde ant Dbt (réf)': 'solde ant dbt ref', 'Solde ant Cdt (réf)': 'solde ant cdt ref', 'Débit période (réf)': 'debit periode ref', 'Crédit période (réf)': 'credit periode ref', 'Solde pér Dbt (réf)': 'solde per dbt ref', 'Solde pér Cdt (réf)': 'solde per cdt ref', 'Solde fin Dbt (réf)': 'solde fin dbt ref', 'Solde fin Cdt (réf)': 'solde fin cdt ref'}
INFO:app.services.preparation_service:Removed empty columns. Remaining: ['compte', 'intitule', 'solde ant dbt ref', 'solde ant cdt ref', 'debit periode ref', 'credit periode ref', 'solde per dbt ref', 'solde per cdt ref', 'solde fin dbt ref', 'solde fin cdt ref']
INFO:app.services.preparation_service:DataFrame preparation complete
INFO:app.services.csv_parsing_service:Columns after preparation: ['compte', 'intitule', 'solde ant dbt ref', 'solde ant cdt ref', 'debit periode ref', 'credit periode ref', 'solde per dbt ref', 'solde per cdt ref', 'solde fin dbt ref', 'solde fin cdt ref']
INFO:app.services.csv_parsing_service:Starting NLP-based column classification with semantic matching...
INFO:app.services.column_classifier:Processing column: 'compte' \u2192 normalized: 'compte'
INFO:app.services.semantic_classifier:Loading semantic model: sentence-transformers/all-MiniLM-L6-v2
INFO:sentence_transformers.SentenceTransformer:Use pytorch device_name: cpu
INFO:sentence_transformers.SentenceTransformer:Load pretrained SentenceTransformer: sentence-transformers/all-MiniLM-L6-v2
INFO:httpx:HTTP Request: HEAD https://huggingface.co/sentence-transformers/all-MiniLM-L6-v2/resolve/main/modules.json "HTTP/1.1 307 Temporary Redirect"
INFO:httpx:HTTP Request: HEAD https://huggingface.co/api/resolve-cache/models/sentence-transformers/all-MiniLM-L6-v2/c9745ed1d9f207416be6d2e6f8de32d1f16199bf/modules.json "HTTP/1.1 200 OK"
INFO:httpx:HTTP Request: HEAD https://huggingface.co/sentence-transformers/all-MiniLM-L6-v2/resolve/main/config_sentence_transformers.json "HTTP/1.1 307 Temporary Redirect"
INFO:httpx:HTTP Request: HEAD https://huggingface.co/api/resolve-cache/models/sentence-transformers/all-MiniLM-L6-v2/c9745ed1d9f207416be6d2e6f8de32d1f16199bf/config_sentence_transformers.json "HTTP/1.1 200 OK"
INFO:httpx:HTTP Request: HEAD https://huggingface.co/sentence-transformers/all-MiniLM-L6-v2/resolve/main/config_sentence_transformers.json "HTTP/1.1 307 Temporary Redirect"
INFO:httpx:HTTP Request: HEAD https://huggingface.co/api/resolve-cache/models/sentence-transformers/all-MiniLM-L6-v2/c9745ed1d9f207416be6d2e6f8de32d1f16199bf/config_sentence_transformers.json "HTTP/1.1 200 OK"
INFO:httpx:HTTP Request: HEAD https://huggingface.co/sentence-transformers/all-MiniLM-L6-v2/resolve/main/README.md "HTTP/1.1 307 Temporary Redirect"
INFO:httpx:HTTP Request: HEAD https://huggingface.co/api/resolve-cache/models/sentence-transformers/all-MiniLM-L6-v2/c9745ed1d9f207416be6d2e6f8de32d1f16199bf/README.md "HTTP/1.1 200 OK"
INFO:httpx:HTTP Request: HEAD https://huggingface.co/sentence-transformers/all-MiniLM-L6-v2/resolve/main/modules.json "HTTP/1.1 307 Temporary Redirect"
WARNING:huggingface_hub.utils._http:Warning: You are sending unauthenticated requests to the HF Hub. Please set a HF_TOKEN to enable higher rate limits and faster downloads.
INFO:httpx:HTTP Request: HEAD https://huggingface.co/api/resolve-cache/models/sentence-transformers/all-MiniLM-L6-v2/c9745ed1d9f207416be6d2e6f8de32d1f16199bf/modules.json "HTTP/1.1 200 OK"
INFO:httpx:HTTP Request: HEAD https://huggingface.co/sentence-transformers/all-MiniLM-L6-v2/resolve/main/sentence_bert_config.json "HTTP/1.1 307 Temporary Redirect"
INFO:httpx:HTTP Request: HEAD https://huggingface.co/api/resolve-cache/models/sentence-transformers/all-MiniLM-L6-v2/c9745ed1d9f207416be6d2e6f8de32d1f16199bf/sentence_bert_config.json "HTTP/1.1 200 OK"
INFO:httpx:HTTP Request: HEAD https://huggingface.co/sentence-transformers/all-MiniLM-L6-v2/resolve/main/adapter_config.json "HTTP/1.1 404 Not Found"
INFO:httpx:HTTP Request: HEAD https://huggingface.co/sentence-transformers/all-MiniLM-L6-v2/resolve/main/config.json "HTTP/1.1 307 Temporary Redirect"
INFO:httpx:HTTP Request: HEAD https://huggingface.co/api/resolve-cache/models/sentence-transformers/all-MiniLM-L6-v2/c9745ed1d9f207416be6d2e6f8de32d1f16199bf/config.json "HTTP/1.1 200 OK"
INFO:httpx:HTTP Request: HEAD https://huggingface.co/sentence-transformers/all-MiniLM-L6-v2/resolve/main/config.json "HTTP/1.1 307 Temporary Redirect"
INFO:httpx:HTTP Request: HEAD https://huggingface.co/api/resolve-cache/models/sentence-transformers/all-MiniLM-L6-v2/c9745ed1d9f207416be6d2e6f8de32d1f16199bf/config.json "HTTP/1.1 200 OK"
INFO:httpx:HTTP Request: HEAD https://huggingface.co/sentence-transformers/all-MiniLM-L6-v2/resolve/main/tokenizer_config.json "HTTP/1.1 307 Temporary Redirect"
INFO:httpx:HTTP Request: HEAD https://huggingface.co/api/resolve-cache/models/sentence-transformers/all-MiniLM-L6-v2/c9745ed1d9f207416be6d2e6f8de32d1f16199bf/tokenizer_config.json "HTTP/1.1 200 OK"
INFO:httpx:HTTP Request: GET https://huggingface.co/api/models/sentence-transformers/all-MiniLM-L6-v2/tree/main/additional_chat_templates?recursive=false&expand=false "HTTP/1.1 404 Not Found"
INFO:httpx:HTTP Request: GET https://huggingface.co/api/models/sentence-transformers/all-MiniLM-L6-v2/tree/main?recursive=true&expand=false "HTTP/1.1 200 OK"
INFO:httpx:HTTP Request: HEAD https://huggingface.co/sentence-transformers/all-MiniLM-L6-v2/resolve/main/1_Pooling/config.json "HTTP/1.1 307 Temporary Redirect"
INFO:httpx:HTTP Request: HEAD https://huggingface.co/api/resolve-cache/models/sentence-transformers/all-MiniLM-L6-v2/c9745ed1d9f207416be6d2e6f8de32d1f16199bf/1_Pooling%2Fconfig.json "HTTP/1.1 200 OK"
INFO:httpx:HTTP Request: GET https://huggingface.co/api/models/sentence-transformers/all-MiniLM-L6-v2 "HTTP/1.1 200 OK"
INFO:app.services.semantic_classifier:Semantic model loaded successfully
INFO:app.services.column_classifier:\u2713 Mapped 'compte' \u2192 'account_code' (confidence: 52.9%) [semantic=14.9, fuzzy=20.0, content=18.0]
INFO:app.services.column_classifier:Processing column: 'intitule' \u2192 normalized: 'intitule'
INFO:app.services.column_classifier:\u2713 Mapped 'intitule' \u2192 'label' (confidence: 48.4%) [semantic=8.4, fuzzy=20.0, content=20.0]
INFO:app.services.column_classifier:Processing column: 'solde ant dbt ref' \u2192 normalized: 'solde ant dbt ref'
INFO:app.services.column_classifier:\u2713 Mapped 'solde ant dbt ref' \u2192 'solde_final' (confidence: 47.0%) [semantic=17.0, fuzzy=10.0, content=20.0]
INFO:app.services.column_classifier:Processing column: 'solde ant cdt ref' \u2192 normalized: 'solde ant cdt ref'
INFO:app.services.column_classifier:\u2713 Mapped 'solde ant cdt ref' \u2192 'solde_credit' (confidence: 46.6%) [semantic=12.8, fuzzy=13.8, content=20.0]
INFO:app.services.column_classifier:Processing column: 'debit periode ref' \u2192 normalized: 'debit periode ref'
INFO:app.services.column_classifier:\u2713 Mapped 'debit periode ref' \u2192 'debit' (confidence: 69.3%) [semantic=34.7, fuzzy=9.6, content=25.0]
INFO:app.services.column_classifier:Processing column: 'credit periode ref' \u2192 normalized: 'credit periode ref'
INFO:app.services.column_classifier:\u2713 Mapped 'credit periode ref' \u2192 'credit' (confidence: 60.8%) [semantic=27.4, fuzzy=10.4, content=23.0]
INFO:app.services.column_classifier:Processing column: 'solde per dbt ref' \u2192 normalized: 'solde per dbt ref'
INFO:app.services.column_classifier:\u2713 Mapped 'solde per dbt ref' \u2192 'solde_debit' (confidence: 50.5%) [semantic=12.7, fuzzy=12.8, content=25.0]
INFO:app.services.column_classifier:Processing column: 'solde per cdt ref' \u2192 normalized: 'solde per cdt ref'
WARNING:app.services.column_classifier:\u2717 Unknown column detected: 'solde per cdt ref'
INFO:app.services.column_classifier:Processing column: 'solde fin dbt ref' \u2192 normalized: 'solde fin dbt ref'
WARNING:app.services.column_classifier:\u2717 Unknown column detected: 'solde fin dbt ref'
INFO:app.services.column_classifier:Processing column: 'solde fin cdt ref' \u2192 normalized: 'solde fin cdt ref'
WARNING:app.services.column_classifier:\u2717 Unknown column detected: 'solde fin cdt ref'
INFO:app.services.column_classifier:Validating and boosting confidence scores using enhanced content analysis...
INFO:app.services.column_classifier:Final column mapping: {'compte': 'account_code', 'intitule': 'label', 'solde ant dbt ref': 'solde_final', 'solde ant cdt ref': 'solde_credit', 'debit periode ref': 'debit', 'credit periode ref': 'credit', 'solde per dbt ref': 'solde_debit', 'solde per cdt ref': 'unknown', 'solde fin dbt ref': 'unknown', 'solde fin cdt ref': 'unknown'}
INFO:app.services.column_classifier:Confidence scores: [('compte', '60.1%'), ('intitule', '56.4%'), ('solde ant dbt ref', '55.0%'), ('solde ant cdt ref', '54.6%'), ('debit periode ref', '79.3%'), ('credit periode ref', '70.0%'), ('solde per dbt ref', '60.5%'), ('solde per cdt ref', '0.0%'), ('solde fin dbt ref', '0.0%'), ('solde fin cdt ref', '0.0%')]
INFO:app.services.csv_parsing_service:Column classification results with confidence:
INFO:app.services.csv_parsing_service:  'compte' \u2192 'account_code' (confidence: 60.1%)
INFO:app.services.csv_parsing_service:  'intitule' \u2192 'label' (confidence: 56.4%)
INFO:app.services.csv_parsing_service:  'solde ant dbt ref' \u2192 'solde_final' (confidence: 55.0%)
INFO:app.services.csv_parsing_service:  'solde ant cdt ref' \u2192 'solde_credit' (confidence: 54.6%)
INFO:app.services.csv_parsing_service:  'debit periode ref' \u2192 'debit' (confidence: 79.3%)
INFO:app.services.csv_parsing_service:  'credit periode ref' \u2192 'credit' (confidence: 70.0%)
INFO:app.services.csv_parsing_service:  'solde per dbt ref' \u2192 'solde_debit' (confidence: 60.5%)
INFO:app.services.csv_parsing_service:  'solde per cdt ref' \u2192 'unknown' (confidence: 0.0%)
INFO:app.services.csv_parsing_service:  'solde fin dbt ref' \u2192 'unknown' (confidence: 0.0%)
INFO:app.services.csv_parsing_service:  'solde fin cdt ref' \u2192 'unknown' (confidence: 0.0%)
INFO:app.services.data_extractor:Reverse mapping: {'account_code': ['compte'], 'label': ['intitule'], 'solde_final': ['solde ant dbt ref'], 'solde_credit': ['solde ant cdt ref'], 'debit': ['debit periode ref'], 'credit': ['credit periode ref'], 'solde_debit': ['solde per dbt ref']}
INFO:app.services.data_extractor:DataFrame columns after renaming: ['account_code', 'label', 'solde_final', 'solde_credit', 'debit', 'credit', 'solde_debit', 'solde per cdt ref', 'solde fin dbt ref', 'solde fin cdt ref']
INFO:app.services.data_extractor:DataFrame shape: (166, 10)
INFO:app.services.data_extractor:DataFrame sample:
  account_code                           label  ...    solde fin dbt ref    solde fin cdt ref
0       Compte                        Intitulé  ...  Solde fin Dbt (réf)  Solde fin Cdt (réf)
1     10100000                  CAPITAL SOCIAL  ...                    0             12400000
2     10900000  ACTIONNAIRE CAPITAL NON APPELE  ...                   10                    0
3     16210000                EMPRUNT BANCAIRE  ...                    0             21100000
4     16220000                 EMPRUNT LEASING  ...                    0           1298680,66

[5 rows x 10 columns]
INFO:app.services.data_extractor:Converted column 'debit' to numeric
INFO:app.services.data_extractor:Converted column 'credit' to numeric
INFO:app.services.data_extractor:Converted column 'solde_debit' to numeric
INFO:app.services.data_extractor:Converted column 'solde_credit' to numeric
INFO:app.services.data_extractor:Converted column 'solde_final' to numeric
INFO:app.services.data_extractor:Rows before filtering: 166
INFO:app.services.data_extractor:Rows after filtering: 166
INFO:app.services.data_extractor:Sample data:
  account_code                           label  ...    solde fin dbt ref    solde fin cdt ref
0       Compte                        Intitulé  ...  Solde fin Dbt (réf)  Solde fin Cdt (réf)
1     10100000                  CAPITAL SOCIAL  ...                    0             12400000
2     10900000  ACTIONNAIRE CAPITAL NON APPELE  ...                   10                    0
3     16210000                EMPRUNT BANCAIRE  ...                    0             21100000
4     16220000                 EMPRUNT LEASING  ...                    0           1298680,66

[5 rows x 10 columns]
INFO:app.services.data_extractor:Successfully extracted 166 records
INFO:root:Upload 82: Encoding=ISO-8859-1, Delimiter=;, Columns={'compte': 'account_code', 'intitule': 'label', 'solde ant dbt ref': 'solde_final', 'solde ant cdt ref': 'solde_credit', 'debit periode ref': 'debit', 'credit periode ref': 'credit', 'solde per dbt ref': 'solde_debit', 'solde per cdt ref': 'unknown', 'solde fin dbt ref': 'unknown', 'solde fin cdt ref': 'unknown'}, Confidence_Scores={'compte': 60.1%, 'intitule': 56.4%, 'solde ant dbt ref': 55.0%, 'solde ant cdt ref': 54.6%, 'debit periode ref': 79.3%, 'credit periode ref': 70.0%, 'solde per dbt ref': 60.5%, 'solde per cdt ref': 0.0%, 'solde fin dbt ref': 0.0%, 'solde fin cdt ref': 0.0%}
INFO:app.services.upload_service:Upload 82: 165 accounts inserted. Detected columns: ['account_code', 'label', 'solde_final', 'solde_credit', 'debit', 'credit', 'solde_debit', 'solde per cdt ref', 'solde fin dbt ref', 'solde fin cdt ref']
INFO:app.services.upload_service:File saved: app/uploads\balance_2021_utf.csv
INFO:app.services.upload_service:Upload registered with ID: 83
INFO:app.services.upload_service:Starting to parse upload 83: balance_2021_utf.csv
INFO:app.utils.helpers:Successfully decoded first line with utf-8
INFO:app.utils.helpers:Detected delimiter: ';' from: {',': 0, ';': 6, '\t': 0, '|': 0}
INFO:app.utils.helpers:CSV read successfully: 106 rows, 7 columns
INFO:app.services.csv_parsing_service:Raw columns after reading CSV: ['col_0', 'col_1', 'col_2', 'col_3', 'col_4', 'col_5', 'col_6']
INFO:app.services.header_detector:Detected header at row 2: ['N°', 'Libellé écriture', 'Solde Final', '', '', '', '']
INFO:app.services.csv_parsing_service:Preparing DataFrame: normalizing column names and data...
INFO:app.services.preparation_service:Starting DataFrame preparation...
INFO:app.services.preparation_service:Normalized column names: {'N°': 'n', 'Libellé écriture': 'libelle ecriture', 'Solde Final': 'solde final', '': ''}
INFO:app.services.preparation_service:Removed empty columns. Remaining: ['n', 'libelle ecriture', 'solde final']
INFO:app.services.preparation_service:DataFrame preparation complete
INFO:app.services.csv_parsing_service:Columns after preparation: ['n', 'libelle ecriture', 'solde final']
INFO:app.services.csv_parsing_service:Starting NLP-based column classification with semantic matching...
INFO:app.services.column_classifier:Processing column: 'n' \u2192 normalized: 'n'
INFO:app.services.column_classifier:\u2713 Mapped 'n' \u2192 'account_code' (confidence: 49.0%) [semantic=11.0, fuzzy=20.0, content=18.0]
INFO:app.services.column_classifier:Processing column: 'libelle ecriture' \u2192 normalized: 'libelle ecriture'
INFO:app.services.column_classifier:\u2713 Mapped 'libelle ecriture' \u2192 'label' (confidence: 64.7%) [semantic=24.7, fuzzy=20.0, content=20.0]
INFO:app.services.column_classifier:Processing column: 'solde final' \u2192 normalized: 'solde final'
INFO:app.services.column_classifier:\u2713 Mapped 'solde final' \u2192 'solde_final' (confidence: 48.3%) [semantic=25.3, fuzzy=20.0, content=3.0]
INFO:app.services.column_classifier:Validating and boosting confidence scores using enhanced content analysis...
INFO:app.services.column_classifier:Final column mapping: {'n': 'account_code', 'libelle ecriture': 'label', 'solde final': 'solde_final'}
INFO:app.services.column_classifier:Confidence scores: [('n', '56.2%'), ('libelle ecriture', '72.7%'), ('solde final', '48.3%')]
INFO:app.services.csv_parsing_service:Column classification results with confidence:
INFO:app.services.csv_parsing_service:  'n' \u2192 'account_code' (confidence: 56.2%)
INFO:app.services.csv_parsing_service:  'libelle ecriture' \u2192 'label' (confidence: 72.7%)
INFO:app.services.csv_parsing_service:  'solde final' \u2192 'solde_final' (confidence: 48.3%)
INFO:app.services.data_extractor:Reverse mapping: {'account_code': ['n'], 'label': ['libelle ecriture'], 'solde_final': ['solde final']}
INFO:app.services.data_extractor:DataFrame columns after renaming: ['account_code', 'label', 'solde_final']
INFO:app.services.data_extractor:DataFrame shape: (106, 3)
INFO:app.services.data_extractor:DataFrame sample:
   account_code             label  solde_final
0  BALANCE 2021                               
1                                             
2            N°  Libellé écriture  Solde Final
3      10100000           CAPITAL   -1 000,000
4      11100000    RESERVE LEGALE             
INFO:app.services.data_extractor:Converted column 'solde_final' to numeric
INFO:app.services.data_extractor:Rows before filtering: 106
INFO:app.services.data_extractor:Rows after filtering: 100
INFO:app.services.data_extractor:Sample data:
   account_code               label  solde_final
0  BALANCE 2021                              NaN
2            N°    Libellé écriture          NaN
3      10100000             CAPITAL      -1000.0
4      11100000      RESERVE LEGALE          NaN
5      12100000  RESULTATS REPORTES    -150000.0
INFO:app.services.data_extractor:Successfully extracted 100 records
INFO:root:Upload 83: Encoding=UTF-8-SIG, Delimiter=;, Columns={'n': 'account_code', 'libelle ecriture': 'label', 'solde final': 'solde_final'}, Confidence_Scores={'n': 56.2%, 'libelle ecriture': 72.7%, 'solde final': 48.3%}
INFO:app.services.upload_service:Upload 83: 98 accounts inserted. Detected columns: ['account_code', 'label', 'solde_final']
INFO:app.services.upload_service:File saved: app/uploads\balance_fixed.csv
INFO:app.services.upload_service:Upload registered with ID: 84
INFO:app.services.upload_service:File saved: app/uploads\etats-financiers-Pulse-Consulting-Agency-2021 – Copie(BALANCE 2021).csv
INFO:app.services.upload_service:Upload registered with ID: 85
INFO:app.services.upload_service:File saved: app/uploads\F1773661755482_BAL(in).csv
INFO:app.services.upload_service:Upload registered with ID: 86
INFO:app.services.upload_service:Starting to parse upload 86: F1773661755482_BAL(in).csv
INFO:app.utils.helpers:Successfully decoded first line with latin1
INFO:app.utils.helpers:Detected delimiter: ';' from: {',': 0, ';': 9, '\t': 0, '|': 0}
INFO:app.utils.helpers:CSV read successfully: 166 rows, 10 columns
INFO:app.services.csv_parsing_service:Raw columns after reading CSV: ['col_0', 'col_1', 'col_2', 'col_3', 'col_4', 'col_5', 'col_6', 'col_7', 'col_8', 'col_9']
INFO:app.services.header_detector:Detected header at row 0: ['Compte', 'Intitulé', 'Solde ant Dbt (réf)', 'Solde ant Cdt (réf)', 'Débit période (réf)', 'Crédit période (réf)', 'Solde pér Dbt (réf)', 'Solde pér Cdt (réf)', 'Solde fin Dbt (réf)', 'Solde fin Cdt (réf)']
INFO:app.services.csv_parsing_service:Preparing DataFrame: normalizing column names and data...
INFO:app.services.preparation_service:Starting DataFrame preparation...
INFO:app.services.preparation_service:Normalized column names: {'Compte': 'compte', 'Intitulé': 'intitule', 'Solde ant Dbt (réf)': 'solde ant dbt ref', 'Solde ant Cdt (réf)': 'solde ant cdt ref', 'Débit période (réf)': 'debit periode ref', 'Crédit période (réf)': 'credit periode ref', 'Solde pér Dbt (réf)': 'solde per dbt ref', 'Solde pér Cdt (réf)': 'solde per cdt ref', 'Solde fin Dbt (réf)': 'solde fin dbt ref', 'Solde fin Cdt (réf)': 'solde fin cdt ref'}
INFO:app.services.preparation_service:Removed empty columns. Remaining: ['compte', 'intitule', 'solde ant dbt ref', 'solde ant cdt ref', 'debit periode ref', 'credit periode ref', 'solde per dbt ref', 'solde per cdt ref', 'solde fin dbt ref', 'solde fin cdt ref']
INFO:app.services.preparation_service:DataFrame preparation complete
INFO:app.services.csv_parsing_service:Columns after preparation: ['compte', 'intitule', 'solde ant dbt ref', 'solde ant cdt ref', 'debit periode ref', 'credit periode ref', 'solde per dbt ref', 'solde per cdt ref', 'solde fin dbt ref', 'solde fin cdt ref']
INFO:app.services.csv_parsing_service:Starting NLP-based column classification with semantic matching...
INFO:app.services.column_classifier:Processing column: 'compte' \u2192 normalized: 'compte'
INFO:app.services.semantic_classifier:Loading semantic model: sentence-transformers/all-MiniLM-L6-v2
INFO:sentence_transformers.SentenceTransformer:Use pytorch device_name: cpu
INFO:sentence_transformers.SentenceTransformer:Load pretrained SentenceTransformer: sentence-transformers/all-MiniLM-L6-v2
INFO:httpx:HTTP Request: HEAD https://huggingface.co/sentence-transformers/all-MiniLM-L6-v2/resolve/main/modules.json "HTTP/1.1 307 Temporary Redirect"
INFO:httpx:HTTP Request: HEAD https://huggingface.co/api/resolve-cache/models/sentence-transformers/all-MiniLM-L6-v2/c9745ed1d9f207416be6d2e6f8de32d1f16199bf/modules.json "HTTP/1.1 200 OK"
INFO:httpx:HTTP Request: HEAD https://huggingface.co/sentence-transformers/all-MiniLM-L6-v2/resolve/main/config_sentence_transformers.json "HTTP/1.1 307 Temporary Redirect"
INFO:httpx:HTTP Request: HEAD https://huggingface.co/api/resolve-cache/models/sentence-transformers/all-MiniLM-L6-v2/c9745ed1d9f207416be6d2e6f8de32d1f16199bf/config_sentence_transformers.json "HTTP/1.1 200 OK"
INFO:httpx:HTTP Request: HEAD https://huggingface.co/sentence-transformers/all-MiniLM-L6-v2/resolve/main/config_sentence_transformers.json "HTTP/1.1 307 Temporary Redirect"
WARNING:huggingface_hub.utils._http:Warning: You are sending unauthenticated requests to the HF Hub. Please set a HF_TOKEN to enable higher rate limits and faster downloads.
INFO:httpx:HTTP Request: HEAD https://huggingface.co/api/resolve-cache/models/sentence-transformers/all-MiniLM-L6-v2/c9745ed1d9f207416be6d2e6f8de32d1f16199bf/config_sentence_transformers.json "HTTP/1.1 200 OK"
INFO:httpx:HTTP Request: HEAD https://huggingface.co/sentence-transformers/all-MiniLM-L6-v2/resolve/main/README.md "HTTP/1.1 307 Temporary Redirect"
INFO:httpx:HTTP Request: HEAD https://huggingface.co/api/resolve-cache/models/sentence-transformers/all-MiniLM-L6-v2/c9745ed1d9f207416be6d2e6f8de32d1f16199bf/README.md "HTTP/1.1 200 OK"
INFO:httpx:HTTP Request: HEAD https://huggingface.co/sentence-transformers/all-MiniLM-L6-v2/resolve/main/modules.json "HTTP/1.1 307 Temporary Redirect"
INFO:httpx:HTTP Request: HEAD https://huggingface.co/api/resolve-cache/models/sentence-transformers/all-MiniLM-L6-v2/c9745ed1d9f207416be6d2e6f8de32d1f16199bf/modules.json "HTTP/1.1 200 OK"
INFO:httpx:HTTP Request: HEAD https://huggingface.co/sentence-transformers/all-MiniLM-L6-v2/resolve/main/sentence_bert_config.json "HTTP/1.1 307 Temporary Redirect"
INFO:httpx:HTTP Request: HEAD https://huggingface.co/api/resolve-cache/models/sentence-transformers/all-MiniLM-L6-v2/c9745ed1d9f207416be6d2e6f8de32d1f16199bf/sentence_bert_config.json "HTTP/1.1 200 OK"
INFO:httpx:HTTP Request: HEAD https://huggingface.co/sentence-transformers/all-MiniLM-L6-v2/resolve/main/adapter_config.json "HTTP/1.1 404 Not Found"
INFO:httpx:HTTP Request: HEAD https://huggingface.co/sentence-transformers/all-MiniLM-L6-v2/resolve/main/config.json "HTTP/1.1 307 Temporary Redirect"
INFO:httpx:HTTP Request: HEAD https://huggingface.co/api/resolve-cache/models/sentence-transformers/all-MiniLM-L6-v2/c9745ed1d9f207416be6d2e6f8de32d1f16199bf/config.json "HTTP/1.1 200 OK"
INFO:httpx:HTTP Request: HEAD https://huggingface.co/sentence-transformers/all-MiniLM-L6-v2/resolve/main/config.json "HTTP/1.1 307 Temporary Redirect"
INFO:httpx:HTTP Request: HEAD https://huggingface.co/api/resolve-cache/models/sentence-transformers/all-MiniLM-L6-v2/c9745ed1d9f207416be6d2e6f8de32d1f16199bf/config.json "HTTP/1.1 200 OK"
INFO:httpx:HTTP Request: HEAD https://huggingface.co/sentence-transformers/all-MiniLM-L6-v2/resolve/main/tokenizer_config.json "HTTP/1.1 307 Temporary Redirect"
INFO:httpx:HTTP Request: HEAD https://huggingface.co/api/resolve-cache/models/sentence-transformers/all-MiniLM-L6-v2/c9745ed1d9f207416be6d2e6f8de32d1f16199bf/tokenizer_config.json "HTTP/1.1 200 OK"
INFO:httpx:HTTP Request: GET https://huggingface.co/api/models/sentence-transformers/all-MiniLM-L6-v2/tree/main/additional_chat_templates?recursive=false&expand=false "HTTP/1.1 404 Not Found"
INFO:httpx:HTTP Request: GET https://huggingface.co/api/models/sentence-transformers/all-MiniLM-L6-v2/tree/main?recursive=true&expand=false "HTTP/1.1 200 OK"
INFO:httpx:HTTP Request: HEAD https://huggingface.co/sentence-transformers/all-MiniLM-L6-v2/resolve/main/1_Pooling/config.json "HTTP/1.1 307 Temporary Redirect"
INFO:httpx:HTTP Request: HEAD https://huggingface.co/api/resolve-cache/models/sentence-transformers/all-MiniLM-L6-v2/c9745ed1d9f207416be6d2e6f8de32d1f16199bf/1_Pooling%2Fconfig.json "HTTP/1.1 200 OK"
INFO:httpx:HTTP Request: GET https://huggingface.co/api/models/sentence-transformers/all-MiniLM-L6-v2 "HTTP/1.1 200 OK"
INFO:app.services.semantic_classifier:Semantic model loaded successfully
INFO:app.services.column_classifier:\u2713 Mapped 'compte' \u2192 'account_code' (confidence: 42.0%) [semantic=0.0, fuzzy=30.0, content=12.0]
INFO:app.services.column_classifier:Processing column: 'intitule' \u2192 normalized: 'intitule'
INFO:app.services.column_classifier:\u2713 Mapped 'intitule' \u2192 'label' (confidence: 45.0%) [semantic=0.0, fuzzy=30.0, content=15.0]
INFO:app.services.column_classifier:Processing column: 'solde ant dbt ref' \u2192 normalized: 'solde ant dbt ref'
INFO:app.services.column_classifier:\u2713 Mapped 'solde ant dbt ref' \u2192 'opening_debit' (confidence: 46.8%) [semantic=5.7, fuzzy=26.1, content=15.0]
INFO:app.services.column_classifier:Processing column: 'solde ant cdt ref' \u2192 normalized: 'solde ant cdt ref'
INFO:app.services.column_classifier:\u2713 Mapped 'solde ant cdt ref' \u2192 'opening_credit' (confidence: 46.7%) [semantic=5.6, fuzzy=26.1, content=15.0]
INFO:app.services.column_classifier:Processing column: 'debit periode ref' \u2192 normalized: 'debit periode ref'
INFO:app.services.column_classifier:\u2713 Mapped 'debit periode ref' \u2192 'solde_debit' (confidence: 69.9%) [semantic=32.8, fuzzy=17.1, content=20.0]
INFO:app.services.column_classifier:Processing column: 'credit periode ref' \u2192 normalized: 'credit periode ref'
INFO:app.services.column_classifier:\u2713 Mapped 'credit periode ref' \u2192 'solde_credit' (confidence: 59.1%) [semantic=24.6, fuzzy=16.5, content=18.0]
INFO:app.services.column_classifier:Processing column: 'solde per dbt ref' \u2192 normalized: 'solde per dbt ref'
INFO:app.services.column_classifier:\u2713 Mapped 'solde per dbt ref' \u2192 'solde_final' (confidence: 47.5%) [semantic=12.5, fuzzy=15.0, content=20.0]
INFO:app.services.column_classifier:Processing column: 'solde per cdt ref' \u2192 normalized: 'solde per cdt ref'
INFO:app.services.column_classifier:\u2713 Mapped 'solde per cdt ref' \u2192 'solde_final_credit' (confidence: 40.0%) [semantic=4.9, fuzzy=20.1, content=15.0]
INFO:app.services.column_classifier:Processing column: 'solde fin dbt ref' \u2192 normalized: 'solde fin dbt ref'
INFO:app.services.column_classifier:\u2713 Mapped 'solde fin dbt ref' \u2192 'solde_final_debit' (confidence: 54.7%) [semantic=8.6, fuzzy=26.1, content=20.0]
INFO:app.services.column_classifier:Processing column: 'solde fin cdt ref' \u2192 normalized: 'solde fin cdt ref'
INFO:app.services.column_classifier:\u2713 Mapped 'solde fin cdt ref' \u2192 'debit' (confidence: 31.2%) [semantic=5.4, fuzzy=10.8, content=15.0]
INFO:app.services.column_classifier:Validating and boosting confidence scores using content analysis...
INFO:app.services.column_classifier:Final column mapping: {'compte': 'account_code', 'intitule': 'label', 'solde ant dbt ref': 'opening_debit', 'solde ant cdt ref': 'opening_credit', 'debit periode ref': 'solde_debit', 'credit periode ref': 'solde_credit', 'solde per dbt ref': 'solde_final', 'solde per cdt ref': 'solde_final_credit', 'solde fin dbt ref': 'solde_final_debit', 'solde fin cdt ref': 'debit'}
INFO:app.services.column_classifier:Confidence scores: [('compte', '42.0%'), ('intitule', '48.8%'), ('solde ant dbt ref', '50.5%'), ('solde ant cdt ref', '50.5%'), ('debit periode ref', '74.9%'), ('credit periode ref', '63.6%'), ('solde per dbt ref', '52.5%'), ('solde per cdt ref', '43.7%'), ('solde fin dbt ref', '59.7%'), ('solde fin cdt ref', '34.9%')]
INFO:app.services.csv_parsing_service:Column classification results with confidence:
INFO:app.services.csv_parsing_service:  'compte' \u2192 'account_code' (confidence: 42.0%)
INFO:app.services.csv_parsing_service:  'intitule' \u2192 'label' (confidence: 48.8%)
INFO:app.services.csv_parsing_service:  'solde ant dbt ref' \u2192 'opening_debit' (confidence: 50.5%)
INFO:app.services.csv_parsing_service:  'solde ant cdt ref' \u2192 'opening_credit' (confidence: 50.5%)
INFO:app.services.csv_parsing_service:  'debit periode ref' \u2192 'solde_debit' (confidence: 74.9%)
INFO:app.services.csv_parsing_service:  'credit periode ref' \u2192 'solde_credit' (confidence: 63.6%)
INFO:app.services.csv_parsing_service:  'solde per dbt ref' \u2192 'solde_final' (confidence: 52.5%)
INFO:app.services.csv_parsing_service:  'solde per cdt ref' \u2192 'solde_final_credit' (confidence: 43.7%)
INFO:app.services.csv_parsing_service:  'solde fin dbt ref' \u2192 'solde_final_debit' (confidence: 59.7%)
INFO:app.services.csv_parsing_service:  'solde fin cdt ref' \u2192 'debit' (confidence: 34.9%)
INFO:app.services.data_extractor:Reverse mapping: {'account_code': ['compte'], 'label': ['intitule'], 'opening_debit': ['solde ant dbt ref'], 'opening_credit': ['solde ant cdt ref'], 'solde_debit': ['debit periode ref'], 'solde_credit': ['credit periode ref'], 'solde_final': ['solde per dbt ref'], 'solde_final_credit': ['solde per cdt ref'], 'solde_final_debit': ['solde fin dbt ref'], 'debit': ['solde fin cdt ref']}
INFO:app.services.data_extractor:DataFrame columns after renaming: ['account_code', 'label', 'opening_debit', 'opening_credit', 'solde_debit', 'solde_credit', 'solde_final', 'solde_final_credit', 'solde_final_debit', 'debit']
INFO:app.services.data_extractor:DataFrame shape: (166, 10)
INFO:app.services.data_extractor:DataFrame sample:
  account_code                           label  ...    solde_final_debit                debit
0       Compte                        Intitulé  ...  Solde fin Dbt (réf)  Solde fin Cdt (réf)
1     10100000                  CAPITAL SOCIAL  ...                    0             12400000
2     10900000  ACTIONNAIRE CAPITAL NON APPELE  ...                   10                    0
3     16210000                EMPRUNT BANCAIRE  ...                    0             21100000
4     16220000                 EMPRUNT LEASING  ...                    0           1298680,66

[5 rows x 10 columns]
INFO:app.services.data_extractor:Converted column 'debit' to numeric
INFO:app.services.data_extractor:Converted column 'solde_debit' to numeric
INFO:app.services.data_extractor:Converted column 'solde_credit' to numeric
INFO:app.services.data_extractor:Converted column 'solde_final' to numeric
INFO:app.services.data_extractor:Rows before filtering: 166
INFO:app.services.data_extractor:Rows after filtering: 166
INFO:app.services.data_extractor:Sample data:
  account_code                           label  ...    solde_final_debit        debit
0       Compte                        Intitulé  ...  Solde fin Dbt (réf)          NaN
1     10100000                  CAPITAL SOCIAL  ...                    0  12400000.00
2     10900000  ACTIONNAIRE CAPITAL NON APPELE  ...                   10         0.00
3     16210000                EMPRUNT BANCAIRE  ...                    0  21100000.00
4     16220000                 EMPRUNT LEASING  ...                    0   1298680.66

[5 rows x 10 columns]
INFO:app.services.data_extractor:Successfully extracted 166 records
INFO:root:Upload 86: Encoding=ISO-8859-1, Delimiter=;, Columns={'compte': 'account_code', 'intitule': 'label', 'solde ant dbt ref': 'opening_debit', 'solde ant cdt ref': 'opening_credit', 'debit periode ref': 'solde_debit', 'credit periode ref': 'solde_credit', 'solde per dbt ref': 'solde_final', 'solde per cdt ref': 'solde_final_credit', 'solde fin dbt ref': 'solde_final_debit', 'solde fin cdt ref': 'debit'}, Confidence_Scores={'compte': 42.0%, 'intitule': 48.8%, 'solde ant dbt ref': 50.5%, 'solde ant cdt ref': 50.5%, 'debit periode ref': 74.9%, 'credit periode ref': 63.6%, 'solde per dbt ref': 52.5%, 'solde per cdt ref': 43.7%, 'solde fin dbt ref': 59.7%, 'solde fin cdt ref': 34.9%}
INFO:app.services.upload_service:Upload 86: 165 accounts inserted. Detected columns: ['account_code', 'label', 'opening_debit', 'opening_credit', 'solde_debit', 'solde_credit', 'solde_final', 'solde_final_credit', 'solde_final_debit', 'debit']
INFO:app.services.upload_service:File saved: app/uploads\F1773661755482_BAL(in).csv
INFO:app.services.upload_service:Upload registered with ID: 87
INFO:app.services.upload_service:Starting to parse upload 87: F1773661755482_BAL(in).csv
INFO:app.utils.helpers:Successfully decoded first line with latin1
INFO:app.utils.helpers:Detected delimiter: ';' from: {',': 0, ';': 9, '\t': 0, '|': 0}
INFO:app.utils.helpers:CSV read successfully: 166 rows, 10 columns
INFO:app.services.csv_parsing_service:Raw columns after reading CSV: ['col_0', 'col_1', 'col_2', 'col_3', 'col_4', 'col_5', 'col_6', 'col_7', 'col_8', 'col_9']
INFO:app.services.header_detector:Detected header at row 0: ['Compte', 'Intitulé', 'Solde ant Dbt (réf)', 'Solde ant Cdt (réf)', 'Débit période (réf)', 'Crédit période (réf)', 'Solde pér Dbt (réf)', 'Solde pér Cdt (réf)', 'Solde fin Dbt (réf)', 'Solde fin Cdt (réf)']
INFO:app.services.csv_parsing_service:Preparing DataFrame: normalizing column names and data...
INFO:app.services.preparation_service:Starting DataFrame preparation...
INFO:app.services.preparation_service:Normalized column names: {'Compte': 'compte', 'Intitulé': 'intitule', 'Solde ant Dbt (réf)': 'solde ant dbt ref', 'Solde ant Cdt (réf)': 'solde ant cdt ref', 'Débit période (réf)': 'debit periode ref', 'Crédit période (réf)': 'credit periode ref', 'Solde pér Dbt (réf)': 'solde per dbt ref', 'Solde pér Cdt (réf)': 'solde per cdt ref', 'Solde fin Dbt (réf)': 'solde fin dbt ref', 'Solde fin Cdt (réf)': 'solde fin cdt ref'}
INFO:app.services.preparation_service:Removed empty columns. Remaining: ['compte', 'intitule', 'solde ant dbt ref', 'solde ant cdt ref', 'debit periode ref', 'credit periode ref', 'solde per dbt ref', 'solde per cdt ref', 'solde fin dbt ref', 'solde fin cdt ref']
INFO:app.services.preparation_service:DataFrame preparation complete
INFO:app.services.csv_parsing_service:Columns after preparation: ['compte', 'intitule', 'solde ant dbt ref', 'solde ant cdt ref', 'debit periode ref', 'credit periode ref', 'solde per dbt ref', 'solde per cdt ref', 'solde fin dbt ref', 'solde fin cdt ref']
INFO:app.services.csv_parsing_service:Starting NLP-based column classification with semantic matching...
INFO:app.services.column_classifier:Processing column: 'compte' \u2192 normalized: 'compte'
INFO:app.services.semantic_classifier:Loading semantic model: sentence-transformers/all-MiniLM-L6-v2
INFO:sentence_transformers.SentenceTransformer:Use pytorch device_name: cpu
INFO:sentence_transformers.SentenceTransformer:Load pretrained SentenceTransformer: sentence-transformers/all-MiniLM-L6-v2
INFO:httpx:HTTP Request: HEAD https://huggingface.co/sentence-transformers/all-MiniLM-L6-v2/resolve/main/modules.json "HTTP/1.1 307 Temporary Redirect"
INFO:httpx:HTTP Request: HEAD https://huggingface.co/api/resolve-cache/models/sentence-transformers/all-MiniLM-L6-v2/c9745ed1d9f207416be6d2e6f8de32d1f16199bf/modules.json "HTTP/1.1 200 OK"
INFO:httpx:HTTP Request: HEAD https://huggingface.co/sentence-transformers/all-MiniLM-L6-v2/resolve/main/config_sentence_transformers.json "HTTP/1.1 307 Temporary Redirect"
INFO:httpx:HTTP Request: HEAD https://huggingface.co/api/resolve-cache/models/sentence-transformers/all-MiniLM-L6-v2/c9745ed1d9f207416be6d2e6f8de32d1f16199bf/config_sentence_transformers.json "HTTP/1.1 200 OK"
INFO:httpx:HTTP Request: HEAD https://huggingface.co/sentence-transformers/all-MiniLM-L6-v2/resolve/main/config_sentence_transformers.json "HTTP/1.1 307 Temporary Redirect"
WARNING:huggingface_hub.utils._http:Warning: You are sending unauthenticated requests to the HF Hub. Please set a HF_TOKEN to enable higher rate limits and faster downloads.
INFO:httpx:HTTP Request: HEAD https://huggingface.co/api/resolve-cache/models/sentence-transformers/all-MiniLM-L6-v2/c9745ed1d9f207416be6d2e6f8de32d1f16199bf/config_sentence_transformers.json "HTTP/1.1 200 OK"
INFO:httpx:HTTP Request: HEAD https://huggingface.co/sentence-transformers/all-MiniLM-L6-v2/resolve/main/README.md "HTTP/1.1 307 Temporary Redirect"
INFO:httpx:HTTP Request: HEAD https://huggingface.co/api/resolve-cache/models/sentence-transformers/all-MiniLM-L6-v2/c9745ed1d9f207416be6d2e6f8de32d1f16199bf/README.md "HTTP/1.1 200 OK"
INFO:httpx:HTTP Request: HEAD https://huggingface.co/sentence-transformers/all-MiniLM-L6-v2/resolve/main/modules.json "HTTP/1.1 307 Temporary Redirect"
INFO:httpx:HTTP Request: HEAD https://huggingface.co/api/resolve-cache/models/sentence-transformers/all-MiniLM-L6-v2/c9745ed1d9f207416be6d2e6f8de32d1f16199bf/modules.json "HTTP/1.1 200 OK"
INFO:httpx:HTTP Request: HEAD https://huggingface.co/sentence-transformers/all-MiniLM-L6-v2/resolve/main/sentence_bert_config.json "HTTP/1.1 307 Temporary Redirect"
INFO:httpx:HTTP Request: HEAD https://huggingface.co/api/resolve-cache/models/sentence-transformers/all-MiniLM-L6-v2/c9745ed1d9f207416be6d2e6f8de32d1f16199bf/sentence_bert_config.json "HTTP/1.1 200 OK"
INFO:httpx:HTTP Request: HEAD https://huggingface.co/sentence-transformers/all-MiniLM-L6-v2/resolve/main/adapter_config.json "HTTP/1.1 404 Not Found"
INFO:httpx:HTTP Request: HEAD https://huggingface.co/sentence-transformers/all-MiniLM-L6-v2/resolve/main/config.json "HTTP/1.1 307 Temporary Redirect"
INFO:httpx:HTTP Request: HEAD https://huggingface.co/api/resolve-cache/models/sentence-transformers/all-MiniLM-L6-v2/c9745ed1d9f207416be6d2e6f8de32d1f16199bf/config.json "HTTP/1.1 200 OK"
INFO:httpx:HTTP Request: HEAD https://huggingface.co/sentence-transformers/all-MiniLM-L6-v2/resolve/main/config.json "HTTP/1.1 307 Temporary Redirect"
INFO:httpx:HTTP Request: HEAD https://huggingface.co/api/resolve-cache/models/sentence-transformers/all-MiniLM-L6-v2/c9745ed1d9f207416be6d2e6f8de32d1f16199bf/config.json "HTTP/1.1 200 OK"
INFO:httpx:HTTP Request: HEAD https://huggingface.co/sentence-transformers/all-MiniLM-L6-v2/resolve/main/tokenizer_config.json "HTTP/1.1 307 Temporary Redirect"
INFO:httpx:HTTP Request: HEAD https://huggingface.co/api/resolve-cache/models/sentence-transformers/all-MiniLM-L6-v2/c9745ed1d9f207416be6d2e6f8de32d1f16199bf/tokenizer_config.json "HTTP/1.1 200 OK"
INFO:httpx:HTTP Request: GET https://huggingface.co/api/models/sentence-transformers/all-MiniLM-L6-v2/tree/main/additional_chat_templates?recursive=false&expand=false "HTTP/1.1 404 Not Found"
INFO:httpx:HTTP Request: GET https://huggingface.co/api/models/sentence-transformers/all-MiniLM-L6-v2/tree/main?recursive=true&expand=false "HTTP/1.1 200 OK"
INFO:httpx:HTTP Request: HEAD https://huggingface.co/sentence-transformers/all-MiniLM-L6-v2/resolve/main/1_Pooling/config.json "HTTP/1.1 307 Temporary Redirect"
INFO:httpx:HTTP Request: HEAD https://huggingface.co/api/resolve-cache/models/sentence-transformers/all-MiniLM-L6-v2/c9745ed1d9f207416be6d2e6f8de32d1f16199bf/1_Pooling%2Fconfig.json "HTTP/1.1 200 OK"
INFO:httpx:HTTP Request: GET https://huggingface.co/api/models/sentence-transformers/all-MiniLM-L6-v2 "HTTP/1.1 200 OK"
INFO:app.services.semantic_classifier:Semantic model loaded successfully
INFO:app.services.column_classifier:\u2713 Mapped 'compte' \u2192 'account_code' (confidence: 42.0%) [semantic=0.0, fuzzy=30.0, content=12.0]
INFO:app.services.column_classifier:Processing column: 'intitule' \u2192 normalized: 'intitule'
INFO:app.services.column_classifier:\u2713 Mapped 'intitule' \u2192 'label' (confidence: 45.0%) [semantic=0.0, fuzzy=30.0, content=15.0]
INFO:app.services.column_classifier:Processing column: 'solde ant dbt ref' \u2192 normalized: 'solde ant dbt ref'
INFO:app.services.column_classifier:\u2713 Mapped 'solde ant dbt ref' \u2192 'opening_debit' (confidence: 46.8%) [semantic=5.7, fuzzy=26.1, content=15.0]
INFO:app.services.column_classifier:Processing column: 'solde ant cdt ref' \u2192 normalized: 'solde ant cdt ref'
INFO:app.services.column_classifier:\u2713 Mapped 'solde ant cdt ref' \u2192 'opening_credit' (confidence: 46.7%) [semantic=5.6, fuzzy=26.1, content=15.0]
INFO:app.services.column_classifier:Processing column: 'debit periode ref' \u2192 normalized: 'debit periode ref'
INFO:app.services.column_classifier:\u2713 Mapped 'debit periode ref' \u2192 'solde_debit' (confidence: 69.9%) [semantic=32.8, fuzzy=17.1, content=20.0]
INFO:app.services.column_classifier:Processing column: 'credit periode ref' \u2192 normalized: 'credit periode ref'
INFO:app.services.column_classifier:\u2713 Mapped 'credit periode ref' \u2192 'solde_credit' (confidence: 59.1%) [semantic=24.6, fuzzy=16.5, content=18.0]
INFO:app.services.column_classifier:Processing column: 'solde per dbt ref' \u2192 normalized: 'solde per dbt ref'
INFO:app.services.column_classifier:\u2713 Mapped 'solde per dbt ref' \u2192 'solde_final' (confidence: 47.5%) [semantic=12.5, fuzzy=15.0, content=20.0]
INFO:app.services.column_classifier:Processing column: 'solde per cdt ref' \u2192 normalized: 'solde per cdt ref'
INFO:app.services.column_classifier:\u2713 Mapped 'solde per cdt ref' \u2192 'solde_final_credit' (confidence: 40.0%) [semantic=4.9, fuzzy=20.1, content=15.0]
INFO:app.services.column_classifier:Processing column: 'solde fin dbt ref' \u2192 normalized: 'solde fin dbt ref'
INFO:app.services.column_classifier:\u2713 Mapped 'solde fin dbt ref' \u2192 'solde_final_debit' (confidence: 54.7%) [semantic=8.6, fuzzy=26.1, content=20.0]
INFO:app.services.column_classifier:Processing column: 'solde fin cdt ref' \u2192 normalized: 'solde fin cdt ref'
INFO:app.services.column_classifier:\u2713 Mapped 'solde fin cdt ref' \u2192 'debit' (confidence: 31.2%) [semantic=5.4, fuzzy=10.8, content=15.0]
INFO:app.services.column_classifier:Validating and boosting confidence scores using content analysis...
INFO:app.services.column_classifier:Final column mapping: {'compte': 'account_code', 'intitule': 'label', 'solde ant dbt ref': 'opening_debit', 'solde ant cdt ref': 'opening_credit', 'debit periode ref': 'solde_debit', 'credit periode ref': 'solde_credit', 'solde per dbt ref': 'solde_final', 'solde per cdt ref': 'solde_final_credit', 'solde fin dbt ref': 'solde_final_debit', 'solde fin cdt ref': 'debit'}
INFO:app.services.column_classifier:Confidence scores: [('compte', '42.0%'), ('intitule', '48.8%'), ('solde ant dbt ref', '50.5%'), ('solde ant cdt ref', '50.5%'), ('debit periode ref', '74.9%'), ('credit periode ref', '63.6%'), ('solde per dbt ref', '52.5%'), ('solde per cdt ref', '43.7%'), ('solde fin dbt ref', '59.7%'), ('solde fin cdt ref', '34.9%')]
INFO:app.services.csv_parsing_service:Column classification results with confidence:
INFO:app.services.csv_parsing_service:  'compte' \u2192 'account_code' (confidence: 42.0%)
INFO:app.services.csv_parsing_service:  'intitule' \u2192 'label' (confidence: 48.8%)
INFO:app.services.csv_parsing_service:  'solde ant dbt ref' \u2192 'opening_debit' (confidence: 50.5%)
INFO:app.services.csv_parsing_service:  'solde ant cdt ref' \u2192 'opening_credit' (confidence: 50.5%)
INFO:app.services.csv_parsing_service:  'debit periode ref' \u2192 'solde_debit' (confidence: 74.9%)
INFO:app.services.csv_parsing_service:  'credit periode ref' \u2192 'solde_credit' (confidence: 63.6%)
INFO:app.services.csv_parsing_service:  'solde per dbt ref' \u2192 'solde_final' (confidence: 52.5%)
INFO:app.services.csv_parsing_service:  'solde per cdt ref' \u2192 'solde_final_credit' (confidence: 43.7%)
INFO:app.services.csv_parsing_service:  'solde fin dbt ref' \u2192 'solde_final_debit' (confidence: 59.7%)
INFO:app.services.csv_parsing_service:  'solde fin cdt ref' \u2192 'debit' (confidence: 34.9%)
INFO:app.services.data_extractor:Reverse mapping: {'account_code': ['compte'], 'label': ['intitule'], 'opening_debit': ['solde ant dbt ref'], 'opening_credit': ['solde ant cdt ref'], 'solde_debit': ['debit periode ref'], 'solde_credit': ['credit periode ref'], 'solde_final': ['solde per dbt ref'], 'solde_final_credit': ['solde per cdt ref'], 'solde_final_debit': ['solde fin dbt ref'], 'debit': ['solde fin cdt ref']}
INFO:app.services.data_extractor:Rename dict (respecting column order): {'compte': 'account_code', 'intitule': 'label', 'solde ant dbt ref': 'opening_debit', 'solde ant cdt ref': 'opening_credit', 'debit periode ref': 'solde_debit', 'credit periode ref': 'solde_credit', 'solde per dbt ref': 'solde_final', 'solde per cdt ref': 'solde_final_credit', 'solde fin dbt ref': 'solde_final_debit', 'solde fin cdt ref': 'debit'}
INFO:app.services.data_extractor:DataFrame columns after renaming: ['account_code', 'label', 'opening_debit', 'opening_credit', 'solde_debit', 'solde_credit', 'solde_final', 'solde_final_credit', 'solde_final_debit', 'debit']
INFO:app.services.data_extractor:DataFrame shape: (166, 10)
INFO:app.services.data_extractor:DataFrame sample:
  account_code                           label  ...    solde_final_debit                debit
0       Compte                        Intitulé  ...  Solde fin Dbt (réf)  Solde fin Cdt (réf)
1     10100000                  CAPITAL SOCIAL  ...                    0             12400000
2     10900000  ACTIONNAIRE CAPITAL NON APPELE  ...                   10                    0
3     16210000                EMPRUNT BANCAIRE  ...                    0             21100000
4     16220000                 EMPRUNT LEASING  ...                    0           1298680,66

[5 rows x 10 columns]
INFO:app.services.data_extractor:Converted column 'debit' to numeric
INFO:app.services.data_extractor:Converted column 'solde_debit' to numeric
INFO:app.services.data_extractor:Converted column 'solde_credit' to numeric
INFO:app.services.data_extractor:Converted column 'solde_final' to numeric
INFO:app.services.data_extractor:Converted column 'opening_debit' to numeric
INFO:app.services.data_extractor:Converted column 'opening_credit' to numeric
INFO:app.services.data_extractor:Converted column 'solde_final_debit' to numeric
INFO:app.services.data_extractor:Converted column 'solde_final_credit' to numeric
INFO:app.services.data_extractor:Rows before filtering: 166
INFO:app.services.data_extractor:Rows after filtering: 166
INFO:app.services.data_extractor:Sample data:
  account_code                           label  opening_debit  ...  solde_final_credit  solde_final_debit        debit
0       Compte                        Intitulé            NaN  ...                 NaN                NaN          NaN
1     10100000                  CAPITAL SOCIAL            0.0  ...         12400000.00                0.0  12400000.00
2     10900000  ACTIONNAIRE CAPITAL NON APPELE            0.0  ...                0.00               10.0         0.00
3     16210000                EMPRUNT BANCAIRE            0.0  ...         21100000.00                0.0  21100000.00
4     16220000                 EMPRUNT LEASING            0.0  ...          1298680.66                0.0   1298680.66

[5 rows x 10 columns]
INFO:app.services.data_extractor:Successfully extracted 166 records
INFO:root:Upload 87: Encoding=ISO-8859-1, Delimiter=;, Columns={'compte': 'account_code', 'intitule': 'label', 'solde ant dbt ref': 'opening_debit', 'solde ant cdt ref': 'opening_credit', 'debit periode ref': 'solde_debit', 'credit periode ref': 'solde_credit', 'solde per dbt ref': 'solde_final', 'solde per cdt ref': 'solde_final_credit', 'solde fin dbt ref': 'solde_final_debit', 'solde fin cdt ref': 'debit'}, Confidence_Scores={'compte': 42.0%, 'intitule': 48.8%, 'solde ant dbt ref': 50.5%, 'solde ant cdt ref': 50.5%, 'debit periode ref': 74.9%, 'credit periode ref': 63.6%, 'solde per dbt ref': 52.5%, 'solde per cdt ref': 43.7%, 'solde fin dbt ref': 59.7%, 'solde fin cdt ref': 34.9%}
INFO:app.services.upload_service:Upload 87: 165 accounts inserted. Detected columns: ['account_code', 'label', 'opening_debit', 'opening_credit', 'solde_debit', 'solde_credit', 'solde_final', 'solde_final_credit', 'solde_final_debit', 'debit']
INFO:app.services.upload_service:File saved: app/uploads\F1773661755482_BAL(in).csv
INFO:app.services.upload_service:Upload registered with ID: 88
INFO:app.services.upload_service:Starting to parse upload 88: F1773661755482_BAL(in).csv
INFO:app.utils.helpers:Successfully decoded first line with latin1
INFO:app.utils.helpers:Detected delimiter: ';' from: {',': 0, ';': 9, '\t': 0, '|': 0}
INFO:app.utils.helpers:CSV read successfully: 166 rows, 10 columns
INFO:app.services.csv_parsing_service:Raw columns after reading CSV: ['col_0', 'col_1', 'col_2', 'col_3', 'col_4', 'col_5', 'col_6', 'col_7', 'col_8', 'col_9']
INFO:app.services.header_detector:Detected header at row 0: ['Compte', 'Intitulé', 'Solde ant Dbt (réf)', 'Solde ant Cdt (réf)', 'Débit période (réf)', 'Crédit période (réf)', 'Solde pér Dbt (réf)', 'Solde pér Cdt (réf)', 'Solde fin Dbt (réf)', 'Solde fin Cdt (réf)']
INFO:app.services.csv_parsing_service:Preparing DataFrame: normalizing column names and data...
INFO:app.services.preparation_service:Starting DataFrame preparation...
INFO:app.services.preparation_service:Normalized column names: {'Compte': 'compte', 'Intitulé': 'intitule', 'Solde ant Dbt (réf)': 'solde ant dbt ref', 'Solde ant Cdt (réf)': 'solde ant cdt ref', 'Débit période (réf)': 'debit periode ref', 'Crédit période (réf)': 'credit periode ref', 'Solde pér Dbt (réf)': 'solde per dbt ref', 'Solde pér Cdt (réf)': 'solde per cdt ref', 'Solde fin Dbt (réf)': 'solde fin dbt ref', 'Solde fin Cdt (réf)': 'solde fin cdt ref'}
INFO:app.services.preparation_service:Removed empty columns. Remaining: ['compte', 'intitule', 'solde ant dbt ref', 'solde ant cdt ref', 'debit periode ref', 'credit periode ref', 'solde per dbt ref', 'solde per cdt ref', 'solde fin dbt ref', 'solde fin cdt ref']
INFO:app.services.preparation_service:DataFrame preparation complete
INFO:app.services.csv_parsing_service:Columns after preparation: ['compte', 'intitule', 'solde ant dbt ref', 'solde ant cdt ref', 'debit periode ref', 'credit periode ref', 'solde per dbt ref', 'solde per cdt ref', 'solde fin dbt ref', 'solde fin cdt ref']
INFO:app.services.csv_parsing_service:Starting NLP-based column classification with semantic matching...
INFO:app.services.column_classifier:Processing column: 'compte' \u2192 normalized: 'compte'
INFO:app.services.semantic_classifier:Loading semantic model: sentence-transformers/all-MiniLM-L6-v2
INFO:sentence_transformers.SentenceTransformer:Use pytorch device_name: cpu
INFO:sentence_transformers.SentenceTransformer:Load pretrained SentenceTransformer: sentence-transformers/all-MiniLM-L6-v2
INFO:httpx:HTTP Request: HEAD https://huggingface.co/sentence-transformers/all-MiniLM-L6-v2/resolve/main/modules.json "HTTP/1.1 307 Temporary Redirect"
INFO:httpx:HTTP Request: HEAD https://huggingface.co/api/resolve-cache/models/sentence-transformers/all-MiniLM-L6-v2/c9745ed1d9f207416be6d2e6f8de32d1f16199bf/modules.json "HTTP/1.1 200 OK"
INFO:httpx:HTTP Request: HEAD https://huggingface.co/sentence-transformers/all-MiniLM-L6-v2/resolve/main/config_sentence_transformers.json "HTTP/1.1 307 Temporary Redirect"
WARNING:huggingface_hub.utils._http:Warning: You are sending unauthenticated requests to the HF Hub. Please set a HF_TOKEN to enable higher rate limits and faster downloads.
INFO:httpx:HTTP Request: HEAD https://huggingface.co/api/resolve-cache/models/sentence-transformers/all-MiniLM-L6-v2/c9745ed1d9f207416be6d2e6f8de32d1f16199bf/config_sentence_transformers.json "HTTP/1.1 200 OK"
INFO:httpx:HTTP Request: HEAD https://huggingface.co/sentence-transformers/all-MiniLM-L6-v2/resolve/main/config_sentence_transformers.json "HTTP/1.1 307 Temporary Redirect"
INFO:httpx:HTTP Request: HEAD https://huggingface.co/api/resolve-cache/models/sentence-transformers/all-MiniLM-L6-v2/c9745ed1d9f207416be6d2e6f8de32d1f16199bf/config_sentence_transformers.json "HTTP/1.1 200 OK"
INFO:httpx:HTTP Request: HEAD https://huggingface.co/sentence-transformers/all-MiniLM-L6-v2/resolve/main/README.md "HTTP/1.1 307 Temporary Redirect"
INFO:httpx:HTTP Request: HEAD https://huggingface.co/api/resolve-cache/models/sentence-transformers/all-MiniLM-L6-v2/c9745ed1d9f207416be6d2e6f8de32d1f16199bf/README.md "HTTP/1.1 200 OK"
INFO:httpx:HTTP Request: HEAD https://huggingface.co/sentence-transformers/all-MiniLM-L6-v2/resolve/main/modules.json "HTTP/1.1 307 Temporary Redirect"
INFO:httpx:HTTP Request: HEAD https://huggingface.co/api/resolve-cache/models/sentence-transformers/all-MiniLM-L6-v2/c9745ed1d9f207416be6d2e6f8de32d1f16199bf/modules.json "HTTP/1.1 200 OK"
INFO:httpx:HTTP Request: HEAD https://huggingface.co/sentence-transformers/all-MiniLM-L6-v2/resolve/main/sentence_bert_config.json "HTTP/1.1 307 Temporary Redirect"
INFO:httpx:HTTP Request: HEAD https://huggingface.co/api/resolve-cache/models/sentence-transformers/all-MiniLM-L6-v2/c9745ed1d9f207416be6d2e6f8de32d1f16199bf/sentence_bert_config.json "HTTP/1.1 200 OK"
INFO:httpx:HTTP Request: HEAD https://huggingface.co/sentence-transformers/all-MiniLM-L6-v2/resolve/main/adapter_config.json "HTTP/1.1 404 Not Found"
INFO:httpx:HTTP Request: HEAD https://huggingface.co/sentence-transformers/all-MiniLM-L6-v2/resolve/main/config.json "HTTP/1.1 307 Temporary Redirect"
INFO:httpx:HTTP Request: HEAD https://huggingface.co/api/resolve-cache/models/sentence-transformers/all-MiniLM-L6-v2/c9745ed1d9f207416be6d2e6f8de32d1f16199bf/config.json "HTTP/1.1 200 OK"
INFO:httpx:HTTP Request: HEAD https://huggingface.co/sentence-transformers/all-MiniLM-L6-v2/resolve/main/config.json "HTTP/1.1 307 Temporary Redirect"
INFO:httpx:HTTP Request: HEAD https://huggingface.co/api/resolve-cache/models/sentence-transformers/all-MiniLM-L6-v2/c9745ed1d9f207416be6d2e6f8de32d1f16199bf/config.json "HTTP/1.1 200 OK"
INFO:httpx:HTTP Request: HEAD https://huggingface.co/sentence-transformers/all-MiniLM-L6-v2/resolve/main/tokenizer_config.json "HTTP/1.1 307 Temporary Redirect"
INFO:httpx:HTTP Request: HEAD https://huggingface.co/api/resolve-cache/models/sentence-transformers/all-MiniLM-L6-v2/c9745ed1d9f207416be6d2e6f8de32d1f16199bf/tokenizer_config.json "HTTP/1.1 200 OK"
INFO:httpx:HTTP Request: GET https://huggingface.co/api/models/sentence-transformers/all-MiniLM-L6-v2/tree/main/additional_chat_templates?recursive=false&expand=false "HTTP/1.1 404 Not Found"
INFO:httpx:HTTP Request: GET https://huggingface.co/api/models/sentence-transformers/all-MiniLM-L6-v2/tree/main?recursive=true&expand=false "HTTP/1.1 200 OK"
INFO:httpx:HTTP Request: HEAD https://huggingface.co/sentence-transformers/all-MiniLM-L6-v2/resolve/main/1_Pooling/config.json "HTTP/1.1 307 Temporary Redirect"
INFO:httpx:HTTP Request: HEAD https://huggingface.co/api/resolve-cache/models/sentence-transformers/all-MiniLM-L6-v2/c9745ed1d9f207416be6d2e6f8de32d1f16199bf/1_Pooling%2Fconfig.json "HTTP/1.1 200 OK"
INFO:httpx:HTTP Request: GET https://huggingface.co/api/models/sentence-transformers/all-MiniLM-L6-v2 "HTTP/1.1 200 OK"
INFO:app.services.semantic_classifier:Semantic model loaded successfully
INFO:app.services.column_classifier:\u2713 Mapped 'compte' \u2192 'account_code' (confidence: 42.0%) [semantic=0.0, fuzzy=30.0, content=12.0]
INFO:app.services.column_classifier:Processing column: 'intitule' \u2192 normalized: 'intitule'
INFO:app.services.column_classifier:\u2713 Mapped 'intitule' \u2192 'label' (confidence: 45.0%) [semantic=0.0, fuzzy=30.0, content=15.0]
INFO:app.services.column_classifier:Processing column: 'solde ant dbt ref' \u2192 normalized: 'solde ant dbt ref'
INFO:app.services.column_classifier:\u2713 Mapped 'solde ant dbt ref' \u2192 'opening_debit' (confidence: 46.8%) [semantic=5.7, fuzzy=26.1, content=15.0]
INFO:app.services.column_classifier:Processing column: 'solde ant cdt ref' \u2192 normalized: 'solde ant cdt ref'
INFO:app.services.column_classifier:\u2713 Mapped 'solde ant cdt ref' \u2192 'opening_credit' (confidence: 46.7%) [semantic=5.6, fuzzy=26.1, content=15.0]
INFO:app.services.column_classifier:Processing column: 'debit periode ref' \u2192 normalized: 'debit periode ref'
INFO:app.services.column_classifier:\u2713 Mapped 'debit periode ref' \u2192 'solde_debit' (confidence: 69.9%) [semantic=32.8, fuzzy=17.1, content=20.0]
INFO:app.services.column_classifier:Processing column: 'credit periode ref' \u2192 normalized: 'credit periode ref'
INFO:app.services.column_classifier:\u2713 Mapped 'credit periode ref' \u2192 'solde_credit' (confidence: 59.1%) [semantic=24.6, fuzzy=16.5, content=18.0]
INFO:app.services.column_classifier:Processing column: 'solde per dbt ref' \u2192 normalized: 'solde per dbt ref'
INFO:app.services.column_classifier:\u2713 Mapped 'solde per dbt ref' \u2192 'solde_final' (confidence: 47.5%) [semantic=12.5, fuzzy=15.0, content=20.0]
INFO:app.services.column_classifier:Processing column: 'solde per cdt ref' \u2192 normalized: 'solde per cdt ref'
INFO:app.services.column_classifier:\u2713 Mapped 'solde per cdt ref' \u2192 'solde_final_credit' (confidence: 40.0%) [semantic=4.9, fuzzy=20.1, content=15.0]
INFO:app.services.column_classifier:Processing column: 'solde fin dbt ref' \u2192 normalized: 'solde fin dbt ref'
INFO:app.services.column_classifier:\u2713 Mapped 'solde fin dbt ref' \u2192 'solde_final_debit' (confidence: 54.7%) [semantic=8.6, fuzzy=26.1, content=20.0]
INFO:app.services.column_classifier:Processing column: 'solde fin cdt ref' \u2192 normalized: 'solde fin cdt ref'
INFO:app.services.column_classifier:\u2713 Mapped 'solde fin cdt ref' \u2192 'debit' (confidence: 31.2%) [semantic=5.4, fuzzy=10.8, content=15.0]
INFO:app.services.column_classifier:Validating and boosting confidence scores using content analysis...
INFO:app.services.column_classifier:Final column mapping: {'compte': 'account_code', 'intitule': 'label', 'solde ant dbt ref': 'opening_debit', 'solde ant cdt ref': 'opening_credit', 'debit periode ref': 'solde_debit', 'credit periode ref': 'solde_credit', 'solde per dbt ref': 'solde_final', 'solde per cdt ref': 'solde_final_credit', 'solde fin dbt ref': 'solde_final_debit', 'solde fin cdt ref': 'debit'}
INFO:app.services.column_classifier:Confidence scores: [('compte', '42.0%'), ('intitule', '48.8%'), ('solde ant dbt ref', '50.5%'), ('solde ant cdt ref', '50.5%'), ('debit periode ref', '74.9%'), ('credit periode ref', '63.6%'), ('solde per dbt ref', '52.5%'), ('solde per cdt ref', '43.7%'), ('solde fin dbt ref', '59.7%'), ('solde fin cdt ref', '34.9%')]
INFO:app.services.csv_parsing_service:Column classification results with confidence:
INFO:app.services.csv_parsing_service:  'compte' \u2192 'account_code' (confidence: 42.0%)
INFO:app.services.csv_parsing_service:  'intitule' \u2192 'label' (confidence: 48.8%)
INFO:app.services.csv_parsing_service:  'solde ant dbt ref' \u2192 'opening_debit' (confidence: 50.5%)
INFO:app.services.csv_parsing_service:  'solde ant cdt ref' \u2192 'opening_credit' (confidence: 50.5%)
INFO:app.services.csv_parsing_service:  'debit periode ref' \u2192 'solde_debit' (confidence: 74.9%)
INFO:app.services.csv_parsing_service:  'credit periode ref' \u2192 'solde_credit' (confidence: 63.6%)
INFO:app.services.csv_parsing_service:  'solde per dbt ref' \u2192 'solde_final' (confidence: 52.5%)
INFO:app.services.csv_parsing_service:  'solde per cdt ref' \u2192 'solde_final_credit' (confidence: 43.7%)
INFO:app.services.csv_parsing_service:  'solde fin dbt ref' \u2192 'solde_final_debit' (confidence: 59.7%)
INFO:app.services.csv_parsing_service:  'solde fin cdt ref' \u2192 'debit' (confidence: 34.9%)
INFO:app.services.data_extractor:Reverse mapping: {'account_code': ['compte'], 'label': ['intitule'], 'opening_debit': ['solde ant dbt ref'], 'opening_credit': ['solde ant cdt ref'], 'solde_debit': ['debit periode ref'], 'solde_credit': ['credit periode ref'], 'solde_final': ['solde per dbt ref'], 'solde_final_credit': ['solde per cdt ref'], 'solde_final_debit': ['solde fin dbt ref'], 'debit': ['solde fin cdt ref']}
INFO:app.services.data_extractor:Rename dict (respecting column order): {'compte': 'account_code', 'intitule': 'label', 'solde ant dbt ref': 'opening_debit', 'solde ant cdt ref': 'opening_credit', 'debit periode ref': 'solde_debit', 'credit periode ref': 'solde_credit', 'solde per dbt ref': 'solde_final', 'solde per cdt ref': 'solde_final_credit', 'solde fin dbt ref': 'solde_final_debit', 'solde fin cdt ref': 'debit'}
INFO:app.services.data_extractor:DataFrame columns after renaming: ['account_code', 'label', 'opening_debit', 'opening_credit', 'solde_debit', 'solde_credit', 'solde_final', 'solde_final_credit', 'solde_final_debit', 'debit']
INFO:app.services.data_extractor:DataFrame shape: (166, 10)
INFO:app.services.data_extractor:DataFrame sample:
  account_code                           label  ...    solde_final_debit                debit
0       Compte                        Intitulé  ...  Solde fin Dbt (réf)  Solde fin Cdt (réf)
1     10100000                  CAPITAL SOCIAL  ...                    0             12400000
2     10900000  ACTIONNAIRE CAPITAL NON APPELE  ...                   10                    0
3     16210000                EMPRUNT BANCAIRE  ...                    0             21100000
4     16220000                 EMPRUNT LEASING  ...                    0           1298680,66

[5 rows x 10 columns]
INFO:app.services.data_extractor:Converted column 'debit' to numeric
INFO:app.services.data_extractor:Converted column 'solde_debit' to numeric
INFO:app.services.data_extractor:Converted column 'solde_credit' to numeric
INFO:app.services.data_extractor:Converted column 'solde_final' to numeric
INFO:app.services.data_extractor:Converted column 'opening_debit' to numeric
INFO:app.services.data_extractor:Converted column 'opening_credit' to numeric
INFO:app.services.data_extractor:Converted column 'solde_final_debit' to numeric
INFO:app.services.data_extractor:Converted column 'solde_final_credit' to numeric
INFO:app.services.data_extractor:Rows before filtering: 166
INFO:app.services.data_extractor:Rows after filtering: 166
INFO:app.services.data_extractor:Sample data:
  account_code                           label  opening_debit  ...  solde_final_credit  solde_final_debit        debit
0       Compte                        Intitulé            NaN  ...                 NaN                NaN          NaN
1     10100000                  CAPITAL SOCIAL            0.0  ...         12400000.00                0.0  12400000.00
2     10900000  ACTIONNAIRE CAPITAL NON APPELE            0.0  ...                0.00               10.0         0.00
3     16210000                EMPRUNT BANCAIRE            0.0  ...         21100000.00                0.0  21100000.00
4     16220000                 EMPRUNT LEASING            0.0  ...          1298680.66                0.0   1298680.66

[5 rows x 10 columns]
INFO:app.services.data_extractor:Successfully extracted 166 records
INFO:root:Upload 88: Encoding=ISO-8859-1, Delimiter=;, Columns={'compte': 'account_code', 'intitule': 'label', 'solde ant dbt ref': 'opening_debit', 'solde ant cdt ref': 'opening_credit', 'debit periode ref': 'solde_debit', 'credit periode ref': 'solde_credit', 'solde per dbt ref': 'solde_final', 'solde per cdt ref': 'solde_final_credit', 'solde fin dbt ref': 'solde_final_debit', 'solde fin cdt ref': 'debit'}, Confidence_Scores={'compte': 42.0%, 'intitule': 48.8%, 'solde ant dbt ref': 50.5%, 'solde ant cdt ref': 50.5%, 'debit periode ref': 74.9%, 'credit periode ref': 63.6%, 'solde per dbt ref': 52.5%, 'solde per cdt ref': 43.7%, 'solde fin dbt ref': 59.7%, 'solde fin cdt ref': 34.9%}
INFO:app.services.upload_service:Upload 88: 165 accounts inserted. Detected columns: ['account_code', 'label', 'opening_debit', 'opening_credit', 'solde_debit', 'solde_credit', 'solde_final', 'solde_final_credit', 'solde_final_debit', 'debit']
INFO:app.services.upload_service:File saved: app/uploads\F1773661755482_BAL(in).csv
INFO:app.services.upload_service:Upload registered with ID: 89
INFO:app.services.upload_service:Starting to parse upload 89: F1773661755482_BAL(in).csv
INFO:app.utils.helpers:Successfully decoded first line with latin1
INFO:app.utils.helpers:Detected delimiter: ';' from: {',': 0, ';': 9, '\t': 0, '|': 0}
INFO:app.utils.helpers:CSV read successfully: 166 rows, 10 columns
INFO:app.services.csv_parsing_service:Raw columns after reading CSV: ['col_0', 'col_1', 'col_2', 'col_3', 'col_4', 'col_5', 'col_6', 'col_7', 'col_8', 'col_9']
INFO:app.services.header_detector:Detected header at row 0: ['Compte', 'Intitulé', 'Solde ant Dbt (réf)', 'Solde ant Cdt (réf)', 'Débit période (réf)', 'Crédit période (réf)', 'Solde pér Dbt (réf)', 'Solde pér Cdt (réf)', 'Solde fin Dbt (réf)', 'Solde fin Cdt (réf)']
INFO:app.services.csv_parsing_service:Preparing DataFrame: normalizing column names and data...
INFO:app.services.preparation_service:Starting DataFrame preparation...
INFO:app.services.preparation_service:Normalized column names: {'Compte': 'compte', 'Intitulé': 'intitule', 'Solde ant Dbt (réf)': 'solde ant dbt ref', 'Solde ant Cdt (réf)': 'solde ant cdt ref', 'Débit période (réf)': 'debit periode ref', 'Crédit période (réf)': 'credit periode ref', 'Solde pér Dbt (réf)': 'solde per dbt ref', 'Solde pér Cdt (réf)': 'solde per cdt ref', 'Solde fin Dbt (réf)': 'solde fin dbt ref', 'Solde fin Cdt (réf)': 'solde fin cdt ref'}
INFO:app.services.preparation_service:Removed empty columns. Remaining: ['compte', 'intitule', 'solde ant dbt ref', 'solde ant cdt ref', 'debit periode ref', 'credit periode ref', 'solde per dbt ref', 'solde per cdt ref', 'solde fin dbt ref', 'solde fin cdt ref']
INFO:app.services.preparation_service:DataFrame preparation complete
INFO:app.services.csv_parsing_service:Columns after preparation: ['compte', 'intitule', 'solde ant dbt ref', 'solde ant cdt ref', 'debit periode ref', 'credit periode ref', 'solde per dbt ref', 'solde per cdt ref', 'solde fin dbt ref', 'solde fin cdt ref']
INFO:app.services.csv_parsing_service:Starting NLP-based column classification with semantic matching...
INFO:app.services.column_classifier:Processing column: 'compte' \u2192 normalized: 'compte'
INFO:app.services.semantic_classifier:Loading semantic model: sentence-transformers/all-MiniLM-L6-v2
INFO:sentence_transformers.SentenceTransformer:Use pytorch device_name: cpu
INFO:sentence_transformers.SentenceTransformer:Load pretrained SentenceTransformer: sentence-transformers/all-MiniLM-L6-v2
INFO:httpx:HTTP Request: HEAD https://huggingface.co/sentence-transformers/all-MiniLM-L6-v2/resolve/main/modules.json "HTTP/1.1 307 Temporary Redirect"
INFO:httpx:HTTP Request: HEAD https://huggingface.co/api/resolve-cache/models/sentence-transformers/all-MiniLM-L6-v2/c9745ed1d9f207416be6d2e6f8de32d1f16199bf/modules.json "HTTP/1.1 200 OK"
INFO:httpx:HTTP Request: HEAD https://huggingface.co/sentence-transformers/all-MiniLM-L6-v2/resolve/main/config_sentence_transformers.json "HTTP/1.1 307 Temporary Redirect"
INFO:httpx:HTTP Request: HEAD https://huggingface.co/api/resolve-cache/models/sentence-transformers/all-MiniLM-L6-v2/c9745ed1d9f207416be6d2e6f8de32d1f16199bf/config_sentence_transformers.json "HTTP/1.1 200 OK"
INFO:httpx:HTTP Request: HEAD https://huggingface.co/sentence-transformers/all-MiniLM-L6-v2/resolve/main/config_sentence_transformers.json "HTTP/1.1 307 Temporary Redirect"
WARNING:huggingface_hub.utils._http:Warning: You are sending unauthenticated requests to the HF Hub. Please set a HF_TOKEN to enable higher rate limits and faster downloads.
INFO:httpx:HTTP Request: HEAD https://huggingface.co/api/resolve-cache/models/sentence-transformers/all-MiniLM-L6-v2/c9745ed1d9f207416be6d2e6f8de32d1f16199bf/config_sentence_transformers.json "HTTP/1.1 200 OK"
INFO:httpx:HTTP Request: HEAD https://huggingface.co/sentence-transformers/all-MiniLM-L6-v2/resolve/main/README.md "HTTP/1.1 307 Temporary Redirect"
INFO:httpx:HTTP Request: HEAD https://huggingface.co/api/resolve-cache/models/sentence-transformers/all-MiniLM-L6-v2/c9745ed1d9f207416be6d2e6f8de32d1f16199bf/README.md "HTTP/1.1 200 OK"
INFO:httpx:HTTP Request: HEAD https://huggingface.co/sentence-transformers/all-MiniLM-L6-v2/resolve/main/modules.json "HTTP/1.1 307 Temporary Redirect"
INFO:httpx:HTTP Request: HEAD https://huggingface.co/api/resolve-cache/models/sentence-transformers/all-MiniLM-L6-v2/c9745ed1d9f207416be6d2e6f8de32d1f16199bf/modules.json "HTTP/1.1 200 OK"
INFO:httpx:HTTP Request: HEAD https://huggingface.co/sentence-transformers/all-MiniLM-L6-v2/resolve/main/sentence_bert_config.json "HTTP/1.1 307 Temporary Redirect"
INFO:httpx:HTTP Request: HEAD https://huggingface.co/api/resolve-cache/models/sentence-transformers/all-MiniLM-L6-v2/c9745ed1d9f207416be6d2e6f8de32d1f16199bf/sentence_bert_config.json "HTTP/1.1 200 OK"
INFO:httpx:HTTP Request: HEAD https://huggingface.co/sentence-transformers/all-MiniLM-L6-v2/resolve/main/adapter_config.json "HTTP/1.1 404 Not Found"
INFO:httpx:HTTP Request: HEAD https://huggingface.co/sentence-transformers/all-MiniLM-L6-v2/resolve/main/config.json "HTTP/1.1 307 Temporary Redirect"
INFO:httpx:HTTP Request: HEAD https://huggingface.co/api/resolve-cache/models/sentence-transformers/all-MiniLM-L6-v2/c9745ed1d9f207416be6d2e6f8de32d1f16199bf/config.json "HTTP/1.1 200 OK"
INFO:httpx:HTTP Request: HEAD https://huggingface.co/sentence-transformers/all-MiniLM-L6-v2/resolve/main/config.json "HTTP/1.1 307 Temporary Redirect"
INFO:httpx:HTTP Request: HEAD https://huggingface.co/api/resolve-cache/models/sentence-transformers/all-MiniLM-L6-v2/c9745ed1d9f207416be6d2e6f8de32d1f16199bf/config.json "HTTP/1.1 200 OK"
INFO:httpx:HTTP Request: HEAD https://huggingface.co/sentence-transformers/all-MiniLM-L6-v2/resolve/main/tokenizer_config.json "HTTP/1.1 307 Temporary Redirect"
INFO:httpx:HTTP Request: HEAD https://huggingface.co/api/resolve-cache/models/sentence-transformers/all-MiniLM-L6-v2/c9745ed1d9f207416be6d2e6f8de32d1f16199bf/tokenizer_config.json "HTTP/1.1 200 OK"
INFO:httpx:HTTP Request: GET https://huggingface.co/api/models/sentence-transformers/all-MiniLM-L6-v2/tree/main/additional_chat_templates?recursive=false&expand=false "HTTP/1.1 404 Not Found"
INFO:httpx:HTTP Request: GET https://huggingface.co/api/models/sentence-transformers/all-MiniLM-L6-v2/tree/main?recursive=true&expand=false "HTTP/1.1 200 OK"
INFO:httpx:HTTP Request: HEAD https://huggingface.co/sentence-transformers/all-MiniLM-L6-v2/resolve/main/1_Pooling/config.json "HTTP/1.1 307 Temporary Redirect"
INFO:httpx:HTTP Request: HEAD https://huggingface.co/api/resolve-cache/models/sentence-transformers/all-MiniLM-L6-v2/c9745ed1d9f207416be6d2e6f8de32d1f16199bf/1_Pooling%2Fconfig.json "HTTP/1.1 200 OK"
INFO:httpx:HTTP Request: GET https://huggingface.co/api/models/sentence-transformers/all-MiniLM-L6-v2 "HTTP/1.1 200 OK"
INFO:app.services.semantic_classifier:Semantic model loaded successfully
INFO:app.services.column_classifier:\u2713 Mapped 'compte' \u2192 'account_code' (confidence: 42.0%) [semantic=0.0, fuzzy=30.0, content=12.0]
INFO:app.services.column_classifier:Processing column: 'intitule' \u2192 normalized: 'intitule'
INFO:app.services.column_classifier:\u2713 Mapped 'intitule' \u2192 'label' (confidence: 45.0%) [semantic=0.0, fuzzy=30.0, content=15.0]
INFO:app.services.column_classifier:Processing column: 'solde ant dbt ref' \u2192 normalized: 'solde ant dbt ref'
INFO:app.services.column_classifier:\u2713 Mapped 'solde ant dbt ref' \u2192 'opening_debit' (confidence: 46.8%) [semantic=5.7, fuzzy=26.1, content=15.0]
INFO:app.services.column_classifier:Processing column: 'solde ant cdt ref' \u2192 normalized: 'solde ant cdt ref'
INFO:app.services.column_classifier:\u2713 Mapped 'solde ant cdt ref' \u2192 'opening_credit' (confidence: 46.7%) [semantic=5.6, fuzzy=26.1, content=15.0]
INFO:app.services.column_classifier:Processing column: 'debit periode ref' \u2192 normalized: 'debit periode ref'
INFO:app.services.column_classifier:\u2713 Mapped 'debit periode ref' \u2192 'opening_debit' (confidence: 64.2%) [semantic=30.4, fuzzy=13.8, content=20.0]
INFO:app.services.column_classifier:Processing column: 'credit periode ref' \u2192 normalized: 'credit periode ref'
INFO:app.services.column_classifier:\u2713 Mapped 'credit periode ref' \u2192 'opening_credit' (confidence: 54.8%) [semantic=25.4, fuzzy=11.4, content=18.0]
INFO:app.services.column_classifier:Processing column: 'solde per dbt ref' \u2192 normalized: 'solde per dbt ref'
INFO:app.services.column_classifier:\u2713 Mapped 'solde per dbt ref' \u2192 'solde_debit' (confidence: 53.9%) [semantic=7.8, fuzzy=26.1, content=20.0]
INFO:app.services.column_classifier:Processing column: 'solde per cdt ref' \u2192 normalized: 'solde per cdt ref'
INFO:app.services.column_classifier:\u2713 Mapped 'solde per cdt ref' \u2192 'solde_credit' (confidence: 47.9%) [semantic=6.8, fuzzy=26.1, content=15.0]
INFO:app.services.column_classifier:Processing column: 'solde fin dbt ref' \u2192 normalized: 'solde fin dbt ref'
INFO:app.services.column_classifier:\u2713 Mapped 'solde fin dbt ref' \u2192 'solde_final_debit' (confidence: 52.7%) [semantic=6.6, fuzzy=26.1, content=20.0]
INFO:app.services.column_classifier:Processing column: 'solde fin cdt ref' \u2192 normalized: 'solde fin cdt ref'
INFO:app.services.column_classifier:\u2713 Mapped 'solde fin cdt ref' \u2192 'solde_final_credit' (confidence: 46.2%) [semantic=5.1, fuzzy=26.1, content=15.0]
WARNING:app.services.column_classifier:\u26a0\ufe0f  Duplicate mapping detected: Field 'opening_debit' mapped from 2 columns:
WARNING:app.services.column_classifier:     - 'solde ant dbt ref' (confidence: 46.8%)
WARNING:app.services.column_classifier:     - 'debit periode ref' (confidence: 64.2%)
WARNING:app.services.column_classifier:     Note: All columns will be preserved as separate keys in output. If this is unexpected, check column names and use confidence scores to disambiguate.
WARNING:app.services.column_classifier:\u26a0\ufe0f  Duplicate mapping detected: Field 'opening_credit' mapped from 2 columns:
WARNING:app.services.column_classifier:     - 'solde ant cdt ref' (confidence: 46.7%)
WARNING:app.services.column_classifier:     - 'credit periode ref' (confidence: 54.8%)
WARNING:app.services.column_classifier:     Note: All columns will be preserved as separate keys in output. If this is unexpected, check column names and use confidence scores to disambiguate.
INFO:app.services.column_classifier:Validating and boosting confidence scores using content analysis...
INFO:app.services.column_classifier:Final column mapping: {'compte': 'account_code', 'intitule': 'label', 'solde ant dbt ref': 'opening_debit', 'solde ant cdt ref': 'opening_credit', 'debit periode ref': 'opening_debit', 'credit periode ref': 'opening_credit', 'solde per dbt ref': 'solde_debit', 'solde per cdt ref': 'solde_credit', 'solde fin dbt ref': 'solde_final_debit', 'solde fin cdt ref': 'solde_final_credit'}
INFO:app.services.column_classifier:Confidence scores: [('compte', '42.0%'), ('intitule', '48.8%'), ('solde ant dbt ref', '50.5%'), ('solde ant cdt ref', '50.5%'), ('debit periode ref', '69.2%'), ('credit periode ref', '59.3%'), ('solde per dbt ref', '58.9%'), ('solde per cdt ref', '51.6%'), ('solde fin dbt ref', '57.7%'), ('solde fin cdt ref', '49.9%')]
INFO:app.services.csv_parsing_service:Column classification results with confidence:
INFO:app.services.csv_parsing_service:  'compte' \u2192 'account_code' (confidence: 42.0%)
INFO:app.services.csv_parsing_service:  'intitule' \u2192 'label' (confidence: 48.8%)
INFO:app.services.csv_parsing_service:  'solde ant dbt ref' \u2192 'opening_debit' (confidence: 50.5%)
INFO:app.services.csv_parsing_service:  'solde ant cdt ref' \u2192 'opening_credit' (confidence: 50.5%)
INFO:app.services.csv_parsing_service:  'debit periode ref' \u2192 'opening_debit' (confidence: 69.2%)
INFO:app.services.csv_parsing_service:  'credit periode ref' \u2192 'opening_credit' (confidence: 59.3%)
INFO:app.services.csv_parsing_service:  'solde per dbt ref' \u2192 'solde_debit' (confidence: 58.9%)
INFO:app.services.csv_parsing_service:  'solde per cdt ref' \u2192 'solde_credit' (confidence: 51.6%)
INFO:app.services.csv_parsing_service:  'solde fin dbt ref' \u2192 'solde_final_debit' (confidence: 57.7%)
INFO:app.services.csv_parsing_service:  'solde fin cdt ref' \u2192 'solde_final_credit' (confidence: 49.9%)
INFO:app.services.data_extractor:Reverse mapping: {'account_code': ['compte'], 'label': ['intitule'], 'opening_debit': ['solde ant dbt ref', 'debit periode ref'], 'opening_credit': ['solde ant cdt ref', 'credit periode ref'], 'solde_debit': ['solde per dbt ref'], 'solde_credit': ['solde per cdt ref'], 'solde_final_debit': ['solde fin dbt ref'], 'solde_final_credit': ['solde fin cdt ref']}
WARNING:app.services.data_extractor:\u26a0\ufe0f  Duplicate mapping for field 'opening_debit': column 'debit periode ref' conflicts with existing mapping. Check confidence scores to validate.
WARNING:app.services.data_extractor:\u26a0\ufe0f  Duplicate mapping for field 'opening_credit': column 'credit periode ref' conflicts with existing mapping. Check confidence scores to validate.
INFO:app.services.data_extractor:Rename dict: {'compte': 'account_code', 'intitule': 'label', 'solde ant dbt ref': 'opening_debit', 'solde ant cdt ref': 'opening_credit', 'debit periode ref': 'opening_debit', 'credit periode ref': 'opening_credit', 'solde per dbt ref': 'solde_debit', 'solde per cdt ref': 'solde_credit', 'solde fin dbt ref': 'solde_final_debit', 'solde fin cdt ref': 'solde_final_credit'}
WARNING:app.services.data_extractor:Duplicate mappings: {'opening_debit': ['debit periode ref'], 'opening_credit': ['credit periode ref']}
INFO:app.services.data_extractor:DataFrame columns after renaming: ['account_code', 'label', 'opening_debit', 'opening_credit', 'opening_debit', 'opening_credit', 'solde_debit', 'solde_credit', 'solde_final_debit', 'solde_final_credit']
INFO:app.services.data_extractor:DataFrame shape: (166, 10)
INFO:app.services.data_extractor:DataFrame sample:
  account_code                           label  ...    solde_final_debit   solde_final_credit
0       Compte                        Intitulé  ...  Solde fin Dbt (réf)  Solde fin Cdt (réf)
1     10100000                  CAPITAL SOCIAL  ...                    0             12400000
2     10900000  ACTIONNAIRE CAPITAL NON APPELE  ...                   10                    0
3     16210000                EMPRUNT BANCAIRE  ...                    0             21100000
4     16220000                 EMPRUNT LEASING  ...                    0           1298680,66

[5 rows x 10 columns]
WARNING:app.services.data_extractor:Could not parse numeric value: 
INFO:app.services.data_extractor:Converted column 'solde_debit' to numeric using French-aware parser
WARNING:app.services.data_extractor:Could not parse numeric value: 
INFO:app.services.data_extractor:Converted column 'solde_credit' to numeric using French-aware parser
WARNING:app.services.data_extractor:Could not convert 'opening_debit': 0
WARNING:app.services.data_extractor:Could not convert 'opening_credit': 0
WARNING:app.services.data_extractor:Could not parse numeric value: 
INFO:app.services.data_extractor:Converted column 'solde_final_debit' to numeric using French-aware parser
WARNING:app.services.data_extractor:Could not parse numeric value: 
INFO:app.services.data_extractor:Converted column 'solde_final_credit' to numeric using French-aware parser
INFO:app.services.data_extractor:Rows before filtering: 166
INFO:app.services.data_extractor:Rows after filtering: 166
INFO:app.services.data_extractor:Sample data:
  account_code                           label  ... solde_final_debit solde_final_credit
0       Compte                        Intitulé  ...               NaN                NaN
1     10100000                  CAPITAL SOCIAL  ...               0.0        12400000.00
2     10900000  ACTIONNAIRE CAPITAL NON APPELE  ...              10.0               0.00
3     16210000                EMPRUNT BANCAIRE  ...               0.0        21100000.00
4     16220000                 EMPRUNT LEASING  ...               0.0         1298680.66

[5 rows x 10 columns]
INFO:app.services.data_extractor:Successfully extracted 166 records
WARNING:app.services.validation_config:Row 0: opening_debit cannot be parsed as number: could not convert string to float: 'Débitpériode(réf)' | opening_credit cannot be parsed as number: could not convert string to float: 'Créditpériode(réf)'
INFO:app.services.validation_config:Validation summary: {'total': 166, 'valid': 165, 'rejected': 1, 'rejection_rate': '0.6%'}
WARNING:app.services.validator:Validation: 165/166 records valid (0.6% rejected)
WARNING:app.services.validator:  Rejected row 0: opening_debit cannot be parsed as number: could not convert string to float: 'Débitpériode(réf)' | opening_credit cannot be parsed as number: could not convert string to float: 'Créditpériode(réf)'
INFO:root:Upload 89: Encoding=ISO-8859-1, Delimiter=;, Columns={'compte': 'account_code', 'intitule': 'label', 'solde ant dbt ref': 'opening_debit', 'solde ant cdt ref': 'opening_credit', 'debit periode ref': 'opening_debit', 'credit periode ref': 'opening_credit', 'solde per dbt ref': 'solde_debit', 'solde per cdt ref': 'solde_credit', 'solde fin dbt ref': 'solde_final_debit', 'solde fin cdt ref': 'solde_final_credit'}, Confidence_Scores={'compte': 42.0%, 'intitule': 48.8%, 'solde ant dbt ref': 50.5%, 'solde ant cdt ref': 50.5%, 'debit periode ref': 69.2%, 'credit periode ref': 59.3%, 'solde per dbt ref': 58.9%, 'solde per cdt ref': 51.6%, 'solde fin dbt ref': 57.7%, 'solde fin cdt ref': 49.9%}
INFO:app.services.upload_service:Upload 89: 165 accounts inserted. Detected columns: ['account_code', 'label', 'opening_debit', 'opening_credit', 'solde_debit', 'solde_credit', 'solde_final_debit', 'solde_final_credit']
INFO:app.services.upload_service:File saved: app/uploads\balance_2021_utf.csv
INFO:app.services.upload_service:Upload registered with ID: 90
INFO:app.services.upload_service:Starting to parse upload 90: balance_2021_utf.csv
INFO:app.utils.helpers:Successfully decoded first line with utf-8
INFO:app.utils.helpers:Detected delimiter: ';' from: {',': 0, ';': 6, '\t': 0, '|': 0}
INFO:app.utils.helpers:CSV read successfully: 106 rows, 7 columns
INFO:app.services.csv_parsing_service:Raw columns after reading CSV: ['col_0', 'col_1', 'col_2', 'col_3', 'col_4', 'col_5', 'col_6']
INFO:app.services.header_detector:Detected header at row 2: ['N°', 'Libellé écriture', 'Solde Final', '', '', '', '']
INFO:app.services.csv_parsing_service:Preparing DataFrame: normalizing column names and data...
INFO:app.services.preparation_service:Starting DataFrame preparation...
INFO:app.services.preparation_service:Normalized column names: {'N°': 'n', 'Libellé écriture': 'libelle ecriture', 'Solde Final': 'solde final', '': ''}
INFO:app.services.preparation_service:Removed empty columns. Remaining: ['n', 'libelle ecriture', 'solde final']
INFO:app.services.preparation_service:DataFrame preparation complete
INFO:app.services.csv_parsing_service:Columns after preparation: ['n', 'libelle ecriture', 'solde final']
INFO:app.services.csv_parsing_service:Starting NLP-based column classification with semantic matching...
INFO:app.services.column_classifier:Processing column: 'n' \u2192 normalized: 'n'
INFO:app.services.column_classifier:\u2713 Mapped 'n' \u2192 'account_code' (confidence: 44.7%) [semantic=2.7, fuzzy=30.0, content=12.0]
INFO:app.services.column_classifier:Processing column: 'libelle ecriture' \u2192 normalized: 'libelle ecriture'
INFO:app.services.column_classifier:\u2713 Mapped 'libelle ecriture' \u2192 'label' (confidence: 46.3%) [semantic=1.3, fuzzy=30.0, content=15.0]
INFO:app.services.column_classifier:Processing column: 'solde final' \u2192 normalized: 'solde final'
INFO:app.services.column_classifier:\u2713 Mapped 'solde final' \u2192 'solde_final' (confidence: 40.8%) [semantic=10.8, fuzzy=30.0, content=0.0]
INFO:app.services.column_classifier:Validating and boosting confidence scores using content analysis...
WARNING:app.services.semantic_classifier:\u26a0 Suspicious classification: 'solde final' \u2192 'solde_final' (confidence=40.8%, content_score=0.0)
INFO:app.services.column_classifier:Final column mapping: {'n': 'account_code', 'libelle ecriture': 'label', 'solde final': 'solde_final'}
INFO:app.services.column_classifier:Confidence scores: [('n', '44.7%'), ('libelle ecriture', '50.1%'), ('solde final', '40.8%')]
INFO:app.services.csv_parsing_service:Column classification results with confidence:
INFO:app.services.csv_parsing_service:  'n' \u2192 'account_code' (confidence: 44.7%)
INFO:app.services.csv_parsing_service:  'libelle ecriture' \u2192 'label' (confidence: 50.1%)
INFO:app.services.csv_parsing_service:  'solde final' \u2192 'solde_final' (confidence: 40.8%)
INFO:app.services.data_extractor:Reverse mapping: {'account_code': ['n'], 'label': ['libelle ecriture'], 'solde_final': ['solde final']}
INFO:app.services.data_extractor:Rename dict: {'n': 'account_code', 'libelle ecriture': 'label', 'solde final': 'solde_final'}
INFO:app.services.data_extractor:DataFrame columns after renaming: ['account_code', 'label', 'solde_final']
INFO:app.services.data_extractor:DataFrame shape: (106, 3)
INFO:app.services.data_extractor:DataFrame sample:
   account_code             label  solde_final
0  BALANCE 2021                               
1                                             
2            N°  Libellé écriture  Solde Final
3      10100000           CAPITAL   -1 000,000
4      11100000    RESERVE LEGALE             
WARNING:app.services.data_extractor:Could not parse numeric value: 
INFO:app.services.data_extractor:Converted column 'solde_final' to numeric using French-aware parser
INFO:app.services.data_extractor:Rows before filtering: 106
INFO:app.services.data_extractor:Rows after filtering: 100
INFO:app.services.data_extractor:Sample data:
   account_code               label  solde_final
0  BALANCE 2021                              NaN
2            N°    Libellé écriture          NaN
3      10100000             CAPITAL      -1000.0
4      11100000      RESERVE LEGALE          NaN
5      12100000  RESULTATS REPORTES    -150000.0
INFO:app.services.data_extractor:Successfully extracted 100 records
WARNING:app.services.validation_config:Row 0: account_code 'BALANCE 2021' doesn't match pattern ^[0-9\.\-A-Za-z]+$
WARNING:app.services.validation_config:Row 1: account_code 'N°' doesn't match pattern ^[0-9\.\-A-Za-z]+$
INFO:app.services.validation_config:Validation summary: {'total': 100, 'valid': 98, 'rejected': 2, 'rejection_rate': '2.0%'}
WARNING:app.services.validator:Validation: 98/100 records valid (2.0% rejected)
WARNING:app.services.validator:  Rejected row 0: account_code 'BALANCE 2021' doesn't match pattern ^[0-9\.\-A-Za-z]+$
WARNING:app.services.validator:  Rejected row 1: account_code 'N°' doesn't match pattern ^[0-9\.\-A-Za-z]+$
INFO:root:Upload 90: Encoding=UTF-8-SIG, Delimiter=;, Columns={'n': 'account_code', 'libelle ecriture': 'label', 'solde final': 'solde_final'}, Confidence_Scores={'n': 44.7%, 'libelle ecriture': 50.1%, 'solde final': 40.8%}
INFO:app.services.upload_service:Upload 90: 98 accounts inserted. Detected columns: ['account_code', 'label', 'solde_final']
INFO:app.services.upload_service:File saved: app/uploads\balance_2021_utf.csv
INFO:app.services.upload_service:Upload registered with ID: 91
INFO:app.services.upload_service:Starting to parse upload 91: balance_2021_utf.csv
INFO:app.utils.helpers:Successfully decoded first line with utf-8
INFO:app.utils.helpers:Detected delimiter: ';' from: {',': 0, ';': 6, '\t': 0, '|': 0}
INFO:app.utils.helpers:CSV read successfully: 106 rows, 7 columns
INFO:app.services.csv_parsing_service:Raw columns after reading CSV: ['col_0', 'col_1', 'col_2', 'col_3', 'col_4', 'col_5', 'col_6']
INFO:app.services.header_detector:Detected header at row 2: ['N°', 'Libellé écriture', 'Solde Final', '', '', '', '']
INFO:app.services.csv_parsing_service:Preparing DataFrame: normalizing column names and data...
INFO:app.services.preparation_service:Starting DataFrame preparation...
INFO:app.services.preparation_service:Normalized column names: {'N°': 'n', 'Libellé écriture': 'libelle ecriture', 'Solde Final': 'solde final', '': ''}
INFO:app.services.preparation_service:Removed empty columns. Remaining: ['n', 'libelle ecriture', 'solde final']
INFO:app.services.preparation_service:DataFrame preparation complete
INFO:app.services.csv_parsing_service:Columns after preparation: ['n', 'libelle ecriture', 'solde final']
INFO:app.services.csv_parsing_service:Starting NLP-based column classification with semantic matching...
INFO:app.services.column_classifier:Processing column: 'n' \u2192 normalized: 'n'
INFO:app.services.semantic_classifier:Loading semantic model: sentence-transformers/all-MiniLM-L6-v2
INFO:sentence_transformers.SentenceTransformer:Use pytorch device_name: cpu
INFO:sentence_transformers.SentenceTransformer:Load pretrained SentenceTransformer: sentence-transformers/all-MiniLM-L6-v2
INFO:httpx:HTTP Request: HEAD https://huggingface.co/sentence-transformers/all-MiniLM-L6-v2/resolve/main/modules.json "HTTP/1.1 307 Temporary Redirect"
INFO:httpx:HTTP Request: HEAD https://huggingface.co/api/resolve-cache/models/sentence-transformers/all-MiniLM-L6-v2/c9745ed1d9f207416be6d2e6f8de32d1f16199bf/modules.json "HTTP/1.1 200 OK"
INFO:httpx:HTTP Request: HEAD https://huggingface.co/sentence-transformers/all-MiniLM-L6-v2/resolve/main/config_sentence_transformers.json "HTTP/1.1 307 Temporary Redirect"
INFO:httpx:HTTP Request: HEAD https://huggingface.co/api/resolve-cache/models/sentence-transformers/all-MiniLM-L6-v2/c9745ed1d9f207416be6d2e6f8de32d1f16199bf/config_sentence_transformers.json "HTTP/1.1 200 OK"
INFO:httpx:HTTP Request: HEAD https://huggingface.co/sentence-transformers/all-MiniLM-L6-v2/resolve/main/config_sentence_transformers.json "HTTP/1.1 307 Temporary Redirect"
WARNING:huggingface_hub.utils._http:Warning: You are sending unauthenticated requests to the HF Hub. Please set a HF_TOKEN to enable higher rate limits and faster downloads.
INFO:httpx:HTTP Request: HEAD https://huggingface.co/api/resolve-cache/models/sentence-transformers/all-MiniLM-L6-v2/c9745ed1d9f207416be6d2e6f8de32d1f16199bf/config_sentence_transformers.json "HTTP/1.1 200 OK"
INFO:httpx:HTTP Request: HEAD https://huggingface.co/sentence-transformers/all-MiniLM-L6-v2/resolve/main/README.md "HTTP/1.1 307 Temporary Redirect"
INFO:httpx:HTTP Request: HEAD https://huggingface.co/api/resolve-cache/models/sentence-transformers/all-MiniLM-L6-v2/c9745ed1d9f207416be6d2e6f8de32d1f16199bf/README.md "HTTP/1.1 200 OK"
INFO:httpx:HTTP Request: HEAD https://huggingface.co/sentence-transformers/all-MiniLM-L6-v2/resolve/main/modules.json "HTTP/1.1 307 Temporary Redirect"
INFO:httpx:HTTP Request: HEAD https://huggingface.co/api/resolve-cache/models/sentence-transformers/all-MiniLM-L6-v2/c9745ed1d9f207416be6d2e6f8de32d1f16199bf/modules.json "HTTP/1.1 200 OK"
INFO:httpx:HTTP Request: HEAD https://huggingface.co/sentence-transformers/all-MiniLM-L6-v2/resolve/main/sentence_bert_config.json "HTTP/1.1 307 Temporary Redirect"
INFO:httpx:HTTP Request: HEAD https://huggingface.co/api/resolve-cache/models/sentence-transformers/all-MiniLM-L6-v2/c9745ed1d9f207416be6d2e6f8de32d1f16199bf/sentence_bert_config.json "HTTP/1.1 200 OK"
INFO:httpx:HTTP Request: HEAD https://huggingface.co/sentence-transformers/all-MiniLM-L6-v2/resolve/main/adapter_config.json "HTTP/1.1 404 Not Found"
INFO:httpx:HTTP Request: HEAD https://huggingface.co/sentence-transformers/all-MiniLM-L6-v2/resolve/main/config.json "HTTP/1.1 307 Temporary Redirect"
INFO:httpx:HTTP Request: HEAD https://huggingface.co/api/resolve-cache/models/sentence-transformers/all-MiniLM-L6-v2/c9745ed1d9f207416be6d2e6f8de32d1f16199bf/config.json "HTTP/1.1 200 OK"
INFO:httpx:HTTP Request: HEAD https://huggingface.co/sentence-transformers/all-MiniLM-L6-v2/resolve/main/config.json "HTTP/1.1 307 Temporary Redirect"
INFO:httpx:HTTP Request: HEAD https://huggingface.co/api/resolve-cache/models/sentence-transformers/all-MiniLM-L6-v2/c9745ed1d9f207416be6d2e6f8de32d1f16199bf/config.json "HTTP/1.1 200 OK"
INFO:httpx:HTTP Request: HEAD https://huggingface.co/sentence-transformers/all-MiniLM-L6-v2/resolve/main/tokenizer_config.json "HTTP/1.1 307 Temporary Redirect"
INFO:httpx:HTTP Request: HEAD https://huggingface.co/api/resolve-cache/models/sentence-transformers/all-MiniLM-L6-v2/c9745ed1d9f207416be6d2e6f8de32d1f16199bf/tokenizer_config.json "HTTP/1.1 200 OK"
INFO:httpx:HTTP Request: GET https://huggingface.co/api/models/sentence-transformers/all-MiniLM-L6-v2/tree/main/additional_chat_templates?recursive=false&expand=false "HTTP/1.1 404 Not Found"
INFO:httpx:HTTP Request: GET https://huggingface.co/api/models/sentence-transformers/all-MiniLM-L6-v2/tree/main?recursive=true&expand=false "HTTP/1.1 200 OK"
INFO:httpx:HTTP Request: HEAD https://huggingface.co/sentence-transformers/all-MiniLM-L6-v2/resolve/main/1_Pooling/config.json "HTTP/1.1 307 Temporary Redirect"
INFO:httpx:HTTP Request: HEAD https://huggingface.co/api/resolve-cache/models/sentence-transformers/all-MiniLM-L6-v2/c9745ed1d9f207416be6d2e6f8de32d1f16199bf/1_Pooling%2Fconfig.json "HTTP/1.1 200 OK"
INFO:httpx:HTTP Request: GET https://huggingface.co/api/models/sentence-transformers/all-MiniLM-L6-v2 "HTTP/1.1 200 OK"
INFO:app.services.semantic_classifier:Semantic model loaded successfully
INFO:app.services.column_classifier:\u2713 Mapped 'n' \u2192 'account_code' (confidence: 44.7%) [semantic=2.7, fuzzy=30.0, content=12.0]
INFO:app.services.column_classifier:Processing column: 'libelle ecriture' \u2192 normalized: 'libelle ecriture'
INFO:app.services.column_classifier:\u2713 Mapped 'libelle ecriture' \u2192 'label' (confidence: 46.3%) [semantic=1.3, fuzzy=30.0, content=15.0]
INFO:app.services.column_classifier:Processing column: 'solde final' \u2192 normalized: 'solde final'
INFO:app.services.column_classifier:\u2713 Mapped 'solde final' \u2192 'solde_final' (confidence: 40.8%) [semantic=10.8, fuzzy=30.0, content=0.0]
INFO:app.services.column_classifier:Validating and boosting confidence scores using content analysis...
WARNING:app.services.semantic_classifier:\u26a0 Suspicious classification: 'solde final' \u2192 'solde_final' (confidence=40.8%, content_score=0.0)
INFO:app.services.column_classifier:Final column mapping: {'n': 'account_code', 'libelle ecriture': 'label', 'solde final': 'solde_final'}
INFO:app.services.column_classifier:Confidence scores: [('n', '44.7%'), ('libelle ecriture', '50.1%'), ('solde final', '40.8%')]
INFO:app.services.csv_parsing_service:Column classification results with confidence:
INFO:app.services.csv_parsing_service:  'n' \u2192 'account_code' (confidence: 44.7%)
INFO:app.services.csv_parsing_service:  'libelle ecriture' \u2192 'label' (confidence: 50.1%)
INFO:app.services.csv_parsing_service:  'solde final' \u2192 'solde_final' (confidence: 40.8%)
INFO:app.services.data_extractor:Reverse mapping: {'account_code': ['n'], 'label': ['libelle ecriture'], 'solde_final': ['solde final']}
INFO:app.services.data_extractor:Rename dict (respecting column order): {'n': 'account_code', 'libelle ecriture': 'label', 'solde final': 'solde_final'}
INFO:app.services.data_extractor:DataFrame columns after renaming: ['account_code', 'label', 'solde_final']
INFO:app.services.data_extractor:DataFrame shape: (106, 3)
INFO:app.services.data_extractor:DataFrame sample:
   account_code             label  solde_final
0  BALANCE 2021                               
1                                             
2            N°  Libellé écriture  Solde Final
3      10100000           CAPITAL   -1 000,000
4      11100000    RESERVE LEGALE             
INFO:app.services.data_extractor:Converted column 'solde_final' to numeric
INFO:app.services.data_extractor:Rows before filtering: 106
INFO:app.services.data_extractor:Rows after filtering: 100
INFO:app.services.data_extractor:Sample data:
   account_code               label  solde_final
0  BALANCE 2021                              NaN
2            N°    Libellé écriture          NaN
3      10100000             CAPITAL      -1000.0
4      11100000      RESERVE LEGALE          NaN
5      12100000  RESULTATS REPORTES    -150000.0
INFO:app.services.data_extractor:Successfully extracted 100 records
INFO:root:Upload 91: Encoding=UTF-8-SIG, Delimiter=;, Columns={'n': 'account_code', 'libelle ecriture': 'label', 'solde final': 'solde_final'}, Confidence_Scores={'n': 44.7%, 'libelle ecriture': 50.1%, 'solde final': 40.8%}
INFO:app.services.upload_service:Upload 91: 98 accounts inserted. Detected columns: ['account_code', 'label', 'solde_final']
INFO:app.services.upload_service:File saved: app/uploads\changedcol– Copie 1(in).csv
INFO:app.services.upload_service:Upload registered with ID: 92
INFO:app.services.upload_service:Starting to parse upload 92: changedcol– Copie 1(in).csv
INFO:app.utils.helpers:Successfully decoded first line with utf-8
INFO:app.utils.helpers:Detected delimiter: ';' from: {',': 0, ';': 7, '\t': 0, '|': 0}
INFO:app.utils.helpers:CSV read successfully: 166 rows, 8 columns
INFO:app.services.csv_parsing_service:Raw columns after reading CSV: ['col_0', 'col_1', 'col_2', 'col_3', 'col_4', 'col_5', 'col_6', 'col_7']
INFO:app.services.header_detector:Detected header at row 0: ['Compte', 'Intitulé', 'Débit', 'Crédit', 'Solde pér Dbt', 'Solde pér Cdt', 'Solde fin Dbt', 'Solde fin Cdt']
INFO:app.services.csv_parsing_service:Preparing DataFrame: normalizing column names and data...
INFO:app.services.preparation_service:Starting DataFrame preparation...
INFO:app.services.preparation_service:Normalized column names: {'Compte': 'compte', 'Intitulé': 'intitule', 'Débit': 'debit', 'Crédit': 'credit', 'Solde pér Dbt': 'solde per dbt', 'Solde pér Cdt': 'solde per cdt', 'Solde fin Dbt': 'solde fin dbt', 'Solde fin Cdt': 'solde fin cdt'}
INFO:app.services.preparation_service:Removed empty columns. Remaining: ['compte', 'intitule', 'debit', 'credit', 'solde per dbt', 'solde per cdt', 'solde fin dbt', 'solde fin cdt']
INFO:app.services.preparation_service:DataFrame preparation complete
INFO:app.services.csv_parsing_service:Columns after preparation: ['compte', 'intitule', 'debit', 'credit', 'solde per dbt', 'solde per cdt', 'solde fin dbt', 'solde fin cdt']
INFO:app.services.csv_parsing_service:Starting NLP-based column classification with semantic matching...
INFO:app.services.column_classifier:Processing column: 'compte' \u2192 normalized: 'compte'
INFO:app.services.semantic_classifier:Loading semantic model: sentence-transformers/all-MiniLM-L6-v2
INFO:sentence_transformers.SentenceTransformer:Use pytorch device_name: cpu
INFO:sentence_transformers.SentenceTransformer:Load pretrained SentenceTransformer: sentence-transformers/all-MiniLM-L6-v2
INFO:httpx:HTTP Request: HEAD https://huggingface.co/sentence-transformers/all-MiniLM-L6-v2/resolve/main/modules.json "HTTP/1.1 307 Temporary Redirect"
WARNING:huggingface_hub.utils._http:Warning: You are sending unauthenticated requests to the HF Hub. Please set a HF_TOKEN to enable higher rate limits and faster downloads.
INFO:httpx:HTTP Request: HEAD https://huggingface.co/api/resolve-cache/models/sentence-transformers/all-MiniLM-L6-v2/c9745ed1d9f207416be6d2e6f8de32d1f16199bf/modules.json "HTTP/1.1 200 OK"
INFO:httpx:HTTP Request: HEAD https://huggingface.co/sentence-transformers/all-MiniLM-L6-v2/resolve/main/config_sentence_transformers.json "HTTP/1.1 307 Temporary Redirect"
INFO:httpx:HTTP Request: HEAD https://huggingface.co/api/resolve-cache/models/sentence-transformers/all-MiniLM-L6-v2/c9745ed1d9f207416be6d2e6f8de32d1f16199bf/config_sentence_transformers.json "HTTP/1.1 200 OK"
INFO:httpx:HTTP Request: HEAD https://huggingface.co/sentence-transformers/all-MiniLM-L6-v2/resolve/main/config_sentence_transformers.json "HTTP/1.1 307 Temporary Redirect"
INFO:httpx:HTTP Request: HEAD https://huggingface.co/api/resolve-cache/models/sentence-transformers/all-MiniLM-L6-v2/c9745ed1d9f207416be6d2e6f8de32d1f16199bf/config_sentence_transformers.json "HTTP/1.1 200 OK"
INFO:httpx:HTTP Request: HEAD https://huggingface.co/sentence-transformers/all-MiniLM-L6-v2/resolve/main/README.md "HTTP/1.1 307 Temporary Redirect"
INFO:httpx:HTTP Request: HEAD https://huggingface.co/api/resolve-cache/models/sentence-transformers/all-MiniLM-L6-v2/c9745ed1d9f207416be6d2e6f8de32d1f16199bf/README.md "HTTP/1.1 200 OK"
INFO:httpx:HTTP Request: HEAD https://huggingface.co/sentence-transformers/all-MiniLM-L6-v2/resolve/main/modules.json "HTTP/1.1 307 Temporary Redirect"
INFO:httpx:HTTP Request: HEAD https://huggingface.co/api/resolve-cache/models/sentence-transformers/all-MiniLM-L6-v2/c9745ed1d9f207416be6d2e6f8de32d1f16199bf/modules.json "HTTP/1.1 200 OK"
INFO:httpx:HTTP Request: HEAD https://huggingface.co/sentence-transformers/all-MiniLM-L6-v2/resolve/main/sentence_bert_config.json "HTTP/1.1 307 Temporary Redirect"
INFO:httpx:HTTP Request: HEAD https://huggingface.co/api/resolve-cache/models/sentence-transformers/all-MiniLM-L6-v2/c9745ed1d9f207416be6d2e6f8de32d1f16199bf/sentence_bert_config.json "HTTP/1.1 200 OK"
INFO:httpx:HTTP Request: HEAD https://huggingface.co/sentence-transformers/all-MiniLM-L6-v2/resolve/main/adapter_config.json "HTTP/1.1 404 Not Found"
INFO:httpx:HTTP Request: HEAD https://huggingface.co/sentence-transformers/all-MiniLM-L6-v2/resolve/main/config.json "HTTP/1.1 307 Temporary Redirect"
INFO:httpx:HTTP Request: HEAD https://huggingface.co/api/resolve-cache/models/sentence-transformers/all-MiniLM-L6-v2/c9745ed1d9f207416be6d2e6f8de32d1f16199bf/config.json "HTTP/1.1 200 OK"
INFO:httpx:HTTP Request: HEAD https://huggingface.co/sentence-transformers/all-MiniLM-L6-v2/resolve/main/config.json "HTTP/1.1 307 Temporary Redirect"
INFO:httpx:HTTP Request: HEAD https://huggingface.co/api/resolve-cache/models/sentence-transformers/all-MiniLM-L6-v2/c9745ed1d9f207416be6d2e6f8de32d1f16199bf/config.json "HTTP/1.1 200 OK"
INFO:httpx:HTTP Request: HEAD https://huggingface.co/sentence-transformers/all-MiniLM-L6-v2/resolve/main/tokenizer_config.json "HTTP/1.1 307 Temporary Redirect"
INFO:httpx:HTTP Request: HEAD https://huggingface.co/api/resolve-cache/models/sentence-transformers/all-MiniLM-L6-v2/c9745ed1d9f207416be6d2e6f8de32d1f16199bf/tokenizer_config.json "HTTP/1.1 200 OK"
INFO:httpx:HTTP Request: GET https://huggingface.co/api/models/sentence-transformers/all-MiniLM-L6-v2/tree/main/additional_chat_templates?recursive=false&expand=false "HTTP/1.1 404 Not Found"
INFO:httpx:HTTP Request: GET https://huggingface.co/api/models/sentence-transformers/all-MiniLM-L6-v2/tree/main?recursive=true&expand=false "HTTP/1.1 200 OK"
INFO:httpx:HTTP Request: HEAD https://huggingface.co/sentence-transformers/all-MiniLM-L6-v2/resolve/main/1_Pooling/config.json "HTTP/1.1 307 Temporary Redirect"
INFO:httpx:HTTP Request: HEAD https://huggingface.co/api/resolve-cache/models/sentence-transformers/all-MiniLM-L6-v2/c9745ed1d9f207416be6d2e6f8de32d1f16199bf/1_Pooling%2Fconfig.json "HTTP/1.1 200 OK"
INFO:httpx:HTTP Request: GET https://huggingface.co/api/models/sentence-transformers/all-MiniLM-L6-v2 "HTTP/1.1 200 OK"
INFO:app.services.semantic_classifier:Semantic model loaded successfully
INFO:app.services.column_classifier:\u2713 Mapped 'compte' \u2192 'account_code' (confidence: 42.0%) [semantic=0.0, fuzzy=30.0, content=12.0]
INFO:app.services.column_classifier:Processing column: 'intitule' \u2192 normalized: 'intitule'
INFO:app.services.column_classifier:\u2713 Mapped 'intitule' \u2192 'label' (confidence: 45.0%) [semantic=0.0, fuzzy=30.0, content=15.0]
INFO:app.services.column_classifier:Processing column: 'debit' \u2192 normalized: 'debit'
INFO:app.services.column_classifier:\u2713 Mapped 'debit' \u2192 'debit' (confidence: 80.3%) [semantic=30.3, fuzzy=30.0, content=20.0]
INFO:app.services.column_classifier:Processing column: 'credit' \u2192 normalized: 'credit'
INFO:app.services.column_classifier:\u2713 Mapped 'credit' \u2192 'credit' (confidence: 69.0%) [semantic=21.0, fuzzy=30.0, content=18.0]
INFO:app.services.column_classifier:Processing column: 'solde per dbt' \u2192 normalized: 'solde per dbt'
INFO:app.services.column_classifier:\u2713 Mapped 'solde per dbt' \u2192 'solde_debit' (confidence: 57.0%) [semantic=7.0, fuzzy=30.0, content=20.0]
INFO:app.services.column_classifier:Processing column: 'solde per cdt' \u2192 normalized: 'solde per cdt'
INFO:app.services.column_classifier:\u2713 Mapped 'solde per cdt' \u2192 'solde_credit' (confidence: 48.4%) [semantic=3.4, fuzzy=30.0, content=15.0]
INFO:app.services.column_classifier:Processing column: 'solde fin dbt' \u2192 normalized: 'solde fin dbt'
INFO:app.services.column_classifier:\u2713 Mapped 'solde fin dbt' \u2192 'solde_final_debit' (confidence: 57.9%) [semantic=7.9, fuzzy=30.0, content=20.0]
INFO:app.services.column_classifier:Processing column: 'solde fin cdt' \u2192 normalized: 'solde fin cdt'
INFO:app.services.column_classifier:\u2713 Mapped 'solde fin cdt' \u2192 'solde_final_credit' (confidence: 49.6%) [semantic=4.6, fuzzy=30.0, content=15.0]
INFO:app.services.column_classifier:Validating and boosting confidence scores using content analysis...
INFO:app.services.column_classifier:Final column mapping: {'compte': 'account_code', 'intitule': 'label', 'debit': 'debit', 'credit': 'credit', 'solde per dbt': 'solde_debit', 'solde per cdt': 'solde_credit', 'solde fin dbt': 'solde_final_debit', 'solde fin cdt': 'solde_final_credit'}
INFO:app.services.column_classifier:Confidence scores: [('compte', '42.0%'), ('intitule', '48.8%'), ('debit', '85.3%'), ('credit', '73.5%'), ('solde per dbt', '62.0%'), ('solde per cdt', '52.2%'), ('solde fin dbt', '62.9%'), ('solde fin cdt', '53.4%')]
INFO:app.services.csv_parsing_service:Column classification results with confidence:
INFO:app.services.csv_parsing_service:  'compte' \u2192 'account_code' (confidence: 42.0%)
INFO:app.services.csv_parsing_service:  'intitule' \u2192 'label' (confidence: 48.8%)
INFO:app.services.csv_parsing_service:  'debit' \u2192 'debit' (confidence: 85.3%)
INFO:app.services.csv_parsing_service:  'credit' \u2192 'credit' (confidence: 73.5%)
INFO:app.services.csv_parsing_service:  'solde per dbt' \u2192 'solde_debit' (confidence: 62.0%)
INFO:app.services.csv_parsing_service:  'solde per cdt' \u2192 'solde_credit' (confidence: 52.2%)
INFO:app.services.csv_parsing_service:  'solde fin dbt' \u2192 'solde_final_debit' (confidence: 62.9%)
INFO:app.services.csv_parsing_service:  'solde fin cdt' \u2192 'solde_final_credit' (confidence: 53.4%)
INFO:app.services.data_extractor:Reverse mapping: {'account_code': ['compte'], 'label': ['intitule'], 'debit': ['debit'], 'credit': ['credit'], 'solde_debit': ['solde per dbt'], 'solde_credit': ['solde per cdt'], 'solde_final_debit': ['solde fin dbt'], 'solde_final_credit': ['solde fin cdt']}
INFO:app.services.data_extractor:Rename dict (respecting column order): {'compte': 'account_code', 'intitule': 'label', 'debit': 'debit', 'credit': 'credit', 'solde per dbt': 'solde_debit', 'solde per cdt': 'solde_credit', 'solde fin dbt': 'solde_final_debit', 'solde fin cdt': 'solde_final_credit'}
INFO:app.services.data_extractor:DataFrame columns after renaming: ['account_code', 'label', 'debit', 'credit', 'solde_debit', 'solde_credit', 'solde_final_debit', 'solde_final_credit']
INFO:app.services.data_extractor:DataFrame shape: (166, 8)
INFO:app.services.data_extractor:DataFrame sample:
  account_code                           label      debit  ...   solde_credit solde_final_debit solde_final_credit
0       compte                        intitule      Débit  ...  Solde pér Cdt     Solde fin Dbt      Solde fin Cdt
1     10100000                  capital social          0  ...       12400000                 0           12400000
2     10900000  actionnaire capital non appele       3140  ...              0                10                  0
3     16210000                emprunt bancaire          0  ...       21100000                 0           21100000
4     16220000                 emprunt leasing  129604,98  ...     1298680,66                 0         1298680,66

[5 rows x 8 columns]
INFO:app.services.data_extractor:Converted column 'debit' to numeric
INFO:app.services.data_extractor:Converted column 'credit' to numeric
INFO:app.services.data_extractor:Converted column 'solde_debit' to numeric
INFO:app.services.data_extractor:Converted column 'solde_credit' to numeric
INFO:app.services.data_extractor:Converted column 'solde_final_debit' to numeric
INFO:app.services.data_extractor:Converted column 'solde_final_credit' to numeric
INFO:app.services.data_extractor:Rows before filtering: 166
INFO:app.services.data_extractor:Rows after filtering: 166
INFO:app.services.data_extractor:Sample data:
  account_code                           label      debit  ...  solde_credit  solde_final_debit  solde_final_credit
0       compte                        intitule        NaN  ...           NaN                NaN                 NaN
1     10100000                  capital social       0.00  ...   12400000.00                0.0         12400000.00
2     10900000  actionnaire capital non appele    3140.00  ...          0.00               10.0                0.00
3     16210000                emprunt bancaire       0.00  ...   21100000.00                0.0         21100000.00
4     16220000                 emprunt leasing  129604.98  ...    1298680.66                0.0          1298680.66

[5 rows x 8 columns]
INFO:app.services.data_extractor:Successfully extracted 166 records
INFO:root:Upload 92: Encoding=UTF-8-SIG, Delimiter=;, Columns={'compte': 'account_code', 'intitule': 'label', 'debit': 'debit', 'credit': 'credit', 'solde per dbt': 'solde_debit', 'solde per cdt': 'solde_credit', 'solde fin dbt': 'solde_final_debit', 'solde fin cdt': 'solde_final_credit'}, Confidence_Scores={'compte': 42.0%, 'intitule': 48.8%, 'debit': 85.3%, 'credit': 73.5%, 'solde per dbt': 62.0%, 'solde per cdt': 52.2%, 'solde fin dbt': 62.9%, 'solde fin cdt': 53.4%}
INFO:app.services.upload_service:Upload 92: 165 accounts inserted. Detected columns: ['account_code', 'label', 'debit', 'credit', 'solde_debit', 'solde_credit', 'solde_final_debit', 'solde_final_credit']
INFO:app.services.upload_service:File saved: app/uploads\changedcol– Copie 1(in).csv
INFO:app.services.upload_service:Upload registered with ID: 93
INFO:app.services.upload_service:Starting to parse upload 93: changedcol– Copie 1(in).csv
INFO:app.utils.helpers:Successfully decoded first line with utf-8
INFO:app.utils.helpers:Detected delimiter: ';' from: {',': 0, ';': 7, '\t': 0, '|': 0}
INFO:app.utils.helpers:CSV read successfully: 166 rows, 8 columns
INFO:app.services.csv_parsing_service:Raw columns after reading CSV: ['col_0', 'col_1', 'col_2', 'col_3', 'col_4', 'col_5', 'col_6', 'col_7']
INFO:app.services.header_detector:Detected header at row 0: ['Compte', 'Intitulé', 'Débit', 'Crédit', 'Solde pér Dbt', 'Solde pér Cdt', 'Solde fin Dbt', 'Solde fin Cdt']
INFO:app.services.csv_parsing_service:Preparing DataFrame: normalizing column names and data...
INFO:app.services.preparation_service:Starting DataFrame preparation...
INFO:app.services.preparation_service:Normalized column names: {'Compte': 'compte', 'Intitulé': 'intitule', 'Débit': 'debit', 'Crédit': 'credit', 'Solde pér Dbt': 'solde per dbt', 'Solde pér Cdt': 'solde per cdt', 'Solde fin Dbt': 'solde fin dbt', 'Solde fin Cdt': 'solde fin cdt'}
INFO:app.services.preparation_service:Removed empty columns. Remaining: ['compte', 'intitule', 'debit', 'credit', 'solde per dbt', 'solde per cdt', 'solde fin dbt', 'solde fin cdt']
INFO:app.services.preparation_service:DataFrame preparation complete
INFO:app.services.csv_parsing_service:Columns after preparation: ['compte', 'intitule', 'debit', 'credit', 'solde per dbt', 'solde per cdt', 'solde fin dbt', 'solde fin cdt']
INFO:app.services.csv_parsing_service:Starting NLP-based column classification with semantic matching...
INFO:app.services.column_classifier:Processing column: 'compte' \u2192 normalized: 'compte'
INFO:app.services.semantic_classifier:Loading semantic model: sentence-transformers/all-MiniLM-L6-v2
INFO:sentence_transformers.SentenceTransformer:Use pytorch device_name: cpu
INFO:sentence_transformers.SentenceTransformer:Load pretrained SentenceTransformer: sentence-transformers/all-MiniLM-L6-v2
INFO:httpx:HTTP Request: HEAD https://huggingface.co/sentence-transformers/all-MiniLM-L6-v2/resolve/main/modules.json "HTTP/1.1 307 Temporary Redirect"
INFO:httpx:HTTP Request: HEAD https://huggingface.co/api/resolve-cache/models/sentence-transformers/all-MiniLM-L6-v2/c9745ed1d9f207416be6d2e6f8de32d1f16199bf/modules.json "HTTP/1.1 200 OK"
INFO:httpx:HTTP Request: HEAD https://huggingface.co/sentence-transformers/all-MiniLM-L6-v2/resolve/main/config_sentence_transformers.json "HTTP/1.1 307 Temporary Redirect"
INFO:httpx:HTTP Request: HEAD https://huggingface.co/api/resolve-cache/models/sentence-transformers/all-MiniLM-L6-v2/c9745ed1d9f207416be6d2e6f8de32d1f16199bf/config_sentence_transformers.json "HTTP/1.1 200 OK"
INFO:httpx:HTTP Request: HEAD https://huggingface.co/sentence-transformers/all-MiniLM-L6-v2/resolve/main/config_sentence_transformers.json "HTTP/1.1 307 Temporary Redirect"
INFO:httpx:HTTP Request: HEAD https://huggingface.co/api/resolve-cache/models/sentence-transformers/all-MiniLM-L6-v2/c9745ed1d9f207416be6d2e6f8de32d1f16199bf/config_sentence_transformers.json "HTTP/1.1 200 OK"
INFO:httpx:HTTP Request: HEAD https://huggingface.co/sentence-transformers/all-MiniLM-L6-v2/resolve/main/README.md "HTTP/1.1 307 Temporary Redirect"
WARNING:huggingface_hub.utils._http:Warning: You are sending unauthenticated requests to the HF Hub. Please set a HF_TOKEN to enable higher rate limits and faster downloads.
INFO:httpx:HTTP Request: HEAD https://huggingface.co/api/resolve-cache/models/sentence-transformers/all-MiniLM-L6-v2/c9745ed1d9f207416be6d2e6f8de32d1f16199bf/README.md "HTTP/1.1 200 OK"
INFO:httpx:HTTP Request: HEAD https://huggingface.co/sentence-transformers/all-MiniLM-L6-v2/resolve/main/modules.json "HTTP/1.1 307 Temporary Redirect"
INFO:httpx:HTTP Request: HEAD https://huggingface.co/api/resolve-cache/models/sentence-transformers/all-MiniLM-L6-v2/c9745ed1d9f207416be6d2e6f8de32d1f16199bf/modules.json "HTTP/1.1 200 OK"
INFO:httpx:HTTP Request: HEAD https://huggingface.co/sentence-transformers/all-MiniLM-L6-v2/resolve/main/sentence_bert_config.json "HTTP/1.1 307 Temporary Redirect"
INFO:httpx:HTTP Request: HEAD https://huggingface.co/api/resolve-cache/models/sentence-transformers/all-MiniLM-L6-v2/c9745ed1d9f207416be6d2e6f8de32d1f16199bf/sentence_bert_config.json "HTTP/1.1 200 OK"
INFO:httpx:HTTP Request: HEAD https://huggingface.co/sentence-transformers/all-MiniLM-L6-v2/resolve/main/adapter_config.json "HTTP/1.1 404 Not Found"
INFO:httpx:HTTP Request: HEAD https://huggingface.co/sentence-transformers/all-MiniLM-L6-v2/resolve/main/config.json "HTTP/1.1 307 Temporary Redirect"
INFO:httpx:HTTP Request: HEAD https://huggingface.co/api/resolve-cache/models/sentence-transformers/all-MiniLM-L6-v2/c9745ed1d9f207416be6d2e6f8de32d1f16199bf/config.json "HTTP/1.1 200 OK"
INFO:httpx:HTTP Request: HEAD https://huggingface.co/sentence-transformers/all-MiniLM-L6-v2/resolve/main/config.json "HTTP/1.1 307 Temporary Redirect"
INFO:httpx:HTTP Request: HEAD https://huggingface.co/api/resolve-cache/models/sentence-transformers/all-MiniLM-L6-v2/c9745ed1d9f207416be6d2e6f8de32d1f16199bf/config.json "HTTP/1.1 200 OK"
INFO:httpx:HTTP Request: HEAD https://huggingface.co/sentence-transformers/all-MiniLM-L6-v2/resolve/main/tokenizer_config.json "HTTP/1.1 307 Temporary Redirect"
INFO:httpx:HTTP Request: HEAD https://huggingface.co/api/resolve-cache/models/sentence-transformers/all-MiniLM-L6-v2/c9745ed1d9f207416be6d2e6f8de32d1f16199bf/tokenizer_config.json "HTTP/1.1 200 OK"
INFO:httpx:HTTP Request: GET https://huggingface.co/api/models/sentence-transformers/all-MiniLM-L6-v2/tree/main/additional_chat_templates?recursive=false&expand=false "HTTP/1.1 404 Not Found"
INFO:httpx:HTTP Request: GET https://huggingface.co/api/models/sentence-transformers/all-MiniLM-L6-v2/tree/main?recursive=true&expand=false "HTTP/1.1 200 OK"
INFO:httpx:HTTP Request: HEAD https://huggingface.co/sentence-transformers/all-MiniLM-L6-v2/resolve/main/1_Pooling/config.json "HTTP/1.1 307 Temporary Redirect"
INFO:httpx:HTTP Request: HEAD https://huggingface.co/api/resolve-cache/models/sentence-transformers/all-MiniLM-L6-v2/c9745ed1d9f207416be6d2e6f8de32d1f16199bf/1_Pooling%2Fconfig.json "HTTP/1.1 200 OK"
INFO:httpx:HTTP Request: GET https://huggingface.co/api/models/sentence-transformers/all-MiniLM-L6-v2 "HTTP/1.1 200 OK"
INFO:app.services.semantic_classifier:Semantic model loaded successfully
INFO:app.services.column_classifier:\u2713 Mapped 'compte' \u2192 'account_code' (confidence: 42.0%) [semantic=0.0, fuzzy=30.0, content=12.0]
INFO:app.services.column_classifier:Processing column: 'intitule' \u2192 normalized: 'intitule'
INFO:app.services.column_classifier:\u2713 Mapped 'intitule' \u2192 'label' (confidence: 45.0%) [semantic=0.0, fuzzy=30.0, content=15.0]
INFO:app.services.column_classifier:Processing column: 'debit' \u2192 normalized: 'debit'
INFO:app.services.column_classifier:\u2713 Mapped 'debit' \u2192 'debit' (confidence: 82.1%) [semantic=32.1, fuzzy=30.0, content=20.0]
INFO:app.services.column_classifier:Processing column: 'credit' \u2192 normalized: 'credit'
INFO:app.services.column_classifier:\u2713 Mapped 'credit' \u2192 'credit' (confidence: 69.7%) [semantic=21.7, fuzzy=30.0, content=18.0]
INFO:app.services.column_classifier:Processing column: 'solde per dbt' \u2192 normalized: 'solde per dbt'
INFO:app.services.column_classifier:\u2713 Mapped 'solde per dbt' \u2192 'solde_debit' (confidence: 56.9%) [semantic=6.9, fuzzy=30.0, content=20.0]
INFO:app.services.column_classifier:Processing column: 'solde per cdt' \u2192 normalized: 'solde per cdt'
INFO:app.services.column_classifier:\u2713 Mapped 'solde per cdt' \u2192 'solde_credit' (confidence: 48.8%) [semantic=3.8, fuzzy=30.0, content=15.0]
INFO:app.services.column_classifier:Processing column: 'solde fin dbt' \u2192 normalized: 'solde fin dbt'
INFO:app.services.column_classifier:\u2713 Mapped 'solde fin dbt' \u2192 'solde_final_debit' (confidence: 58.1%) [semantic=8.1, fuzzy=30.0, content=20.0]
INFO:app.services.column_classifier:Processing column: 'solde fin cdt' \u2192 normalized: 'solde fin cdt'
INFO:app.services.column_classifier:\u2713 Mapped 'solde fin cdt' \u2192 'solde_final_credit' (confidence: 49.5%) [semantic=4.5, fuzzy=30.0, content=15.0]
INFO:app.services.column_classifier:Validating and boosting confidence scores using content analysis...
INFO:app.services.column_classifier:Final column mapping: {'compte': 'account_code', 'intitule': 'label', 'debit': 'debit', 'credit': 'credit', 'solde per dbt': 'solde_debit', 'solde per cdt': 'solde_credit', 'solde fin dbt': 'solde_final_debit', 'solde fin cdt': 'solde_final_credit'}
INFO:app.services.column_classifier:Confidence scores: [('compte', '42.0%'), ('intitule', '48.8%'), ('debit', '87.1%'), ('credit', '74.2%'), ('solde per dbt', '61.9%'), ('solde per cdt', '52.5%'), ('solde fin dbt', '63.1%'), ('solde fin cdt', '53.2%')]
INFO:app.services.csv_parsing_service:Column classification results with confidence:
INFO:app.services.csv_parsing_service:  'compte' \u2192 'account_code' (confidence: 42.0%)
INFO:app.services.csv_parsing_service:  'intitule' \u2192 'label' (confidence: 48.8%)
INFO:app.services.csv_parsing_service:  'debit' \u2192 'debit' (confidence: 87.1%)
INFO:app.services.csv_parsing_service:  'credit' \u2192 'credit' (confidence: 74.2%)
INFO:app.services.csv_parsing_service:  'solde per dbt' \u2192 'solde_debit' (confidence: 61.9%)
INFO:app.services.csv_parsing_service:  'solde per cdt' \u2192 'solde_credit' (confidence: 52.5%)
INFO:app.services.csv_parsing_service:  'solde fin dbt' \u2192 'solde_final_debit' (confidence: 63.1%)
INFO:app.services.csv_parsing_service:  'solde fin cdt' \u2192 'solde_final_credit' (confidence: 53.2%)
INFO:app.services.data_extractor:Reverse mapping: {'account_code': ['compte'], 'label': ['intitule'], 'debit': ['debit'], 'credit': ['credit'], 'solde_debit': ['solde per dbt'], 'solde_credit': ['solde per cdt'], 'solde_final_debit': ['solde fin dbt'], 'solde_final_credit': ['solde fin cdt']}
INFO:app.services.data_extractor:DataFrame columns after renaming: ['account_code', 'label', 'debit', 'credit', 'solde_debit', 'solde_credit', 'solde_final_debit', 'solde_final_credit']
INFO:app.services.data_extractor:DataFrame shape: (166, 8)
INFO:app.services.data_extractor:DataFrame sample:
  account_code                           label      debit  ...    solde_credit solde_final_debit solde_final_credit
0       Compte                        Intitulé      Débit  ...  Solde pér Cdt      Solde fin Dbt      Solde fin Cdt
1     10100000                  CAPITAL SOCIAL          0  ...        12400000                 0           12400000
2     10900000  ACTIONNAIRE CAPITAL NON APPELE       3140  ...               0                10                  0
3     16210000                EMPRUNT BANCAIRE          0  ...        21100000                 0           21100000
4     16220000                 EMPRUNT LEASING  129604,98  ...      1298680,66                 0         1298680,66

[5 rows x 8 columns]
INFO:app.services.data_extractor:Converted column 'debit' to numeric
INFO:app.services.data_extractor:Converted column 'credit' to numeric
INFO:app.services.data_extractor:Converted column 'solde_debit' to numeric
INFO:app.services.data_extractor:Converted column 'solde_credit' to numeric
INFO:app.services.data_extractor:Converted column 'solde_final_debit' to numeric
INFO:app.services.data_extractor:Converted column 'solde_final_credit' to numeric
INFO:app.services.data_extractor:Rows before filtering: 166
INFO:app.services.data_extractor:Rows after filtering: 166
INFO:app.services.data_extractor:Sample data:
  account_code                           label      debit  ...  solde_credit  solde_final_debit  solde_final_credit
0       Compte                        Intitulé        NaN  ...           NaN                NaN                 NaN
1     10100000                  CAPITAL SOCIAL       0.00  ...   12400000.00                0.0         12400000.00
2     10900000  ACTIONNAIRE CAPITAL NON APPELE    3140.00  ...          0.00               10.0                0.00
3     16210000                EMPRUNT BANCAIRE       0.00  ...   21100000.00                0.0         21100000.00
4     16220000                 EMPRUNT LEASING  129604.98  ...    1298680.66                0.0          1298680.66

[5 rows x 8 columns]
INFO:app.services.data_extractor:Successfully extracted 166 records
INFO:root:Upload 93: Encoding=UTF-8-SIG, Delimiter=;, Columns={'compte': 'account_code', 'intitule': 'label', 'debit': 'debit', 'credit': 'credit', 'solde per dbt': 'solde_debit', 'solde per cdt': 'solde_credit', 'solde fin dbt': 'solde_final_debit', 'solde fin cdt': 'solde_final_credit'}, Confidence_Scores={'compte': 42.0%, 'intitule': 48.8%, 'debit': 87.1%, 'credit': 74.2%, 'solde per dbt': 61.9%, 'solde per cdt': 52.5%, 'solde fin dbt': 63.1%, 'solde fin cdt': 53.2%}
INFO:app.services.upload_service:Upload 93: 165 accounts inserted. Detected columns: ['account_code', 'label', 'debit', 'credit', 'solde_debit', 'solde_credit', 'solde_final_debit', 'solde_final_credit']
INFO:app.services.upload_service:File saved: app/uploads\changedcol– Copie 1(in).csv
INFO:app.services.upload_service:Upload registered with ID: 94
INFO:app.services.upload_service:Starting to parse upload 94: changedcol– Copie 1(in).csv
INFO:app.utils.helpers:Successfully decoded first line with utf-8
INFO:app.utils.helpers:Detected delimiter: ';' from: {',': 0, ';': 7, '\t': 0, '|': 0}
INFO:app.utils.helpers:CSV read successfully: 166 rows, 8 columns
INFO:app.services.csv_parsing_service:Raw columns after reading CSV: ['col_0', 'col_1', 'col_2', 'col_3', 'col_4', 'col_5', 'col_6', 'col_7']
INFO:app.services.header_detector:Detected header at row 0: ['Compte', 'Intitulé', 'Débit', 'Crédit', 'Solde pér Dbt', 'Solde pér Cdt', 'Solde fin Dbt', 'Solde fin Cdt']
INFO:app.services.csv_parsing_service:Preparing DataFrame: normalizing column names and data...
INFO:app.services.preparation_service:Starting DataFrame preparation...
INFO:app.services.preparation_service:Normalized column names: {'Compte': 'compte', 'Intitulé': 'intitule', 'Débit': 'debit', 'Crédit': 'credit', 'Solde pér Dbt': 'solde per dbt', 'Solde pér Cdt': 'solde per cdt', 'Solde fin Dbt': 'solde fin dbt', 'Solde fin Cdt': 'solde fin cdt'}
INFO:app.services.preparation_service:Removed empty columns. Remaining: ['compte', 'intitule', 'debit', 'credit', 'solde per dbt', 'solde per cdt', 'solde fin dbt', 'solde fin cdt']
INFO:app.services.preparation_service:DataFrame preparation complete
INFO:app.services.csv_parsing_service:Columns after preparation: ['compte', 'intitule', 'debit', 'credit', 'solde per dbt', 'solde per cdt', 'solde fin dbt', 'solde fin cdt']
INFO:app.services.csv_parsing_service:Starting NLP-based column classification with semantic matching...
INFO:app.services.column_classifier:Processing column: 'compte' \u2192 normalized: 'compte'
INFO:app.services.semantic_classifier:Loading semantic model: sentence-transformers/all-MiniLM-L6-v2
INFO:sentence_transformers.SentenceTransformer:Use pytorch device_name: cpu
INFO:sentence_transformers.SentenceTransformer:Load pretrained SentenceTransformer: sentence-transformers/all-MiniLM-L6-v2
INFO:httpx:HTTP Request: HEAD https://huggingface.co/sentence-transformers/all-MiniLM-L6-v2/resolve/main/modules.json "HTTP/1.1 307 Temporary Redirect"
INFO:httpx:HTTP Request: HEAD https://huggingface.co/api/resolve-cache/models/sentence-transformers/all-MiniLM-L6-v2/c9745ed1d9f207416be6d2e6f8de32d1f16199bf/modules.json "HTTP/1.1 200 OK"
INFO:httpx:HTTP Request: HEAD https://huggingface.co/sentence-transformers/all-MiniLM-L6-v2/resolve/main/config_sentence_transformers.json "HTTP/1.1 307 Temporary Redirect"
INFO:httpx:HTTP Request: HEAD https://huggingface.co/api/resolve-cache/models/sentence-transformers/all-MiniLM-L6-v2/c9745ed1d9f207416be6d2e6f8de32d1f16199bf/config_sentence_transformers.json "HTTP/1.1 200 OK"
INFO:httpx:HTTP Request: HEAD https://huggingface.co/sentence-transformers/all-MiniLM-L6-v2/resolve/main/config_sentence_transformers.json "HTTP/1.1 307 Temporary Redirect"
INFO:httpx:HTTP Request: HEAD https://huggingface.co/api/resolve-cache/models/sentence-transformers/all-MiniLM-L6-v2/c9745ed1d9f207416be6d2e6f8de32d1f16199bf/config_sentence_transformers.json "HTTP/1.1 200 OK"
INFO:httpx:HTTP Request: HEAD https://huggingface.co/sentence-transformers/all-MiniLM-L6-v2/resolve/main/README.md "HTTP/1.1 307 Temporary Redirect"
INFO:httpx:HTTP Request: HEAD https://huggingface.co/api/resolve-cache/models/sentence-transformers/all-MiniLM-L6-v2/c9745ed1d9f207416be6d2e6f8de32d1f16199bf/README.md "HTTP/1.1 200 OK"
INFO:httpx:HTTP Request: HEAD https://huggingface.co/sentence-transformers/all-MiniLM-L6-v2/resolve/main/modules.json "HTTP/1.1 307 Temporary Redirect"
INFO:httpx:HTTP Request: HEAD https://huggingface.co/api/resolve-cache/models/sentence-transformers/all-MiniLM-L6-v2/c9745ed1d9f207416be6d2e6f8de32d1f16199bf/modules.json "HTTP/1.1 200 OK"
INFO:httpx:HTTP Request: HEAD https://huggingface.co/sentence-transformers/all-MiniLM-L6-v2/resolve/main/sentence_bert_config.json "HTTP/1.1 307 Temporary Redirect"
INFO:httpx:HTTP Request: HEAD https://huggingface.co/api/resolve-cache/models/sentence-transformers/all-MiniLM-L6-v2/c9745ed1d9f207416be6d2e6f8de32d1f16199bf/sentence_bert_config.json "HTTP/1.1 200 OK"
INFO:httpx:HTTP Request: HEAD https://huggingface.co/sentence-transformers/all-MiniLM-L6-v2/resolve/main/adapter_config.json "HTTP/1.1 404 Not Found"
INFO:httpx:HTTP Request: HEAD https://huggingface.co/sentence-transformers/all-MiniLM-L6-v2/resolve/main/config.json "HTTP/1.1 307 Temporary Redirect"
INFO:httpx:HTTP Request: HEAD https://huggingface.co/api/resolve-cache/models/sentence-transformers/all-MiniLM-L6-v2/c9745ed1d9f207416be6d2e6f8de32d1f16199bf/config.json "HTTP/1.1 200 OK"
INFO:httpx:HTTP Request: HEAD https://huggingface.co/sentence-transformers/all-MiniLM-L6-v2/resolve/main/config.json "HTTP/1.1 307 Temporary Redirect"
INFO:httpx:HTTP Request: HEAD https://huggingface.co/api/resolve-cache/models/sentence-transformers/all-MiniLM-L6-v2/c9745ed1d9f207416be6d2e6f8de32d1f16199bf/config.json "HTTP/1.1 200 OK"
INFO:httpx:HTTP Request: HEAD https://huggingface.co/sentence-transformers/all-MiniLM-L6-v2/resolve/main/tokenizer_config.json "HTTP/1.1 307 Temporary Redirect"
WARNING:huggingface_hub.utils._http:Warning: You are sending unauthenticated requests to the HF Hub. Please set a HF_TOKEN to enable higher rate limits and faster downloads.
INFO:httpx:HTTP Request: HEAD https://huggingface.co/api/resolve-cache/models/sentence-transformers/all-MiniLM-L6-v2/c9745ed1d9f207416be6d2e6f8de32d1f16199bf/tokenizer_config.json "HTTP/1.1 200 OK"
INFO:httpx:HTTP Request: GET https://huggingface.co/api/models/sentence-transformers/all-MiniLM-L6-v2/tree/main/additional_chat_templates?recursive=false&expand=false "HTTP/1.1 404 Not Found"
INFO:httpx:HTTP Request: GET https://huggingface.co/api/models/sentence-transformers/all-MiniLM-L6-v2/tree/main?recursive=true&expand=false "HTTP/1.1 200 OK"
INFO:httpx:HTTP Request: HEAD https://huggingface.co/sentence-transformers/all-MiniLM-L6-v2/resolve/main/1_Pooling/config.json "HTTP/1.1 307 Temporary Redirect"
INFO:httpx:HTTP Request: HEAD https://huggingface.co/api/resolve-cache/models/sentence-transformers/all-MiniLM-L6-v2/c9745ed1d9f207416be6d2e6f8de32d1f16199bf/1_Pooling%2Fconfig.json "HTTP/1.1 200 OK"
INFO:httpx:HTTP Request: GET https://huggingface.co/api/models/sentence-transformers/all-MiniLM-L6-v2 "HTTP/1.1 200 OK"
INFO:app.services.semantic_classifier:Semantic model loaded successfully
INFO:app.services.column_classifier:\u2713 Mapped 'compte' \u2192 'account_code' (confidence: 42.0%) [semantic=0.0, fuzzy=30.0, content=12.0]
INFO:app.services.column_classifier:Processing column: 'intitule' \u2192 normalized: 'intitule'
INFO:app.services.column_classifier:\u2713 Mapped 'intitule' \u2192 'label' (confidence: 45.0%) [semantic=0.0, fuzzy=30.0, content=15.0]
INFO:app.services.column_classifier:Processing column: 'debit' \u2192 normalized: 'debit'
INFO:app.services.column_classifier:\u2713 Mapped 'debit' \u2192 'debit' (confidence: 82.1%) [semantic=32.1, fuzzy=30.0, content=20.0]
INFO:app.services.column_classifier:Processing column: 'credit' \u2192 normalized: 'credit'
INFO:app.services.column_classifier:\u2713 Mapped 'credit' \u2192 'credit' (confidence: 69.7%) [semantic=21.7, fuzzy=30.0, content=18.0]
INFO:app.services.column_classifier:Processing column: 'solde per dbt' \u2192 normalized: 'solde per dbt'
INFO:app.services.column_classifier:\u2713 Mapped 'solde per dbt' \u2192 'solde_debit' (confidence: 56.9%) [semantic=6.9, fuzzy=30.0, content=20.0]
INFO:app.services.column_classifier:Processing column: 'solde per cdt' \u2192 normalized: 'solde per cdt'
INFO:app.services.column_classifier:\u2713 Mapped 'solde per cdt' \u2192 'solde_credit' (confidence: 48.8%) [semantic=3.8, fuzzy=30.0, content=15.0]
INFO:app.services.column_classifier:Processing column: 'solde fin dbt' \u2192 normalized: 'solde fin dbt'
INFO:app.services.column_classifier:\u2713 Mapped 'solde fin dbt' \u2192 'solde_final_debit' (confidence: 58.1%) [semantic=8.1, fuzzy=30.0, content=20.0]
INFO:app.services.column_classifier:Processing column: 'solde fin cdt' \u2192 normalized: 'solde fin cdt'
INFO:app.services.column_classifier:\u2713 Mapped 'solde fin cdt' \u2192 'solde_final_credit' (confidence: 49.5%) [semantic=4.5, fuzzy=30.0, content=15.0]
INFO:app.services.column_classifier:Validating and boosting confidence scores using content analysis...
INFO:app.services.column_classifier:Final column mapping: {'compte': 'account_code', 'intitule': 'label', 'debit': 'debit', 'credit': 'credit', 'solde per dbt': 'solde_debit', 'solde per cdt': 'solde_credit', 'solde fin dbt': 'solde_final_debit', 'solde fin cdt': 'solde_final_credit'}
INFO:app.services.column_classifier:Confidence scores: [('compte', '42.0%'), ('intitule', '48.8%'), ('debit', '87.1%'), ('credit', '74.2%'), ('solde per dbt', '61.9%'), ('solde per cdt', '52.5%'), ('solde fin dbt', '63.1%'), ('solde fin cdt', '53.2%')]
INFO:app.services.csv_parsing_service:Column classification results with confidence:
INFO:app.services.csv_parsing_service:  'compte' \u2192 'account_code' (confidence: 42.0%)
INFO:app.services.csv_parsing_service:  'intitule' \u2192 'label' (confidence: 48.8%)
INFO:app.services.csv_parsing_service:  'debit' \u2192 'debit' (confidence: 87.1%)
INFO:app.services.csv_parsing_service:  'credit' \u2192 'credit' (confidence: 74.2%)
INFO:app.services.csv_parsing_service:  'solde per dbt' \u2192 'solde_debit' (confidence: 61.9%)
INFO:app.services.csv_parsing_service:  'solde per cdt' \u2192 'solde_credit' (confidence: 52.5%)
INFO:app.services.csv_parsing_service:  'solde fin dbt' \u2192 'solde_final_debit' (confidence: 63.1%)
INFO:app.services.csv_parsing_service:  'solde fin cdt' \u2192 'solde_final_credit' (confidence: 53.2%)
INFO:app.services.data_extractor:Reverse mapping: {'account_code': ['compte'], 'label': ['intitule'], 'debit': ['debit'], 'credit': ['credit'], 'solde_debit': ['solde per dbt'], 'solde_credit': ['solde per cdt'], 'solde_final_debit': ['solde fin dbt'], 'solde_final_credit': ['solde fin cdt']}
INFO:app.services.data_extractor:DataFrame columns after renaming: ['account_code', 'label', 'debit', 'credit', 'solde_debit', 'solde_credit', 'solde_final_debit', 'solde_final_credit']
INFO:app.services.data_extractor:DataFrame shape: (166, 8)
INFO:app.services.data_extractor:DataFrame sample:
  account_code                           label      debit  ...    solde_credit solde_final_debit solde_final_credit
0       Compte                        Intitulé      Débit  ...  Solde pér Cdt      Solde fin Dbt      Solde fin Cdt
1     10100000                  CAPITAL SOCIAL          0  ...        12400000                 0           12400000
2     10900000  ACTIONNAIRE CAPITAL NON APPELE       3140  ...               0                10                  0
3     16210000                EMPRUNT BANCAIRE          0  ...        21100000                 0           21100000
4     16220000                 EMPRUNT LEASING  129604,98  ...      1298680,66                 0         1298680,66

[5 rows x 8 columns]
INFO:app.services.data_extractor:Converted column 'debit' to numeric
INFO:app.services.data_extractor:Converted column 'credit' to numeric
INFO:app.services.data_extractor:Converted column 'solde_debit' to numeric
INFO:app.services.data_extractor:Converted column 'solde_credit' to numeric
INFO:app.services.data_extractor:Converted column 'solde_final_debit' to numeric
INFO:app.services.data_extractor:Converted column 'solde_final_credit' to numeric
INFO:app.services.data_extractor:Rows before filtering: 166
INFO:app.services.data_extractor:Rows after filtering: 166
INFO:app.services.data_extractor:Sample data:
  account_code                           label      debit  ...  solde_credit  solde_final_debit  solde_final_credit
0       Compte                        Intitulé        NaN  ...           NaN                NaN                 NaN
1     10100000                  CAPITAL SOCIAL       0.00  ...   12400000.00                0.0         12400000.00
2     10900000  ACTIONNAIRE CAPITAL NON APPELE    3140.00  ...          0.00               10.0                0.00
3     16210000                EMPRUNT BANCAIRE       0.00  ...   21100000.00                0.0         21100000.00
4     16220000                 EMPRUNT LEASING  129604.98  ...    1298680.66                0.0          1298680.66

[5 rows x 8 columns]
INFO:app.services.data_extractor:Successfully extracted 166 records
INFO:root:Upload 94: Encoding=UTF-8-SIG, Delimiter=;, Columns={'compte': 'account_code', 'intitule': 'label', 'debit': 'debit', 'credit': 'credit', 'solde per dbt': 'solde_debit', 'solde per cdt': 'solde_credit', 'solde fin dbt': 'solde_final_debit', 'solde fin cdt': 'solde_final_credit'}, Confidence_Scores={'compte': 42.0%, 'intitule': 48.8%, 'debit': 87.1%, 'credit': 74.2%, 'solde per dbt': 61.9%, 'solde per cdt': 52.5%, 'solde fin dbt': 63.1%, 'solde fin cdt': 53.2%}
INFO:app.services.upload_service:Upload 94: 165 accounts inserted. Detected columns: ['account_code', 'label', 'debit', 'credit', 'solde_debit', 'solde_credit', 'solde_final_debit', 'solde_final_credit']
INFO:app.services.account_service:Deleted 165 accounts for upload 93
INFO:app.services.upload_service:File saved: app/uploads\balance_2021_utf.csv
INFO:app.services.upload_service:Upload registered with ID: 95
INFO:app.services.upload_service:Starting to parse upload 95: balance_2021_utf.csv
INFO:app.utils.helpers:Successfully decoded first line with utf-8
INFO:app.utils.helpers:Detected delimiter: ';' from: {',': 0, ';': 6, '\t': 0, '|': 0}
INFO:app.utils.helpers:CSV read successfully: 106 rows, 7 columns
INFO:app.services.csv_parsing_service:Raw columns after reading CSV: ['col_0', 'col_1', 'col_2', 'col_3', 'col_4', 'col_5', 'col_6']
INFO:app.services.header_detector:Detected header at row 2: ['N°', 'Libellé écriture', 'Solde Final', '', '', '', '']
INFO:app.services.csv_parsing_service:Preparing DataFrame: normalizing column names and data...
INFO:app.services.preparation_service:Starting DataFrame preparation...
INFO:app.services.preparation_service:Normalized column names: {'N°': 'n', 'Libellé écriture': 'libelle ecriture', 'Solde Final': 'solde final', '': ''}
INFO:app.services.preparation_service:Removed empty columns. Remaining: ['n', 'libelle ecriture', 'solde final']
INFO:app.services.preparation_service:DataFrame preparation complete
INFO:app.services.csv_parsing_service:Columns after preparation: ['n', 'libelle ecriture', 'solde final']
INFO:app.services.csv_parsing_service:Starting NLP-based column classification with semantic matching...
INFO:app.services.column_classifier:Processing column: 'n' \u2192 normalized: 'n'
INFO:app.services.column_classifier:\u2713 Mapped 'n' \u2192 'account_code' (confidence: 44.7%) [semantic=2.7, fuzzy=30.0, content=12.0]
INFO:app.services.column_classifier:Processing column: 'libelle ecriture' \u2192 normalized: 'libelle ecriture'
INFO:app.services.column_classifier:\u2713 Mapped 'libelle ecriture' \u2192 'label' (confidence: 46.3%) [semantic=1.3, fuzzy=30.0, content=15.0]
INFO:app.services.column_classifier:Processing column: 'solde final' \u2192 normalized: 'solde final'
INFO:app.services.column_classifier:\u2713 Mapped 'solde final' \u2192 'solde_final_debit' (confidence: 36.1%) [semantic=10.6, fuzzy=25.5, content=0.0]
INFO:app.services.column_classifier:Validating and boosting confidence scores using content analysis...
WARNING:app.services.semantic_classifier:\u26a0 Suspicious classification: 'solde final' \u2192 'solde_final_debit' (confidence=36.1%, content_score=0.0)
INFO:app.services.column_classifier:Final column mapping: {'n': 'account_code', 'libelle ecriture': 'label', 'solde final': 'solde_final_debit'}
INFO:app.services.column_classifier:Confidence scores: [('n', '44.7%'), ('libelle ecriture', '50.1%'), ('solde final', '36.1%')]
INFO:app.services.csv_parsing_service:Column classification results with confidence:
INFO:app.services.csv_parsing_service:  'n' \u2192 'account_code' (confidence: 44.7%)
INFO:app.services.csv_parsing_service:  'libelle ecriture' \u2192 'label' (confidence: 50.1%)
INFO:app.services.csv_parsing_service:  'solde final' \u2192 'solde_final_debit' (confidence: 36.1%)
INFO:app.services.data_extractor:Reverse mapping: {'account_code': ['n'], 'label': ['libelle ecriture'], 'solde_final_debit': ['solde final']}
INFO:app.services.data_extractor:DataFrame columns after renaming: ['account_code', 'label', 'solde_final_debit']
INFO:app.services.data_extractor:DataFrame shape: (106, 3)
INFO:app.services.data_extractor:DataFrame sample:
   account_code             label solde_final_debit
0  BALANCE 2021                                    
1                                                  
2            N°  Libellé écriture       Solde Final
3      10100000           CAPITAL        -1 000,000
4      11100000    RESERVE LEGALE                  
INFO:app.services.data_extractor:Converted column 'solde_final_debit' to numeric
INFO:app.services.data_extractor:Rows before filtering: 106
INFO:app.services.data_extractor:Rows after filtering: 100
INFO:app.services.data_extractor:Sample data:
   account_code               label  solde_final_debit
0  BALANCE 2021                                    NaN
2            N°    Libellé écriture                NaN
3      10100000             CAPITAL            -1000.0
4      11100000      RESERVE LEGALE                NaN
5      12100000  RESULTATS REPORTES          -150000.0
INFO:app.services.data_extractor:Successfully extracted 100 records
INFO:root:Upload 95: Encoding=UTF-8-SIG, Delimiter=;, Columns={'n': 'account_code', 'libelle ecriture': 'label', 'solde final': 'solde_final_debit'}, Confidence_Scores={'n': 44.7%, 'libelle ecriture': 50.1%, 'solde final': 36.1%}
INFO:app.services.upload_service:Upload 95: 98 accounts inserted. Detected columns: ['account_code', 'label', 'solde_final_debit']
INFO:app.services.account_service:Deleted 98 accounts for upload 95
INFO:app.services.upload_service:Starting to parse upload 95: balance_2021_utf.csv
INFO:app.utils.helpers:Successfully decoded first line with utf-8
INFO:app.utils.helpers:Detected delimiter: ';' from: {',': 0, ';': 6, '\t': 0, '|': 0}
INFO:app.utils.helpers:CSV read successfully: 106 rows, 7 columns
INFO:app.services.csv_parsing_service:Raw columns after reading CSV: ['col_0', 'col_1', 'col_2', 'col_3', 'col_4', 'col_5', 'col_6']
INFO:app.services.header_detector:Detected header at row 2: ['N°', 'Libellé écriture', 'Solde Final', '', '', '', '']
INFO:app.services.csv_parsing_service:Preparing DataFrame: normalizing column names and data...
INFO:app.services.preparation_service:Starting DataFrame preparation...
INFO:app.services.preparation_service:Normalized column names: {'N°': 'n', 'Libellé écriture': 'libelle ecriture', 'Solde Final': 'solde final', '': ''}
INFO:app.services.preparation_service:Removed empty columns. Remaining: ['n', 'libelle ecriture', 'solde final']
INFO:app.services.preparation_service:DataFrame preparation complete
INFO:app.services.csv_parsing_service:Columns after preparation: ['n', 'libelle ecriture', 'solde final']
INFO:app.services.csv_parsing_service:Starting NLP-based column classification with semantic matching...
INFO:app.services.column_classifier:Processing column: 'n' \u2192 normalized: 'n'
INFO:app.services.semantic_classifier:Loading semantic model: sentence-transformers/all-MiniLM-L6-v2
INFO:sentence_transformers.SentenceTransformer:Use pytorch device_name: cpu
INFO:sentence_transformers.SentenceTransformer:Load pretrained SentenceTransformer: sentence-transformers/all-MiniLM-L6-v2
INFO:httpx:HTTP Request: HEAD https://huggingface.co/sentence-transformers/all-MiniLM-L6-v2/resolve/main/modules.json "HTTP/1.1 307 Temporary Redirect"
WARNING:huggingface_hub.utils._http:Warning: You are sending unauthenticated requests to the HF Hub. Please set a HF_TOKEN to enable higher rate limits and faster downloads.
INFO:httpx:HTTP Request: HEAD https://huggingface.co/api/resolve-cache/models/sentence-transformers/all-MiniLM-L6-v2/c9745ed1d9f207416be6d2e6f8de32d1f16199bf/modules.json "HTTP/1.1 200 OK"
INFO:httpx:HTTP Request: HEAD https://huggingface.co/sentence-transformers/all-MiniLM-L6-v2/resolve/main/config_sentence_transformers.json "HTTP/1.1 307 Temporary Redirect"
INFO:httpx:HTTP Request: HEAD https://huggingface.co/api/resolve-cache/models/sentence-transformers/all-MiniLM-L6-v2/c9745ed1d9f207416be6d2e6f8de32d1f16199bf/config_sentence_transformers.json "HTTP/1.1 200 OK"
INFO:httpx:HTTP Request: HEAD https://huggingface.co/sentence-transformers/all-MiniLM-L6-v2/resolve/main/config_sentence_transformers.json "HTTP/1.1 307 Temporary Redirect"
INFO:httpx:HTTP Request: HEAD https://huggingface.co/api/resolve-cache/models/sentence-transformers/all-MiniLM-L6-v2/c9745ed1d9f207416be6d2e6f8de32d1f16199bf/config_sentence_transformers.json "HTTP/1.1 200 OK"
INFO:httpx:HTTP Request: HEAD https://huggingface.co/sentence-transformers/all-MiniLM-L6-v2/resolve/main/README.md "HTTP/1.1 307 Temporary Redirect"
INFO:httpx:HTTP Request: HEAD https://huggingface.co/api/resolve-cache/models/sentence-transformers/all-MiniLM-L6-v2/c9745ed1d9f207416be6d2e6f8de32d1f16199bf/README.md "HTTP/1.1 200 OK"
INFO:httpx:HTTP Request: HEAD https://huggingface.co/sentence-transformers/all-MiniLM-L6-v2/resolve/main/modules.json "HTTP/1.1 307 Temporary Redirect"
INFO:httpx:HTTP Request: HEAD https://huggingface.co/api/resolve-cache/models/sentence-transformers/all-MiniLM-L6-v2/c9745ed1d9f207416be6d2e6f8de32d1f16199bf/modules.json "HTTP/1.1 200 OK"
INFO:httpx:HTTP Request: HEAD https://huggingface.co/sentence-transformers/all-MiniLM-L6-v2/resolve/main/sentence_bert_config.json "HTTP/1.1 307 Temporary Redirect"
INFO:httpx:HTTP Request: HEAD https://huggingface.co/api/resolve-cache/models/sentence-transformers/all-MiniLM-L6-v2/c9745ed1d9f207416be6d2e6f8de32d1f16199bf/sentence_bert_config.json "HTTP/1.1 200 OK"
INFO:httpx:HTTP Request: HEAD https://huggingface.co/sentence-transformers/all-MiniLM-L6-v2/resolve/main/adapter_config.json "HTTP/1.1 404 Not Found"
INFO:httpx:HTTP Request: HEAD https://huggingface.co/sentence-transformers/all-MiniLM-L6-v2/resolve/main/config.json "HTTP/1.1 307 Temporary Redirect"
INFO:httpx:HTTP Request: HEAD https://huggingface.co/api/resolve-cache/models/sentence-transformers/all-MiniLM-L6-v2/c9745ed1d9f207416be6d2e6f8de32d1f16199bf/config.json "HTTP/1.1 200 OK"
INFO:httpx:HTTP Request: HEAD https://huggingface.co/sentence-transformers/all-MiniLM-L6-v2/resolve/main/config.json "HTTP/1.1 307 Temporary Redirect"
INFO:httpx:HTTP Request: HEAD https://huggingface.co/api/resolve-cache/models/sentence-transformers/all-MiniLM-L6-v2/c9745ed1d9f207416be6d2e6f8de32d1f16199bf/config.json "HTTP/1.1 200 OK"
INFO:httpx:HTTP Request: HEAD https://huggingface.co/sentence-transformers/all-MiniLM-L6-v2/resolve/main/tokenizer_config.json "HTTP/1.1 307 Temporary Redirect"
INFO:httpx:HTTP Request: HEAD https://huggingface.co/api/resolve-cache/models/sentence-transformers/all-MiniLM-L6-v2/c9745ed1d9f207416be6d2e6f8de32d1f16199bf/tokenizer_config.json "HTTP/1.1 200 OK"
INFO:httpx:HTTP Request: GET https://huggingface.co/api/models/sentence-transformers/all-MiniLM-L6-v2/tree/main/additional_chat_templates?recursive=false&expand=false "HTTP/1.1 404 Not Found"
INFO:httpx:HTTP Request: GET https://huggingface.co/api/models/sentence-transformers/all-MiniLM-L6-v2/tree/main?recursive=true&expand=false "HTTP/1.1 200 OK"
INFO:httpx:HTTP Request: HEAD https://huggingface.co/sentence-transformers/all-MiniLM-L6-v2/resolve/main/1_Pooling/config.json "HTTP/1.1 307 Temporary Redirect"
INFO:httpx:HTTP Request: HEAD https://huggingface.co/api/resolve-cache/models/sentence-transformers/all-MiniLM-L6-v2/c9745ed1d9f207416be6d2e6f8de32d1f16199bf/1_Pooling%2Fconfig.json "HTTP/1.1 200 OK"
INFO:httpx:HTTP Request: GET https://huggingface.co/api/models/sentence-transformers/all-MiniLM-L6-v2 "HTTP/1.1 200 OK"
INFO:app.services.semantic_classifier:Semantic model loaded successfully
INFO:app.services.column_classifier:\u2713 Mapped 'n' \u2192 'account_code' (confidence: 44.7%) [semantic=2.7, fuzzy=30.0, content=12.0]
INFO:app.services.column_classifier:Processing column: 'libelle ecriture' \u2192 normalized: 'libelle ecriture'
INFO:app.services.column_classifier:\u2713 Mapped 'libelle ecriture' \u2192 'label' (confidence: 46.3%) [semantic=1.3, fuzzy=30.0, content=15.0]
INFO:app.services.column_classifier:Processing column: 'solde final' \u2192 normalized: 'solde final'
INFO:app.services.column_classifier:\u2713 Mapped 'solde final' \u2192 'solde_final' (confidence: 40.8%) [semantic=10.8, fuzzy=30.0, content=0.0]
INFO:app.services.column_classifier:Validating and boosting confidence scores using content analysis...
WARNING:app.services.semantic_classifier:\u26a0 Suspicious classification: 'solde final' \u2192 'solde_final' (confidence=40.8%, content_score=0.0)
INFO:app.services.column_classifier:Final column mapping: {'n': 'account_code', 'libelle ecriture': 'label', 'solde final': 'solde_final'}
INFO:app.services.column_classifier:Confidence scores: [('n', '44.7%'), ('libelle ecriture', '50.1%'), ('solde final', '40.8%')]
INFO:app.services.csv_parsing_service:Column classification results with confidence:
INFO:app.services.csv_parsing_service:  'n' \u2192 'account_code' (confidence: 44.7%)
INFO:app.services.csv_parsing_service:  'libelle ecriture' \u2192 'label' (confidence: 50.1%)
INFO:app.services.csv_parsing_service:  'solde final' \u2192 'solde_final' (confidence: 40.8%)
INFO:app.services.data_extractor:Reverse mapping: {'account_code': ['n'], 'label': ['libelle ecriture'], 'solde_final': ['solde final']}
INFO:app.services.data_extractor:DataFrame columns after renaming: ['account_code', 'label', 'solde_final']
INFO:app.services.data_extractor:DataFrame shape: (106, 3)
INFO:app.services.data_extractor:DataFrame sample:
   account_code             label  solde_final
0  BALANCE 2021                               
1                                             
2            N°  Libellé écriture  Solde Final
3      10100000           CAPITAL   -1 000,000
4      11100000    RESERVE LEGALE             
INFO:app.services.data_extractor:Converted column 'solde_final' to numeric
INFO:app.services.data_extractor:Rows before filtering: 106
INFO:app.services.data_extractor:Rows after filtering: 100
INFO:app.services.data_extractor:Sample data:
   account_code               label  solde_final
0  BALANCE 2021                              NaN
2            N°    Libellé écriture          NaN
3      10100000             CAPITAL      -1000.0
4      11100000      RESERVE LEGALE          NaN
5      12100000  RESULTATS REPORTES    -150000.0
INFO:app.services.data_extractor:Successfully extracted 100 records
INFO:root:Upload 95: Encoding=UTF-8-SIG, Delimiter=;, Columns={'n': 'account_code', 'libelle ecriture': 'label', 'solde final': 'solde_final'}, Confidence_Scores={'n': 44.7%, 'libelle ecriture': 50.1%, 'solde final': 40.8%}
INFO:app.services.upload_service:Upload 95: 98 accounts inserted. Detected columns: ['account_code', 'label', 'solde_final']
INFO:app.services.upload_service:File saved: app/uploads\changedcol– Copie 1(in).csv
INFO:app.services.upload_service:Upload registered with ID: 96
INFO:app.services.upload_service:Starting to parse upload 96: changedcol– Copie 1(in).csv
INFO:app.utils.helpers:Successfully decoded first line with utf-8
INFO:app.utils.helpers:Detected delimiter: ';' from: {',': 0, ';': 7, '\t': 0, '|': 0}
INFO:app.utils.helpers:CSV read successfully: 166 rows, 8 columns
INFO:app.services.csv_parsing_service:Raw columns after reading CSV: ['col_0', 'col_1', 'col_2', 'col_3', 'col_4', 'col_5', 'col_6', 'col_7']
INFO:app.services.header_detector:Detected header at row 0: ['Compte', 'Intitulé', 'Débit', 'Crédit', 'Solde pér Dbt', 'Solde pér Cdt', 'Solde fin Dbt', 'Solde fin Cdt']
INFO:app.services.csv_parsing_service:Preparing DataFrame: normalizing column names and data...
INFO:app.services.preparation_service:Starting DataFrame preparation...
INFO:app.services.preparation_service:Normalized column names: {'Compte': 'compte', 'Intitulé': 'intitule', 'Débit': 'debit', 'Crédit': 'credit', 'Solde pér Dbt': 'solde per dbt', 'Solde pér Cdt': 'solde per cdt', 'Solde fin Dbt': 'solde fin dbt', 'Solde fin Cdt': 'solde fin cdt'}
INFO:app.services.preparation_service:Removed empty columns. Remaining: ['compte', 'intitule', 'debit', 'credit', 'solde per dbt', 'solde per cdt', 'solde fin dbt', 'solde fin cdt']
INFO:app.services.preparation_service:DataFrame preparation complete
INFO:app.services.csv_parsing_service:Columns after preparation: ['compte', 'intitule', 'debit', 'credit', 'solde per dbt', 'solde per cdt', 'solde fin dbt', 'solde fin cdt']
INFO:app.services.csv_parsing_service:Starting NLP-based column classification with semantic matching...
INFO:app.services.column_classifier:Processing column: 'compte' \u2192 normalized: 'compte'
INFO:app.services.semantic_classifier:Loading semantic model: sentence-transformers/all-MiniLM-L6-v2
INFO:sentence_transformers.SentenceTransformer:Use pytorch device_name: cpu
INFO:sentence_transformers.SentenceTransformer:Load pretrained SentenceTransformer: sentence-transformers/all-MiniLM-L6-v2
INFO:httpx:HTTP Request: HEAD https://huggingface.co/sentence-transformers/all-MiniLM-L6-v2/resolve/main/modules.json "HTTP/1.1 307 Temporary Redirect"
WARNING:huggingface_hub.utils._http:Warning: You are sending unauthenticated requests to the HF Hub. Please set a HF_TOKEN to enable higher rate limits and faster downloads.
INFO:httpx:HTTP Request: HEAD https://huggingface.co/api/resolve-cache/models/sentence-transformers/all-MiniLM-L6-v2/c9745ed1d9f207416be6d2e6f8de32d1f16199bf/modules.json "HTTP/1.1 200 OK"
INFO:httpx:HTTP Request: HEAD https://huggingface.co/sentence-transformers/all-MiniLM-L6-v2/resolve/main/config_sentence_transformers.json "HTTP/1.1 307 Temporary Redirect"
INFO:httpx:HTTP Request: HEAD https://huggingface.co/api/resolve-cache/models/sentence-transformers/all-MiniLM-L6-v2/c9745ed1d9f207416be6d2e6f8de32d1f16199bf/config_sentence_transformers.json "HTTP/1.1 200 OK"
INFO:httpx:HTTP Request: HEAD https://huggingface.co/sentence-transformers/all-MiniLM-L6-v2/resolve/main/config_sentence_transformers.json "HTTP/1.1 307 Temporary Redirect"
INFO:httpx:HTTP Request: HEAD https://huggingface.co/api/resolve-cache/models/sentence-transformers/all-MiniLM-L6-v2/c9745ed1d9f207416be6d2e6f8de32d1f16199bf/config_sentence_transformers.json "HTTP/1.1 200 OK"
INFO:httpx:HTTP Request: HEAD https://huggingface.co/sentence-transformers/all-MiniLM-L6-v2/resolve/main/README.md "HTTP/1.1 307 Temporary Redirect"
INFO:httpx:HTTP Request: HEAD https://huggingface.co/api/resolve-cache/models/sentence-transformers/all-MiniLM-L6-v2/c9745ed1d9f207416be6d2e6f8de32d1f16199bf/README.md "HTTP/1.1 200 OK"
INFO:httpx:HTTP Request: HEAD https://huggingface.co/sentence-transformers/all-MiniLM-L6-v2/resolve/main/modules.json "HTTP/1.1 307 Temporary Redirect"
INFO:httpx:HTTP Request: HEAD https://huggingface.co/api/resolve-cache/models/sentence-transformers/all-MiniLM-L6-v2/c9745ed1d9f207416be6d2e6f8de32d1f16199bf/modules.json "HTTP/1.1 200 OK"
INFO:httpx:HTTP Request: HEAD https://huggingface.co/sentence-transformers/all-MiniLM-L6-v2/resolve/main/sentence_bert_config.json "HTTP/1.1 307 Temporary Redirect"
INFO:httpx:HTTP Request: HEAD https://huggingface.co/api/resolve-cache/models/sentence-transformers/all-MiniLM-L6-v2/c9745ed1d9f207416be6d2e6f8de32d1f16199bf/sentence_bert_config.json "HTTP/1.1 200 OK"
INFO:httpx:HTTP Request: HEAD https://huggingface.co/sentence-transformers/all-MiniLM-L6-v2/resolve/main/adapter_config.json "HTTP/1.1 404 Not Found"
INFO:httpx:HTTP Request: HEAD https://huggingface.co/sentence-transformers/all-MiniLM-L6-v2/resolve/main/config.json "HTTP/1.1 307 Temporary Redirect"
INFO:httpx:HTTP Request: HEAD https://huggingface.co/api/resolve-cache/models/sentence-transformers/all-MiniLM-L6-v2/c9745ed1d9f207416be6d2e6f8de32d1f16199bf/config.json "HTTP/1.1 200 OK"
INFO:httpx:HTTP Request: HEAD https://huggingface.co/sentence-transformers/all-MiniLM-L6-v2/resolve/main/config.json "HTTP/1.1 307 Temporary Redirect"
INFO:httpx:HTTP Request: HEAD https://huggingface.co/api/resolve-cache/models/sentence-transformers/all-MiniLM-L6-v2/c9745ed1d9f207416be6d2e6f8de32d1f16199bf/config.json "HTTP/1.1 200 OK"
INFO:httpx:HTTP Request: HEAD https://huggingface.co/sentence-transformers/all-MiniLM-L6-v2/resolve/main/tokenizer_config.json "HTTP/1.1 307 Temporary Redirect"
INFO:httpx:HTTP Request: HEAD https://huggingface.co/api/resolve-cache/models/sentence-transformers/all-MiniLM-L6-v2/c9745ed1d9f207416be6d2e6f8de32d1f16199bf/tokenizer_config.json "HTTP/1.1 200 OK"
INFO:httpx:HTTP Request: GET https://huggingface.co/api/models/sentence-transformers/all-MiniLM-L6-v2/tree/main/additional_chat_templates?recursive=false&expand=false "HTTP/1.1 404 Not Found"
INFO:httpx:HTTP Request: GET https://huggingface.co/api/models/sentence-transformers/all-MiniLM-L6-v2/tree/main?recursive=true&expand=false "HTTP/1.1 200 OK"
INFO:httpx:HTTP Request: HEAD https://huggingface.co/sentence-transformers/all-MiniLM-L6-v2/resolve/main/1_Pooling/config.json "HTTP/1.1 307 Temporary Redirect"
INFO:httpx:HTTP Request: HEAD https://huggingface.co/api/resolve-cache/models/sentence-transformers/all-MiniLM-L6-v2/c9745ed1d9f207416be6d2e6f8de32d1f16199bf/1_Pooling%2Fconfig.json "HTTP/1.1 200 OK"
INFO:httpx:HTTP Request: GET https://huggingface.co/api/models/sentence-transformers/all-MiniLM-L6-v2 "HTTP/1.1 200 OK"
INFO:app.services.semantic_classifier:Semantic model loaded successfully
INFO:app.services.column_classifier:\u2713 Mapped 'compte' \u2192 'account_code' (confidence: 42.0%) [semantic=0.0, fuzzy=30.0, content=12.0]
INFO:app.services.column_classifier:Processing column: 'intitule' \u2192 normalized: 'intitule'
INFO:app.services.column_classifier:\u2713 Mapped 'intitule' \u2192 'label' (confidence: 45.0%) [semantic=0.0, fuzzy=30.0, content=15.0]
INFO:app.services.column_classifier:Processing column: 'debit' \u2192 normalized: 'debit'
INFO:app.services.column_classifier:\u2713 Mapped 'debit' \u2192 'debit' (confidence: 82.1%) [semantic=32.1, fuzzy=30.0, content=20.0]
INFO:app.services.column_classifier:Processing column: 'credit' \u2192 normalized: 'credit'
INFO:app.services.column_classifier:\u2713 Mapped 'credit' \u2192 'credit' (confidence: 69.7%) [semantic=21.7, fuzzy=30.0, content=18.0]
INFO:app.services.column_classifier:Processing column: 'solde per dbt' \u2192 normalized: 'solde per dbt'
INFO:app.services.column_classifier:\u2713 Mapped 'solde per dbt' \u2192 'solde_debit' (confidence: 56.9%) [semantic=6.9, fuzzy=30.0, content=20.0]
INFO:app.services.column_classifier:Processing column: 'solde per cdt' \u2192 normalized: 'solde per cdt'
INFO:app.services.column_classifier:\u2713 Mapped 'solde per cdt' \u2192 'solde_credit' (confidence: 48.8%) [semantic=3.8, fuzzy=30.0, content=15.0]
INFO:app.services.column_classifier:Processing column: 'solde fin dbt' \u2192 normalized: 'solde fin dbt'
INFO:app.services.column_classifier:\u2713 Mapped 'solde fin dbt' \u2192 'solde_final_debit' (confidence: 58.1%) [semantic=8.1, fuzzy=30.0, content=20.0]
INFO:app.services.column_classifier:Processing column: 'solde fin cdt' \u2192 normalized: 'solde fin cdt'
INFO:app.services.column_classifier:\u2713 Mapped 'solde fin cdt' \u2192 'solde_final_credit' (confidence: 49.5%) [semantic=4.5, fuzzy=30.0, content=15.0]
INFO:app.services.column_classifier:Validating and boosting confidence scores using content analysis...
INFO:app.services.column_classifier:Final column mapping: {'compte': 'account_code', 'intitule': 'label', 'debit': 'debit', 'credit': 'credit', 'solde per dbt': 'solde_debit', 'solde per cdt': 'solde_credit', 'solde fin dbt': 'solde_final_debit', 'solde fin cdt': 'solde_final_credit'}
INFO:app.services.column_classifier:Confidence scores: [('compte', '42.0%'), ('intitule', '48.8%'), ('debit', '87.1%'), ('credit', '74.2%'), ('solde per dbt', '61.9%'), ('solde per cdt', '52.5%'), ('solde fin dbt', '63.1%'), ('solde fin cdt', '53.2%')]
INFO:app.services.csv_parsing_service:Column classification results with confidence:
INFO:app.services.csv_parsing_service:  'compte' \u2192 'account_code' (confidence: 42.0%)
INFO:app.services.csv_parsing_service:  'intitule' \u2192 'label' (confidence: 48.8%)
INFO:app.services.csv_parsing_service:  'debit' \u2192 'debit' (confidence: 87.1%)
INFO:app.services.csv_parsing_service:  'credit' \u2192 'credit' (confidence: 74.2%)
INFO:app.services.csv_parsing_service:  'solde per dbt' \u2192 'solde_debit' (confidence: 61.9%)
INFO:app.services.csv_parsing_service:  'solde per cdt' \u2192 'solde_credit' (confidence: 52.5%)
INFO:app.services.csv_parsing_service:  'solde fin dbt' \u2192 'solde_final_debit' (confidence: 63.1%)
INFO:app.services.csv_parsing_service:  'solde fin cdt' \u2192 'solde_final_credit' (confidence: 53.2%)
INFO:app.services.data_extractor:Reverse mapping: {'account_code': ['compte'], 'label': ['intitule'], 'debit': ['debit'], 'credit': ['credit'], 'solde_debit': ['solde per dbt'], 'solde_credit': ['solde per cdt'], 'solde_final_debit': ['solde fin dbt'], 'solde_final_credit': ['solde fin cdt']}
INFO:app.services.data_extractor:DataFrame columns after renaming: ['account_code', 'label', 'debit', 'credit', 'solde_debit', 'solde_credit', 'solde_final_debit', 'solde_final_credit']
INFO:app.services.data_extractor:DataFrame shape: (166, 8)
INFO:app.services.data_extractor:DataFrame sample:
  account_code                           label      debit  ...    solde_credit solde_final_debit solde_final_credit
0       Compte                        Intitulé      Débit  ...  Solde pér Cdt      Solde fin Dbt      Solde fin Cdt
1     10100000                  CAPITAL SOCIAL          0  ...        12400000                 0           12400000
2     10900000  ACTIONNAIRE CAPITAL NON APPELE       3140  ...               0                10                  0
3     16210000                EMPRUNT BANCAIRE          0  ...        21100000                 0           21100000
4     16220000                 EMPRUNT LEASING  129604,98  ...      1298680,66                 0         1298680,66

[5 rows x 8 columns]
INFO:app.services.data_extractor:Converted column 'debit' to numeric (NaN filled with 0)
INFO:app.services.data_extractor:Converted column 'credit' to numeric (NaN filled with 0)
INFO:app.services.data_extractor:Converted column 'solde_debit' to numeric (NaN filled with 0)
INFO:app.services.data_extractor:Converted column 'solde_credit' to numeric (NaN filled with 0)
INFO:app.services.data_extractor:Converted column 'solde_final_debit' to numeric (NaN filled with 0)
INFO:app.services.data_extractor:Converted column 'solde_final_credit' to numeric (NaN filled with 0)
INFO:app.services.data_extractor:Rows before filtering: 166
INFO:app.services.data_extractor:Rows after filtering: 166
INFO:app.services.data_extractor:Sample data:
  account_code                           label      debit  ...  solde_credit  solde_final_debit  solde_final_credit
0       Compte                        Intitulé       0.00  ...          0.00                0.0                0.00
1     10100000                  CAPITAL SOCIAL       0.00  ...   12400000.00                0.0         12400000.00
2     10900000  ACTIONNAIRE CAPITAL NON APPELE    3140.00  ...          0.00               10.0                0.00
3     16210000                EMPRUNT BANCAIRE       0.00  ...   21100000.00                0.0         21100000.00
4     16220000                 EMPRUNT LEASING  129604.98  ...    1298680.66                0.0          1298680.66

[5 rows x 8 columns]
INFO:app.services.data_extractor:Successfully extracted 166 records
INFO:root:Upload 96: Encoding=UTF-8-SIG, Delimiter=;, Columns={'compte': 'account_code', 'intitule': 'label', 'debit': 'debit', 'credit': 'credit', 'solde per dbt': 'solde_debit', 'solde per cdt': 'solde_credit', 'solde fin dbt': 'solde_final_debit', 'solde fin cdt': 'solde_final_credit'}, Confidence_Scores={'compte': 42.0%, 'intitule': 48.8%, 'debit': 87.1%, 'credit': 74.2%, 'solde per dbt': 61.9%, 'solde per cdt': 52.5%, 'solde fin dbt': 63.1%, 'solde fin cdt': 53.2%}
INFO:app.services.upload_service:Upload 96: 165 accounts inserted. Detected columns: ['account_code', 'label', 'debit', 'credit', 'solde_debit', 'solde_credit', 'solde_final_debit', 'solde_final_credit']
INFO:app.services.upload_service:File saved: app/uploads\balance_2021_utf.csv
INFO:app.services.upload_service:Upload registered with ID: 97
INFO:app.services.upload_service:Starting to parse upload 97: balance_2021_utf.csv
INFO:app.utils.helpers:Successfully decoded first line with utf-8
INFO:app.utils.helpers:Detected delimiter: ';' from: {',': 0, ';': 6, '\t': 0, '|': 0}
INFO:app.utils.helpers:CSV read successfully: 106 rows, 7 columns
INFO:app.services.csv_parsing_service:Raw columns after reading CSV: ['col_0', 'col_1', 'col_2', 'col_3', 'col_4', 'col_5', 'col_6']
INFO:app.services.header_detector:Detected header at row 2: ['N°', 'Libellé écriture', 'Solde Final', '', '', '', '']
INFO:app.services.csv_parsing_service:Preparing DataFrame: normalizing column names and data...
INFO:app.services.preparation_service:Starting DataFrame preparation...
INFO:app.services.preparation_service:Normalized column names: {'N°': 'n', 'Libellé écriture': 'libelle ecriture', 'Solde Final': 'solde final', '': ''}
INFO:app.services.preparation_service:Removed empty columns. Remaining: ['n', 'libelle ecriture', 'solde final']
INFO:app.services.preparation_service:DataFrame preparation complete
INFO:app.services.csv_parsing_service:Columns after preparation: ['n', 'libelle ecriture', 'solde final']
INFO:app.services.csv_parsing_service:Starting NLP-based column classification with semantic matching...
INFO:app.services.column_classifier:Processing column: 'n' \u2192 normalized: 'n'
INFO:app.services.column_classifier:\u2713 Mapped 'n' \u2192 'account_code' (confidence: 44.7%) [semantic=2.7, fuzzy=30.0, content=12.0]
INFO:app.services.column_classifier:Processing column: 'libelle ecriture' \u2192 normalized: 'libelle ecriture'
INFO:app.services.column_classifier:\u2713 Mapped 'libelle ecriture' \u2192 'label' (confidence: 46.3%) [semantic=1.3, fuzzy=30.0, content=15.0]
INFO:app.services.column_classifier:Processing column: 'solde final' \u2192 normalized: 'solde final'
INFO:app.services.column_classifier:\u2713 Mapped 'solde final' \u2192 'solde_final' (confidence: 40.8%) [semantic=10.8, fuzzy=30.0, content=0.0]
INFO:app.services.column_classifier:Validating and boosting confidence scores using content analysis...
WARNING:app.services.semantic_classifier:\u26a0 Suspicious classification: 'solde final' \u2192 'solde_final' (confidence=40.8%, content_score=0.0)
INFO:app.services.column_classifier:Final column mapping: {'n': 'account_code', 'libelle ecriture': 'label', 'solde final': 'solde_final'}
INFO:app.services.column_classifier:Confidence scores: [('n', '44.7%'), ('libelle ecriture', '50.1%'), ('solde final', '40.8%')]
INFO:app.services.csv_parsing_service:Column classification results with confidence:
INFO:app.services.csv_parsing_service:  'n' \u2192 'account_code' (confidence: 44.7%)
INFO:app.services.csv_parsing_service:  'libelle ecriture' \u2192 'label' (confidence: 50.1%)
INFO:app.services.csv_parsing_service:  'solde final' \u2192 'solde_final' (confidence: 40.8%)
INFO:app.services.data_extractor:Reverse mapping: {'account_code': ['n'], 'label': ['libelle ecriture'], 'solde_final': ['solde final']}
INFO:app.services.data_extractor:DataFrame columns after renaming: ['account_code', 'label', 'solde_final']
INFO:app.services.data_extractor:DataFrame shape: (106, 3)
INFO:app.services.data_extractor:DataFrame sample:
   account_code             label  solde_final
0  BALANCE 2021                               
1                                             
2            N°  Libellé écriture  Solde Final
3      10100000           CAPITAL   -1 000,000
4      11100000    RESERVE LEGALE             
INFO:app.services.data_extractor:Converted column 'solde_final' to numeric (NaN filled with 0)
INFO:app.services.data_extractor:Rows before filtering: 106
INFO:app.services.data_extractor:Rows after filtering: 100
INFO:app.services.data_extractor:Sample data:
   account_code               label  solde_final
0  BALANCE 2021                              0.0
2            N°    Libellé écriture          0.0
3      10100000             CAPITAL      -1000.0
4      11100000      RESERVE LEGALE          0.0
5      12100000  RESULTATS REPORTES    -150000.0
INFO:app.services.data_extractor:Successfully extracted 100 records
INFO:root:Upload 97: Encoding=UTF-8-SIG, Delimiter=;, Columns={'n': 'account_code', 'libelle ecriture': 'label', 'solde final': 'solde_final'}, Confidence_Scores={'n': 44.7%, 'libelle ecriture': 50.1%, 'solde final': 40.8%}
INFO:app.services.upload_service:Upload 97: 98 accounts inserted. Detected columns: ['account_code', 'label', 'solde_final']
INFO:app.services.upload_service:File saved: app/uploads\F1773661755482_BAL(in).csv
INFO:app.services.upload_service:Upload registered with ID: 98
INFO:app.services.upload_service:Starting to parse upload 98: F1773661755482_BAL(in).csv
INFO:app.utils.helpers:Successfully decoded first line with latin1
INFO:app.utils.helpers:Detected delimiter: ';' from: {',': 0, ';': 9, '\t': 0, '|': 0}
INFO:app.utils.helpers:CSV read successfully: 166 rows, 10 columns
INFO:app.services.csv_parsing_service:Raw columns after reading CSV: ['col_0', 'col_1', 'col_2', 'col_3', 'col_4', 'col_5', 'col_6', 'col_7', 'col_8', 'col_9']
INFO:app.services.header_detector:Detected header at row 0: ['Compte', 'Intitulé', 'Solde ant Dbt (réf)', 'Solde ant Cdt (réf)', 'Débit période (réf)', 'Crédit période (réf)', 'Solde pér Dbt (réf)', 'Solde pér Cdt (réf)', 'Solde fin Dbt (réf)', 'Solde fin Cdt (réf)']
INFO:app.services.csv_parsing_service:Preparing DataFrame: normalizing column names and data...
INFO:app.services.preparation_service:Starting DataFrame preparation...
INFO:app.services.preparation_service:Normalized column names: {'Compte': 'compte', 'Intitulé': 'intitule', 'Solde ant Dbt (réf)': 'solde ant dbt ref', 'Solde ant Cdt (réf)': 'solde ant cdt ref', 'Débit période (réf)': 'debit periode ref', 'Crédit période (réf)': 'credit periode ref', 'Solde pér Dbt (réf)': 'solde per dbt ref', 'Solde pér Cdt (réf)': 'solde per cdt ref', 'Solde fin Dbt (réf)': 'solde fin dbt ref', 'Solde fin Cdt (réf)': 'solde fin cdt ref'}
INFO:app.services.preparation_service:Removed empty columns. Remaining: ['compte', 'intitule', 'solde ant dbt ref', 'solde ant cdt ref', 'debit periode ref', 'credit periode ref', 'solde per dbt ref', 'solde per cdt ref', 'solde fin dbt ref', 'solde fin cdt ref']
INFO:app.services.preparation_service:DataFrame preparation complete
INFO:app.services.csv_parsing_service:Columns after preparation: ['compte', 'intitule', 'solde ant dbt ref', 'solde ant cdt ref', 'debit periode ref', 'credit periode ref', 'solde per dbt ref', 'solde per cdt ref', 'solde fin dbt ref', 'solde fin cdt ref']
INFO:app.services.csv_parsing_service:Starting NLP-based column classification with semantic matching...
INFO:app.services.column_classifier:Processing column: 'compte' \u2192 normalized: 'compte'
INFO:app.services.semantic_classifier:Loading semantic model: sentence-transformers/all-MiniLM-L6-v2
INFO:sentence_transformers.SentenceTransformer:Use pytorch device_name: cpu
INFO:sentence_transformers.SentenceTransformer:Load pretrained SentenceTransformer: sentence-transformers/all-MiniLM-L6-v2
INFO:httpx:HTTP Request: HEAD https://huggingface.co/sentence-transformers/all-MiniLM-L6-v2/resolve/main/modules.json "HTTP/1.1 307 Temporary Redirect"
INFO:httpx:HTTP Request: HEAD https://huggingface.co/api/resolve-cache/models/sentence-transformers/all-MiniLM-L6-v2/c9745ed1d9f207416be6d2e6f8de32d1f16199bf/modules.json "HTTP/1.1 200 OK"
INFO:httpx:HTTP Request: HEAD https://huggingface.co/sentence-transformers/all-MiniLM-L6-v2/resolve/main/config_sentence_transformers.json "HTTP/1.1 307 Temporary Redirect"
WARNING:huggingface_hub.utils._http:Warning: You are sending unauthenticated requests to the HF Hub. Please set a HF_TOKEN to enable higher rate limits and faster downloads.
INFO:httpx:HTTP Request: HEAD https://huggingface.co/api/resolve-cache/models/sentence-transformers/all-MiniLM-L6-v2/c9745ed1d9f207416be6d2e6f8de32d1f16199bf/config_sentence_transformers.json "HTTP/1.1 200 OK"
INFO:httpx:HTTP Request: HEAD https://huggingface.co/sentence-transformers/all-MiniLM-L6-v2/resolve/main/config_sentence_transformers.json "HTTP/1.1 307 Temporary Redirect"
INFO:httpx:HTTP Request: HEAD https://huggingface.co/api/resolve-cache/models/sentence-transformers/all-MiniLM-L6-v2/c9745ed1d9f207416be6d2e6f8de32d1f16199bf/config_sentence_transformers.json "HTTP/1.1 200 OK"
INFO:httpx:HTTP Request: HEAD https://huggingface.co/sentence-transformers/all-MiniLM-L6-v2/resolve/main/README.md "HTTP/1.1 307 Temporary Redirect"
INFO:httpx:HTTP Request: HEAD https://huggingface.co/api/resolve-cache/models/sentence-transformers/all-MiniLM-L6-v2/c9745ed1d9f207416be6d2e6f8de32d1f16199bf/README.md "HTTP/1.1 200 OK"
INFO:httpx:HTTP Request: HEAD https://huggingface.co/sentence-transformers/all-MiniLM-L6-v2/resolve/main/modules.json "HTTP/1.1 307 Temporary Redirect"
INFO:httpx:HTTP Request: HEAD https://huggingface.co/api/resolve-cache/models/sentence-transformers/all-MiniLM-L6-v2/c9745ed1d9f207416be6d2e6f8de32d1f16199bf/modules.json "HTTP/1.1 200 OK"
INFO:httpx:HTTP Request: HEAD https://huggingface.co/sentence-transformers/all-MiniLM-L6-v2/resolve/main/sentence_bert_config.json "HTTP/1.1 307 Temporary Redirect"
INFO:httpx:HTTP Request: HEAD https://huggingface.co/api/resolve-cache/models/sentence-transformers/all-MiniLM-L6-v2/c9745ed1d9f207416be6d2e6f8de32d1f16199bf/sentence_bert_config.json "HTTP/1.1 200 OK"
INFO:httpx:HTTP Request: HEAD https://huggingface.co/sentence-transformers/all-MiniLM-L6-v2/resolve/main/adapter_config.json "HTTP/1.1 404 Not Found"
INFO:httpx:HTTP Request: HEAD https://huggingface.co/sentence-transformers/all-MiniLM-L6-v2/resolve/main/config.json "HTTP/1.1 307 Temporary Redirect"
INFO:httpx:HTTP Request: HEAD https://huggingface.co/api/resolve-cache/models/sentence-transformers/all-MiniLM-L6-v2/c9745ed1d9f207416be6d2e6f8de32d1f16199bf/config.json "HTTP/1.1 200 OK"
INFO:httpx:HTTP Request: HEAD https://huggingface.co/sentence-transformers/all-MiniLM-L6-v2/resolve/main/config.json "HTTP/1.1 307 Temporary Redirect"
INFO:httpx:HTTP Request: HEAD https://huggingface.co/api/resolve-cache/models/sentence-transformers/all-MiniLM-L6-v2/c9745ed1d9f207416be6d2e6f8de32d1f16199bf/config.json "HTTP/1.1 200 OK"
INFO:httpx:HTTP Request: HEAD https://huggingface.co/sentence-transformers/all-MiniLM-L6-v2/resolve/main/tokenizer_config.json "HTTP/1.1 307 Temporary Redirect"
INFO:httpx:HTTP Request: HEAD https://huggingface.co/api/resolve-cache/models/sentence-transformers/all-MiniLM-L6-v2/c9745ed1d9f207416be6d2e6f8de32d1f16199bf/tokenizer_config.json "HTTP/1.1 200 OK"
INFO:httpx:HTTP Request: GET https://huggingface.co/api/models/sentence-transformers/all-MiniLM-L6-v2/tree/main/additional_chat_templates?recursive=false&expand=false "HTTP/1.1 404 Not Found"
INFO:httpx:HTTP Request: GET https://huggingface.co/api/models/sentence-transformers/all-MiniLM-L6-v2/tree/main?recursive=true&expand=false "HTTP/1.1 200 OK"
INFO:httpx:HTTP Request: HEAD https://huggingface.co/sentence-transformers/all-MiniLM-L6-v2/resolve/main/1_Pooling/config.json "HTTP/1.1 307 Temporary Redirect"
INFO:httpx:HTTP Request: HEAD https://huggingface.co/api/resolve-cache/models/sentence-transformers/all-MiniLM-L6-v2/c9745ed1d9f207416be6d2e6f8de32d1f16199bf/1_Pooling%2Fconfig.json "HTTP/1.1 200 OK"
INFO:httpx:HTTP Request: GET https://huggingface.co/api/models/sentence-transformers/all-MiniLM-L6-v2 "HTTP/1.1 200 OK"
INFO:app.services.semantic_classifier:Semantic model loaded successfully
INFO:app.services.column_classifier:\u2713 Mapped 'compte' \u2192 'account_code' (confidence: 42.0%) [semantic=0.0, fuzzy=30.0, content=12.0]
INFO:app.services.column_classifier:Processing column: 'intitule' \u2192 normalized: 'intitule'
INFO:app.services.column_classifier:\u2713 Mapped 'intitule' \u2192 'label' (confidence: 45.0%) [semantic=0.0, fuzzy=30.0, content=15.0]
INFO:app.services.column_classifier:Processing column: 'solde ant dbt ref' \u2192 normalized: 'solde ant dbt ref'
INFO:app.services.column_classifier:\u2713 Mapped 'solde ant dbt ref' \u2192 'solde_final_debit' (confidence: 43.0%) [semantic=6.1, fuzzy=21.9, content=15.0]
INFO:app.services.column_classifier:Processing column: 'solde ant cdt ref' \u2192 normalized: 'solde ant cdt ref'
INFO:app.services.column_classifier:\u2713 Mapped 'solde ant cdt ref' \u2192 'solde_final_credit' (confidence: 42.5%) [semantic=5.6, fuzzy=21.9, content=15.0]
INFO:app.services.column_classifier:Processing column: 'debit periode ref' \u2192 normalized: 'debit periode ref'
INFO:app.services.column_classifier:\u2713 Mapped 'debit periode ref' \u2192 'solde_debit' (confidence: 71.2%) [semantic=31.1, fuzzy=20.1, content=20.0]
INFO:app.services.column_classifier:Processing column: 'credit periode ref' \u2192 normalized: 'credit periode ref'
INFO:app.services.column_classifier:\u2713 Mapped 'credit periode ref' \u2192 'solde_credit' (confidence: 60.4%) [semantic=23.5, fuzzy=18.9, content=18.0]
INFO:app.services.column_classifier:Processing column: 'solde per dbt ref' \u2192 normalized: 'solde per dbt ref'
INFO:app.services.column_classifier:\u2713 Mapped 'solde per dbt ref' \u2192 'solde_final' (confidence: 46.3%) [semantic=11.3, fuzzy=15.0, content=20.0]
INFO:app.services.column_classifier:Processing column: 'solde per cdt ref' \u2192 normalized: 'solde per cdt ref'
INFO:app.services.column_classifier:\u2713 Mapped 'solde per cdt ref' \u2192 'debit' (confidence: 31.3%) [semantic=8.2, fuzzy=8.1, content=15.0]
INFO:app.services.column_classifier:Processing column: 'solde fin dbt ref' \u2192 normalized: 'solde fin dbt ref'
INFO:app.services.column_classifier:\u2713 Mapped 'solde fin dbt ref' \u2192 'credit' (confidence: 31.4%) [semantic=6.3, fuzzy=5.1, content=20.0]
INFO:app.services.column_classifier:Processing column: 'solde fin cdt ref' \u2192 normalized: 'solde fin cdt ref'
WARNING:app.services.column_classifier:\u2717 Unknown column detected: 'solde fin cdt ref'
INFO:app.services.column_classifier:Validating and boosting confidence scores using content analysis...
INFO:app.services.column_classifier:Final column mapping: {'compte': 'account_code', 'intitule': 'label', 'solde ant dbt ref': 'solde_final_debit', 'solde ant cdt ref': 'solde_final_credit', 'debit periode ref': 'solde_debit', 'credit periode ref': 'solde_credit', 'solde per dbt ref': 'solde_final', 'solde per cdt ref': 'debit', 'solde fin dbt ref': 'credit', 'solde fin cdt ref': 'unknown'}
INFO:app.services.column_classifier:Confidence scores: [('compte', '42.0%'), ('intitule', '48.8%'), ('solde ant dbt ref', '46.7%'), ('solde ant cdt ref', '46.2%'), ('debit periode ref', '76.2%'), ('credit periode ref', '64.9%'), ('solde per dbt ref', '51.3%'), ('solde per cdt ref', '35.1%'), ('solde fin dbt ref', '36.4%'), ('solde fin cdt ref', '0.0%')]
INFO:app.services.csv_parsing_service:Column classification results with confidence:
INFO:app.services.csv_parsing_service:  'compte' \u2192 'account_code' (confidence: 42.0%)
INFO:app.services.csv_parsing_service:  'intitule' \u2192 'label' (confidence: 48.8%)
INFO:app.services.csv_parsing_service:  'solde ant dbt ref' \u2192 'solde_final_debit' (confidence: 46.7%)
INFO:app.services.csv_parsing_service:  'solde ant cdt ref' \u2192 'solde_final_credit' (confidence: 46.2%)
INFO:app.services.csv_parsing_service:  'debit periode ref' \u2192 'solde_debit' (confidence: 76.2%)
INFO:app.services.csv_parsing_service:  'credit periode ref' \u2192 'solde_credit' (confidence: 64.9%)
INFO:app.services.csv_parsing_service:  'solde per dbt ref' \u2192 'solde_final' (confidence: 51.3%)
INFO:app.services.csv_parsing_service:  'solde per cdt ref' \u2192 'debit' (confidence: 35.1%)
INFO:app.services.csv_parsing_service:  'solde fin dbt ref' \u2192 'credit' (confidence: 36.4%)
INFO:app.services.csv_parsing_service:  'solde fin cdt ref' \u2192 'unknown' (confidence: 0.0%)
INFO:app.services.data_extractor:Reverse mapping: {'account_code': ['compte'], 'label': ['intitule'], 'solde_final_debit': ['solde ant dbt ref'], 'solde_final_credit': ['solde ant cdt ref'], 'solde_debit': ['debit periode ref'], 'solde_credit': ['credit periode ref'], 'solde_final': ['solde per dbt ref'], 'debit': ['solde per cdt ref'], 'credit': ['solde fin dbt ref']}
INFO:app.services.data_extractor:DataFrame columns after renaming: ['account_code', 'label', 'solde_final_debit', 'solde_final_credit', 'solde_debit', 'solde_credit', 'solde_final', 'debit', 'credit', 'solde fin cdt ref']
INFO:app.services.data_extractor:DataFrame shape: (166, 10)
INFO:app.services.data_extractor:DataFrame sample:
  account_code                           label  ...               credit    solde fin cdt ref
0       Compte                        Intitulé  ...  Solde fin Dbt (réf)  Solde fin Cdt (réf)
1     10100000                  CAPITAL SOCIAL  ...                    0             12400000
2     10900000  ACTIONNAIRE CAPITAL NON APPELE  ...                   10                    0
3     16210000                EMPRUNT BANCAIRE  ...                    0             21100000
4     16220000                 EMPRUNT LEASING  ...                    0           1298680,66

[5 rows x 10 columns]
INFO:app.services.data_extractor:Converted column 'debit' to numeric (NaN filled with 0)
INFO:app.services.data_extractor:Converted column 'credit' to numeric (NaN filled with 0)
INFO:app.services.data_extractor:Converted column 'solde_debit' to numeric (NaN filled with 0)
INFO:app.services.data_extractor:Converted column 'solde_credit' to numeric (NaN filled with 0)
INFO:app.services.data_extractor:Converted column 'solde_final' to numeric (NaN filled with 0)
INFO:app.services.data_extractor:Converted column 'solde_final_debit' to numeric (NaN filled with 0)
INFO:app.services.data_extractor:Converted column 'solde_final_credit' to numeric (NaN filled with 0)
INFO:app.services.data_extractor:Rows before filtering: 166
INFO:app.services.data_extractor:Rows after filtering: 166
INFO:app.services.data_extractor:Sample data:
  account_code                           label  solde_final_debit  ...        debit  credit    solde fin cdt ref
0       Compte                        Intitulé                0.0  ...         0.00     0.0  Solde fin Cdt (réf)
1     10100000                  CAPITAL SOCIAL                0.0  ...  12400000.00     0.0             12400000
2     10900000  ACTIONNAIRE CAPITAL NON APPELE                0.0  ...         0.00    10.0                    0
3     16210000                EMPRUNT BANCAIRE                0.0  ...  21100000.00     0.0             21100000
4     16220000                 EMPRUNT LEASING                0.0  ...   1298680.66     0.0           1298680,66

[5 rows x 10 columns]
INFO:app.services.data_extractor:Successfully extracted 166 records
INFO:root:Upload 98: Encoding=ISO-8859-1, Delimiter=;, Columns={'compte': 'account_code', 'intitule': 'label', 'solde ant dbt ref': 'solde_final_debit', 'solde ant cdt ref': 'solde_final_credit', 'debit periode ref': 'solde_debit', 'credit periode ref': 'solde_credit', 'solde per dbt ref': 'solde_final', 'solde per cdt ref': 'debit', 'solde fin dbt ref': 'credit', 'solde fin cdt ref': 'unknown'}, Confidence_Scores={'compte': 42.0%, 'intitule': 48.8%, 'solde ant dbt ref': 46.7%, 'solde ant cdt ref': 46.2%, 'debit periode ref': 76.2%, 'credit periode ref': 64.9%, 'solde per dbt ref': 51.3%, 'solde per cdt ref': 35.1%, 'solde fin dbt ref': 36.4%, 'solde fin cdt ref': 0.0%}
INFO:app.services.upload_service:Upload 98: 165 accounts inserted. Detected columns: ['account_code', 'label', 'solde_final_debit', 'solde_final_credit', 'solde_debit', 'solde_credit', 'solde_final', 'debit', 'credit', 'solde fin cdt ref']
INFO:app.services.bilan_calculator:Loaded 165 accounts for upload 96
INFO:app.services.bilan_calculator:Bilan: Actif=29421117.77, Passif=29858770.7, Balanced=False
INFO:app.services.bilan_calculator:Loaded 98 accounts for upload 97
INFO:app.services.bilan_calculator:Bilan: Actif=6252450.0, Passif=620000.0, Balanced=False
INFO:app.services.upload_service:Previewing upload 97: balance_2021_utf.csv
INFO:app.utils.helpers:Successfully decoded first line with utf-8
INFO:app.utils.helpers:Detected delimiter: ';' from: {',': 0, ';': 6, '\t': 0, '|': 0}
INFO:app.utils.helpers:CSV read successfully: 106 rows, 7 columns
INFO:app.services.upload_service:Preview for upload 97: 20 preview rows, 105 total rows
INFO:app.services.upload_service:File saved: app/uploads\balance_2021_utf.csv
INFO:app.services.upload_service:Upload registered with ID: 99
INFO:app.utils.helpers:Successfully decoded first line with utf-8
INFO:app.utils.helpers:Detected delimiter: ';' from: {',': 0, ';': 6, '\t': 0, '|': 0}
INFO:app.utils.helpers:CSV read successfully: 106 rows, 7 columns
INFO:app.services.csv_parsing_service:Raw columns after reading CSV: ['col_0', 'col_1', 'col_2', 'col_3', 'col_4', 'col_5', 'col_6']
INFO:app.services.header_detector:Detected header at row 2: ['N°', 'Libellé écriture', 'Solde Final', '', '', '', '']
INFO:app.services.csv_parsing_service:Preparing DataFrame: normalizing column names and data...
INFO:app.services.preparation_service:Starting DataFrame preparation...
INFO:app.services.preparation_service:Normalized column names: {'N°': 'n', 'Libellé écriture': 'libelle ecriture', 'Solde Final': 'solde final', '': ''}
INFO:app.services.preparation_service:Removed empty columns. Remaining: ['n', 'libelle ecriture', 'solde final']
INFO:app.services.preparation_service:DataFrame preparation complete
INFO:app.services.csv_parsing_service:Columns after preparation: ['n', 'libelle ecriture', 'solde final']
INFO:app.services.csv_parsing_service:Starting NLP-based column classification with semantic matching...
INFO:app.services.column_classifier:Processing column: 'n' \u2192 normalized: 'n'
INFO:app.services.semantic_classifier:Loading semantic model: sentence-transformers/all-MiniLM-L6-v2
INFO:sentence_transformers.SentenceTransformer:Use pytorch device_name: cpu
INFO:sentence_transformers.SentenceTransformer:Load pretrained SentenceTransformer: sentence-transformers/all-MiniLM-L6-v2
INFO:httpx:HTTP Request: HEAD https://huggingface.co/sentence-transformers/all-MiniLM-L6-v2/resolve/main/modules.json "HTTP/1.1 307 Temporary Redirect"
INFO:httpx:HTTP Request: HEAD https://huggingface.co/api/resolve-cache/models/sentence-transformers/all-MiniLM-L6-v2/c9745ed1d9f207416be6d2e6f8de32d1f16199bf/modules.json "HTTP/1.1 200 OK"
INFO:httpx:HTTP Request: HEAD https://huggingface.co/sentence-transformers/all-MiniLM-L6-v2/resolve/main/config_sentence_transformers.json "HTTP/1.1 307 Temporary Redirect"
INFO:httpx:HTTP Request: HEAD https://huggingface.co/api/resolve-cache/models/sentence-transformers/all-MiniLM-L6-v2/c9745ed1d9f207416be6d2e6f8de32d1f16199bf/config_sentence_transformers.json "HTTP/1.1 200 OK"
INFO:httpx:HTTP Request: HEAD https://huggingface.co/sentence-transformers/all-MiniLM-L6-v2/resolve/main/config_sentence_transformers.json "HTTP/1.1 307 Temporary Redirect"
INFO:httpx:HTTP Request: HEAD https://huggingface.co/api/resolve-cache/models/sentence-transformers/all-MiniLM-L6-v2/c9745ed1d9f207416be6d2e6f8de32d1f16199bf/config_sentence_transformers.json "HTTP/1.1 200 OK"
INFO:httpx:HTTP Request: HEAD https://huggingface.co/sentence-transformers/all-MiniLM-L6-v2/resolve/main/README.md "HTTP/1.1 307 Temporary Redirect"
INFO:httpx:HTTP Request: HEAD https://huggingface.co/api/resolve-cache/models/sentence-transformers/all-MiniLM-L6-v2/c9745ed1d9f207416be6d2e6f8de32d1f16199bf/README.md "HTTP/1.1 200 OK"
INFO:httpx:HTTP Request: HEAD https://huggingface.co/sentence-transformers/all-MiniLM-L6-v2/resolve/main/modules.json "HTTP/1.1 307 Temporary Redirect"
WARNING:huggingface_hub.utils._http:Warning: You are sending unauthenticated requests to the HF Hub. Please set a HF_TOKEN to enable higher rate limits and faster downloads.
INFO:httpx:HTTP Request: HEAD https://huggingface.co/api/resolve-cache/models/sentence-transformers/all-MiniLM-L6-v2/c9745ed1d9f207416be6d2e6f8de32d1f16199bf/modules.json "HTTP/1.1 200 OK"
INFO:httpx:HTTP Request: HEAD https://huggingface.co/sentence-transformers/all-MiniLM-L6-v2/resolve/main/sentence_bert_config.json "HTTP/1.1 307 Temporary Redirect"
INFO:httpx:HTTP Request: HEAD https://huggingface.co/api/resolve-cache/models/sentence-transformers/all-MiniLM-L6-v2/c9745ed1d9f207416be6d2e6f8de32d1f16199bf/sentence_bert_config.json "HTTP/1.1 200 OK"
INFO:httpx:HTTP Request: HEAD https://huggingface.co/sentence-transformers/all-MiniLM-L6-v2/resolve/main/adapter_config.json "HTTP/1.1 404 Not Found"
INFO:httpx:HTTP Request: HEAD https://huggingface.co/sentence-transformers/all-MiniLM-L6-v2/resolve/main/config.json "HTTP/1.1 307 Temporary Redirect"
INFO:httpx:HTTP Request: HEAD https://huggingface.co/api/resolve-cache/models/sentence-transformers/all-MiniLM-L6-v2/c9745ed1d9f207416be6d2e6f8de32d1f16199bf/config.json "HTTP/1.1 200 OK"
INFO:httpx:HTTP Request: HEAD https://huggingface.co/sentence-transformers/all-MiniLM-L6-v2/resolve/main/config.json "HTTP/1.1 307 Temporary Redirect"
INFO:httpx:HTTP Request: HEAD https://huggingface.co/api/resolve-cache/models/sentence-transformers/all-MiniLM-L6-v2/c9745ed1d9f207416be6d2e6f8de32d1f16199bf/config.json "HTTP/1.1 200 OK"
INFO:httpx:HTTP Request: HEAD https://huggingface.co/sentence-transformers/all-MiniLM-L6-v2/resolve/main/tokenizer_config.json "HTTP/1.1 307 Temporary Redirect"
INFO:httpx:HTTP Request: HEAD https://huggingface.co/api/resolve-cache/models/sentence-transformers/all-MiniLM-L6-v2/c9745ed1d9f207416be6d2e6f8de32d1f16199bf/tokenizer_config.json "HTTP/1.1 200 OK"
INFO:httpx:HTTP Request: GET https://huggingface.co/api/models/sentence-transformers/all-MiniLM-L6-v2/tree/main/additional_chat_templates?recursive=false&expand=false "HTTP/1.1 404 Not Found"
INFO:httpx:HTTP Request: GET https://huggingface.co/api/models/sentence-transformers/all-MiniLM-L6-v2/tree/main?recursive=true&expand=false "HTTP/1.1 200 OK"
INFO:httpx:HTTP Request: HEAD https://huggingface.co/sentence-transformers/all-MiniLM-L6-v2/resolve/main/1_Pooling/config.json "HTTP/1.1 307 Temporary Redirect"
INFO:httpx:HTTP Request: HEAD https://huggingface.co/api/resolve-cache/models/sentence-transformers/all-MiniLM-L6-v2/c9745ed1d9f207416be6d2e6f8de32d1f16199bf/1_Pooling%2Fconfig.json "HTTP/1.1 200 OK"
INFO:httpx:HTTP Request: GET https://huggingface.co/api/models/sentence-transformers/all-MiniLM-L6-v2 "HTTP/1.1 200 OK"
INFO:app.services.semantic_classifier:Semantic model loaded successfully
INFO:app.services.column_classifier:\u2713 Mapped 'n' \u2192 'account_code' (confidence: 44.7%) [semantic=2.7, fuzzy=30.0, content=12.0]
INFO:app.services.column_classifier:Processing column: 'libelle ecriture' \u2192 normalized: 'libelle ecriture'
INFO:app.services.column_classifier:\u2713 Mapped 'libelle ecriture' \u2192 'label' (confidence: 46.3%) [semantic=1.3, fuzzy=30.0, content=15.0]
INFO:app.services.column_classifier:Processing column: 'solde final' \u2192 normalized: 'solde final'
INFO:app.services.column_classifier:\u2713 Mapped 'solde final' \u2192 'solde_final' (confidence: 40.8%) [semantic=10.8, fuzzy=30.0, content=0.0]
INFO:app.services.column_classifier:Validating and boosting confidence scores using content analysis...
WARNING:app.services.semantic_classifier:\u26a0 Suspicious classification: 'solde final' \u2192 'solde_final' (confidence=40.8%, content_score=0.0)
INFO:app.services.column_classifier:Final column mapping: {'n': 'account_code', 'libelle ecriture': 'label', 'solde final': 'solde_final'}
INFO:app.services.column_classifier:Confidence scores: [('n', '44.7%'), ('libelle ecriture', '50.1%'), ('solde final', '40.8%')]
INFO:app.services.csv_parsing_service:Column classification results with confidence:
INFO:app.services.csv_parsing_service:  'n' \u2192 'account_code' (confidence: 44.7%)
INFO:app.services.csv_parsing_service:  'libelle ecriture' \u2192 'label' (confidence: 50.1%)
INFO:app.services.csv_parsing_service:  'solde final' \u2192 'solde_final' (confidence: 40.8%)
INFO:app.services.data_extractor:Reverse mapping: {'account_code': ['n'], 'label': ['libelle ecriture'], 'solde_final': ['solde final']}
INFO:app.services.data_extractor:DataFrame columns after renaming: ['account_code', 'label', 'solde_final']
INFO:app.services.data_extractor:DataFrame shape: (106, 3)
INFO:app.services.data_extractor:DataFrame sample:
   account_code             label  solde_final
0  BALANCE 2021                               
1                                             
2            N°  Libellé écriture  Solde Final
3      10100000           CAPITAL   -1 000,000
4      11100000    RESERVE LEGALE             
INFO:app.services.data_extractor:Converted column 'solde_final' to numeric (NaN filled with 0)
INFO:app.services.data_extractor:Rows before filtering: 106
INFO:app.services.data_extractor:Rows after filtering: 100
INFO:app.services.data_extractor:Sample data:
   account_code               label  solde_final
0  BALANCE 2021                              0.0
2            N°    Libellé écriture          0.0
3      10100000             CAPITAL      -1000.0
4      11100000      RESERVE LEGALE          0.0
5      12100000  RESULTATS REPORTES    -150000.0
INFO:app.services.data_extractor:Successfully extracted 100 records
INFO:root:Upload 99: Encoding=UTF-8-SIG, Delimiter=;, Columns={'n': 'account_code', 'libelle ecriture': 'label', 'solde final': 'solde_final'}, Confidence_Scores={'n': 44.7%, 'libelle ecriture': 50.1%, 'solde final': 40.8%}
INFO:app.services.upload_service:File saved: app/uploads\F1773661755482_BAL(in).csv
INFO:app.services.upload_service:Upload registered with ID: 100
INFO:app.utils.helpers:Successfully decoded first line with latin1
INFO:app.utils.helpers:Detected delimiter: ';' from: {',': 0, ';': 9, '\t': 0, '|': 0}
INFO:app.utils.helpers:CSV read successfully: 166 rows, 10 columns
INFO:app.services.csv_parsing_service:Raw columns after reading CSV: ['col_0', 'col_1', 'col_2', 'col_3', 'col_4', 'col_5', 'col_6', 'col_7', 'col_8', 'col_9']
INFO:app.services.header_detector:Detected header at row 0: ['Compte', 'Intitulé', 'Solde ant Dbt (réf)', 'Solde ant Cdt (réf)', 'Débit période (réf)', 'Crédit période (réf)', 'Solde pér Dbt (réf)', 'Solde pér Cdt (réf)', 'Solde fin Dbt (réf)', 'Solde fin Cdt (réf)']
INFO:app.services.csv_parsing_service:Preparing DataFrame: normalizing column names and data...
INFO:app.services.preparation_service:Starting DataFrame preparation...
INFO:app.services.preparation_service:Normalized column names: {'Compte': 'compte', 'Intitulé': 'intitule', 'Solde ant Dbt (réf)': 'solde ant dbt ref', 'Solde ant Cdt (réf)': 'solde ant cdt ref', 'Débit période (réf)': 'debit periode ref', 'Crédit période (réf)': 'credit periode ref', 'Solde pér Dbt (réf)': 'solde per dbt ref', 'Solde pér Cdt (réf)': 'solde per cdt ref', 'Solde fin Dbt (réf)': 'solde fin dbt ref', 'Solde fin Cdt (réf)': 'solde fin cdt ref'}
INFO:app.services.preparation_service:Removed empty columns. Remaining: ['compte', 'intitule', 'solde ant dbt ref', 'solde ant cdt ref', 'debit periode ref', 'credit periode ref', 'solde per dbt ref', 'solde per cdt ref', 'solde fin dbt ref', 'solde fin cdt ref']
INFO:app.services.preparation_service:DataFrame preparation complete
INFO:app.services.csv_parsing_service:Columns after preparation: ['compte', 'intitule', 'solde ant dbt ref', 'solde ant cdt ref', 'debit periode ref', 'credit periode ref', 'solde per dbt ref', 'solde per cdt ref', 'solde fin dbt ref', 'solde fin cdt ref']
INFO:app.services.csv_parsing_service:Starting NLP-based column classification with semantic matching...
INFO:app.services.column_classifier:Processing column: 'compte' \u2192 normalized: 'compte'
INFO:app.services.column_classifier:\u2713 Mapped 'compte' \u2192 'account_code' (confidence: 42.0%) [semantic=0.0, fuzzy=30.0, content=12.0]
INFO:app.services.column_classifier:Processing column: 'intitule' \u2192 normalized: 'intitule'
INFO:app.services.column_classifier:\u2713 Mapped 'intitule' \u2192 'label' (confidence: 45.0%) [semantic=0.0, fuzzy=30.0, content=15.0]
INFO:app.services.column_classifier:Processing column: 'solde ant dbt ref' \u2192 normalized: 'solde ant dbt ref'
INFO:app.services.column_classifier:\u2713 Mapped 'solde ant dbt ref' \u2192 'solde_final_debit' (confidence: 43.0%) [semantic=6.1, fuzzy=21.9, content=15.0]
INFO:app.services.column_classifier:Processing column: 'solde ant cdt ref' \u2192 normalized: 'solde ant cdt ref'
INFO:app.services.column_classifier:\u2713 Mapped 'solde ant cdt ref' \u2192 'solde_final_credit' (confidence: 42.5%) [semantic=5.6, fuzzy=21.9, content=15.0]
INFO:app.services.column_classifier:Processing column: 'debit periode ref' \u2192 normalized: 'debit periode ref'
INFO:app.services.column_classifier:\u2713 Mapped 'debit periode ref' \u2192 'solde_debit' (confidence: 71.2%) [semantic=31.1, fuzzy=20.1, content=20.0]
INFO:app.services.column_classifier:Processing column: 'credit periode ref' \u2192 normalized: 'credit periode ref'
INFO:app.services.column_classifier:\u2713 Mapped 'credit periode ref' \u2192 'solde_credit' (confidence: 60.4%) [semantic=23.5, fuzzy=18.9, content=18.0]
INFO:app.services.column_classifier:Processing column: 'solde per dbt ref' \u2192 normalized: 'solde per dbt ref'
INFO:app.services.column_classifier:\u2713 Mapped 'solde per dbt ref' \u2192 'solde_final' (confidence: 46.3%) [semantic=11.3, fuzzy=15.0, content=20.0]
INFO:app.services.column_classifier:Processing column: 'solde per cdt ref' \u2192 normalized: 'solde per cdt ref'
INFO:app.services.column_classifier:\u2713 Mapped 'solde per cdt ref' \u2192 'debit' (confidence: 31.3%) [semantic=8.2, fuzzy=8.1, content=15.0]
INFO:app.services.column_classifier:Processing column: 'solde fin dbt ref' \u2192 normalized: 'solde fin dbt ref'
INFO:app.services.column_classifier:\u2713 Mapped 'solde fin dbt ref' \u2192 'credit' (confidence: 31.4%) [semantic=6.3, fuzzy=5.1, content=20.0]
INFO:app.services.column_classifier:Processing column: 'solde fin cdt ref' \u2192 normalized: 'solde fin cdt ref'
WARNING:app.services.column_classifier:\u2717 Unknown column detected: 'solde fin cdt ref'
INFO:app.services.column_classifier:Validating and boosting confidence scores using content analysis...
INFO:app.services.column_classifier:Final column mapping: {'compte': 'account_code', 'intitule': 'label', 'solde ant dbt ref': 'solde_final_debit', 'solde ant cdt ref': 'solde_final_credit', 'debit periode ref': 'solde_debit', 'credit periode ref': 'solde_credit', 'solde per dbt ref': 'solde_final', 'solde per cdt ref': 'debit', 'solde fin dbt ref': 'credit', 'solde fin cdt ref': 'unknown'}
INFO:app.services.column_classifier:Confidence scores: [('compte', '42.0%'), ('intitule', '48.8%'), ('solde ant dbt ref', '46.7%'), ('solde ant cdt ref', '46.2%'), ('debit periode ref', '76.2%'), ('credit periode ref', '64.9%'), ('solde per dbt ref', '51.3%'), ('solde per cdt ref', '35.1%'), ('solde fin dbt ref', '36.4%'), ('solde fin cdt ref', '0.0%')]
INFO:app.services.csv_parsing_service:Column classification results with confidence:
INFO:app.services.csv_parsing_service:  'compte' \u2192 'account_code' (confidence: 42.0%)
INFO:app.services.csv_parsing_service:  'intitule' \u2192 'label' (confidence: 48.8%)
INFO:app.services.csv_parsing_service:  'solde ant dbt ref' \u2192 'solde_final_debit' (confidence: 46.7%)
INFO:app.services.csv_parsing_service:  'solde ant cdt ref' \u2192 'solde_final_credit' (confidence: 46.2%)
INFO:app.services.csv_parsing_service:  'debit periode ref' \u2192 'solde_debit' (confidence: 76.2%)
INFO:app.services.csv_parsing_service:  'credit periode ref' \u2192 'solde_credit' (confidence: 64.9%)
INFO:app.services.csv_parsing_service:  'solde per dbt ref' \u2192 'solde_final' (confidence: 51.3%)
INFO:app.services.csv_parsing_service:  'solde per cdt ref' \u2192 'debit' (confidence: 35.1%)
INFO:app.services.csv_parsing_service:  'solde fin dbt ref' \u2192 'credit' (confidence: 36.4%)
INFO:app.services.csv_parsing_service:  'solde fin cdt ref' \u2192 'unknown' (confidence: 0.0%)
INFO:app.services.data_extractor:Reverse mapping: {'account_code': ['compte'], 'label': ['intitule'], 'solde_final_debit': ['solde ant dbt ref'], 'solde_final_credit': ['solde ant cdt ref'], 'solde_debit': ['debit periode ref'], 'solde_credit': ['credit periode ref'], 'solde_final': ['solde per dbt ref'], 'debit': ['solde per cdt ref'], 'credit': ['solde fin dbt ref']}
INFO:app.services.data_extractor:DataFrame columns after renaming: ['account_code', 'label', 'solde_final_debit', 'solde_final_credit', 'solde_debit', 'solde_credit', 'solde_final', 'debit', 'credit', 'solde fin cdt ref']
INFO:app.services.data_extractor:DataFrame shape: (166, 10)
INFO:app.services.data_extractor:DataFrame sample:
  account_code                           label  ...               credit    solde fin cdt ref
0       Compte                        Intitulé  ...  Solde fin Dbt (réf)  Solde fin Cdt (réf)
1     10100000                  CAPITAL SOCIAL  ...                    0             12400000
2     10900000  ACTIONNAIRE CAPITAL NON APPELE  ...                   10                    0
3     16210000                EMPRUNT BANCAIRE  ...                    0             21100000
4     16220000                 EMPRUNT LEASING  ...                    0           1298680,66

[5 rows x 10 columns]
INFO:app.services.data_extractor:Converted column 'debit' to numeric (NaN filled with 0)
INFO:app.services.data_extractor:Converted column 'credit' to numeric (NaN filled with 0)
INFO:app.services.data_extractor:Converted column 'solde_debit' to numeric (NaN filled with 0)
INFO:app.services.data_extractor:Converted column 'solde_credit' to numeric (NaN filled with 0)
INFO:app.services.data_extractor:Converted column 'solde_final' to numeric (NaN filled with 0)
INFO:app.services.data_extractor:Converted column 'solde_final_debit' to numeric (NaN filled with 0)
INFO:app.services.data_extractor:Converted column 'solde_final_credit' to numeric (NaN filled with 0)
INFO:app.services.data_extractor:Rows before filtering: 166
INFO:app.services.data_extractor:Rows after filtering: 166
INFO:app.services.data_extractor:Sample data:
  account_code                           label  solde_final_debit  ...        debit  credit    solde fin cdt ref
0       Compte                        Intitulé                0.0  ...         0.00     0.0  Solde fin Cdt (réf)
1     10100000                  CAPITAL SOCIAL                0.0  ...  12400000.00     0.0             12400000
2     10900000  ACTIONNAIRE CAPITAL NON APPELE                0.0  ...         0.00    10.0                    0
3     16210000                EMPRUNT BANCAIRE                0.0  ...  21100000.00     0.0             21100000
4     16220000                 EMPRUNT LEASING                0.0  ...   1298680.66     0.0           1298680,66

[5 rows x 10 columns]
INFO:app.services.data_extractor:Successfully extracted 166 records
INFO:root:Upload 100: Encoding=ISO-8859-1, Delimiter=;, Columns={'compte': 'account_code', 'intitule': 'label', 'solde ant dbt ref': 'solde_final_debit', 'solde ant cdt ref': 'solde_final_credit', 'debit periode ref': 'solde_debit', 'credit periode ref': 'solde_credit', 'solde per dbt ref': 'solde_final', 'solde per cdt ref': 'debit', 'solde fin dbt ref': 'credit', 'solde fin cdt ref': 'unknown'}, Confidence_Scores={'compte': 42.0%, 'intitule': 48.8%, 'solde ant dbt ref': 46.7%, 'solde ant cdt ref': 46.2%, 'debit periode ref': 76.2%, 'credit periode ref': 64.9%, 'solde per dbt ref': 51.3%, 'solde per cdt ref': 35.1%, 'solde fin dbt ref': 36.4%, 'solde fin cdt ref': 0.0%}
INFO:app.services.upload_service:File saved: app/uploads\F1773661755482_BAL(in).csv
INFO:app.services.upload_service:Upload registered with ID: 101
INFO:app.services.upload_service:Starting to parse upload 101: F1773661755482_BAL(in).csv
INFO:app.utils.helpers:Successfully decoded first line with latin1
INFO:app.utils.helpers:Detected delimiter: ';' from: {',': 0, ';': 9, '\t': 0, '|': 0}
INFO:app.utils.helpers:CSV read successfully: 166 rows, 10 columns
INFO:app.services.csv_parsing_service:Raw columns after reading CSV: ['col_0', 'col_1', 'col_2', 'col_3', 'col_4', 'col_5', 'col_6', 'col_7', 'col_8', 'col_9']
INFO:app.services.header_detector:Detected header at row 0: ['Compte', 'Intitulé', 'Solde ant Dbt (réf)', 'Solde ant Cdt (réf)', 'Débit période (réf)', 'Crédit période (réf)', 'Solde pér Dbt (réf)', 'Solde pér Cdt (réf)', 'Solde fin Dbt (réf)', 'Solde fin Cdt (réf)']
INFO:app.services.csv_parsing_service:Preparing DataFrame: normalizing column names and data...
INFO:app.services.preparation_service:Starting DataFrame preparation...
INFO:app.services.preparation_service:Normalized column names: {'Compte': 'compte', 'Intitulé': 'intitule', 'Solde ant Dbt (réf)': 'solde ant dbt ref', 'Solde ant Cdt (réf)': 'solde ant cdt ref', 'Débit période (réf)': 'debit periode ref', 'Crédit période (réf)': 'credit periode ref', 'Solde pér Dbt (réf)': 'solde per dbt ref', 'Solde pér Cdt (réf)': 'solde per cdt ref', 'Solde fin Dbt (réf)': 'solde fin dbt ref', 'Solde fin Cdt (réf)': 'solde fin cdt ref'}
INFO:app.services.preparation_service:Removed empty columns. Remaining: ['compte', 'intitule', 'solde ant dbt ref', 'solde ant cdt ref', 'debit periode ref', 'credit periode ref', 'solde per dbt ref', 'solde per cdt ref', 'solde fin dbt ref', 'solde fin cdt ref']
INFO:app.services.preparation_service:DataFrame preparation complete
INFO:app.services.csv_parsing_service:Columns after preparation: ['compte', 'intitule', 'solde ant dbt ref', 'solde ant cdt ref', 'debit periode ref', 'credit periode ref', 'solde per dbt ref', 'solde per cdt ref', 'solde fin dbt ref', 'solde fin cdt ref']
INFO:app.services.csv_parsing_service:Starting NLP-based column classification with semantic matching...
INFO:app.services.column_classifier:Processing column: 'compte' \u2192 normalized: 'compte'
INFO:app.services.column_classifier:\u2713 Mapped 'compte' \u2192 'account_code' (confidence: 42.0%) [semantic=0.0, fuzzy=30.0, content=12.0]
INFO:app.services.column_classifier:Processing column: 'intitule' \u2192 normalized: 'intitule'
INFO:app.services.column_classifier:\u2713 Mapped 'intitule' \u2192 'label' (confidence: 45.0%) [semantic=0.0, fuzzy=30.0, content=15.0]
INFO:app.services.column_classifier:Processing column: 'solde ant dbt ref' \u2192 normalized: 'solde ant dbt ref'
INFO:app.services.column_classifier:\u2713 Mapped 'solde ant dbt ref' \u2192 'solde_final_debit' (confidence: 43.0%) [semantic=6.1, fuzzy=21.9, content=15.0]
INFO:app.services.column_classifier:Processing column: 'solde ant cdt ref' \u2192 normalized: 'solde ant cdt ref'
INFO:app.services.column_classifier:\u2713 Mapped 'solde ant cdt ref' \u2192 'solde_final_credit' (confidence: 42.5%) [semantic=5.6, fuzzy=21.9, content=15.0]
INFO:app.services.column_classifier:Processing column: 'debit periode ref' \u2192 normalized: 'debit periode ref'
INFO:app.services.column_classifier:\u2713 Mapped 'debit periode ref' \u2192 'solde_debit' (confidence: 71.2%) [semantic=31.1, fuzzy=20.1, content=20.0]
INFO:app.services.column_classifier:Processing column: 'credit periode ref' \u2192 normalized: 'credit periode ref'
INFO:app.services.column_classifier:\u2713 Mapped 'credit periode ref' \u2192 'solde_credit' (confidence: 60.4%) [semantic=23.5, fuzzy=18.9, content=18.0]
INFO:app.services.column_classifier:Processing column: 'solde per dbt ref' \u2192 normalized: 'solde per dbt ref'
INFO:app.services.column_classifier:\u2713 Mapped 'solde per dbt ref' \u2192 'solde_final' (confidence: 46.3%) [semantic=11.3, fuzzy=15.0, content=20.0]
INFO:app.services.column_classifier:Processing column: 'solde per cdt ref' \u2192 normalized: 'solde per cdt ref'
INFO:app.services.column_classifier:\u2713 Mapped 'solde per cdt ref' \u2192 'debit' (confidence: 31.3%) [semantic=8.2, fuzzy=8.1, content=15.0]
INFO:app.services.column_classifier:Processing column: 'solde fin dbt ref' \u2192 normalized: 'solde fin dbt ref'
INFO:app.services.column_classifier:\u2713 Mapped 'solde fin dbt ref' \u2192 'credit' (confidence: 31.4%) [semantic=6.3, fuzzy=5.1, content=20.0]
INFO:app.services.column_classifier:Processing column: 'solde fin cdt ref' \u2192 normalized: 'solde fin cdt ref'
WARNING:app.services.column_classifier:\u2717 Unknown column detected: 'solde fin cdt ref'
INFO:app.services.column_classifier:Validating and boosting confidence scores using content analysis...
INFO:app.services.column_classifier:Final column mapping: {'compte': 'account_code', 'intitule': 'label', 'solde ant dbt ref': 'solde_final_debit', 'solde ant cdt ref': 'solde_final_credit', 'debit periode ref': 'solde_debit', 'credit periode ref': 'solde_credit', 'solde per dbt ref': 'solde_final', 'solde per cdt ref': 'debit', 'solde fin dbt ref': 'credit', 'solde fin cdt ref': 'unknown'}
INFO:app.services.column_classifier:Confidence scores: [('compte', '42.0%'), ('intitule', '48.8%'), ('solde ant dbt ref', '46.7%'), ('solde ant cdt ref', '46.2%'), ('debit periode ref', '76.2%'), ('credit periode ref', '64.9%'), ('solde per dbt ref', '51.3%'), ('solde per cdt ref', '35.1%'), ('solde fin dbt ref', '36.4%'), ('solde fin cdt ref', '0.0%')]
INFO:app.services.csv_parsing_service:Column classification results with confidence:
INFO:app.services.csv_parsing_service:  'compte' \u2192 'account_code' (confidence: 42.0%)
INFO:app.services.csv_parsing_service:  'intitule' \u2192 'label' (confidence: 48.8%)
INFO:app.services.csv_parsing_service:  'solde ant dbt ref' \u2192 'solde_final_debit' (confidence: 46.7%)
INFO:app.services.csv_parsing_service:  'solde ant cdt ref' \u2192 'solde_final_credit' (confidence: 46.2%)
INFO:app.services.csv_parsing_service:  'debit periode ref' \u2192 'solde_debit' (confidence: 76.2%)
INFO:app.services.csv_parsing_service:  'credit periode ref' \u2192 'solde_credit' (confidence: 64.9%)
INFO:app.services.csv_parsing_service:  'solde per dbt ref' \u2192 'solde_final' (confidence: 51.3%)
INFO:app.services.csv_parsing_service:  'solde per cdt ref' \u2192 'debit' (confidence: 35.1%)
INFO:app.services.csv_parsing_service:  'solde fin dbt ref' \u2192 'credit' (confidence: 36.4%)
INFO:app.services.csv_parsing_service:  'solde fin cdt ref' \u2192 'unknown' (confidence: 0.0%)
INFO:app.services.data_extractor:Reverse mapping: {'account_code': ['compte'], 'label': ['intitule'], 'solde_final_debit': ['solde ant dbt ref'], 'solde_final_credit': ['solde ant cdt ref'], 'solde_debit': ['debit periode ref'], 'solde_credit': ['credit periode ref'], 'solde_final': ['solde per dbt ref'], 'debit': ['solde per cdt ref'], 'credit': ['solde fin dbt ref']}
INFO:app.services.data_extractor:DataFrame columns after renaming: ['account_code', 'label', 'solde_final_debit', 'solde_final_credit', 'solde_debit', 'solde_credit', 'solde_final', 'debit', 'credit', 'solde fin cdt ref']
INFO:app.services.data_extractor:DataFrame shape: (166, 10)
INFO:app.services.data_extractor:DataFrame sample:
  account_code                           label  ...               credit    solde fin cdt ref
0       Compte                        Intitulé  ...  Solde fin Dbt (réf)  Solde fin Cdt (réf)
1     10100000                  CAPITAL SOCIAL  ...                    0             12400000
2     10900000  ACTIONNAIRE CAPITAL NON APPELE  ...                   10                    0
3     16210000                EMPRUNT BANCAIRE  ...                    0             21100000
4     16220000                 EMPRUNT LEASING  ...                    0           1298680,66

[5 rows x 10 columns]
INFO:app.services.data_extractor:Converted column 'debit' to numeric (NaN filled with 0)
INFO:app.services.data_extractor:Converted column 'credit' to numeric (NaN filled with 0)
INFO:app.services.data_extractor:Converted column 'solde_debit' to numeric (NaN filled with 0)
INFO:app.services.data_extractor:Converted column 'solde_credit' to numeric (NaN filled with 0)
INFO:app.services.data_extractor:Converted column 'solde_final' to numeric (NaN filled with 0)
INFO:app.services.data_extractor:Converted column 'solde_final_debit' to numeric (NaN filled with 0)
INFO:app.services.data_extractor:Converted column 'solde_final_credit' to numeric (NaN filled with 0)
INFO:app.services.data_extractor:Rows before filtering: 166
INFO:app.services.data_extractor:Rows after filtering: 166
INFO:app.services.data_extractor:Sample data:
  account_code                           label  solde_final_debit  ...        debit  credit    solde fin cdt ref
0       Compte                        Intitulé                0.0  ...         0.00     0.0  Solde fin Cdt (réf)
1     10100000                  CAPITAL SOCIAL                0.0  ...  12400000.00     0.0             12400000
2     10900000  ACTIONNAIRE CAPITAL NON APPELE                0.0  ...         0.00    10.0                    0
3     16210000                EMPRUNT BANCAIRE                0.0  ...  21100000.00     0.0             21100000
4     16220000                 EMPRUNT LEASING                0.0  ...   1298680.66     0.0           1298680,66

[5 rows x 10 columns]
INFO:app.services.data_extractor:Successfully extracted 166 records
INFO:root:Upload 101: Encoding=ISO-8859-1, Delimiter=;, Columns={'compte': 'account_code', 'intitule': 'label', 'solde ant dbt ref': 'solde_final_debit', 'solde ant cdt ref': 'solde_final_credit', 'debit periode ref': 'solde_debit', 'credit periode ref': 'solde_credit', 'solde per dbt ref': 'solde_final', 'solde per cdt ref': 'debit', 'solde fin dbt ref': 'credit', 'solde fin cdt ref': 'unknown'}, Confidence_Scores={'compte': 42.0%, 'intitule': 48.8%, 'solde ant dbt ref': 46.7%, 'solde ant cdt ref': 46.2%, 'debit periode ref': 76.2%, 'credit periode ref': 64.9%, 'solde per dbt ref': 51.3%, 'solde per cdt ref': 35.1%, 'solde fin dbt ref': 36.4%, 'solde fin cdt ref': 0.0%}
INFO:app.services.upload_service:Upload 101: 165 accounts inserted. Detected columns: ['account_code', 'label', 'solde_final_debit', 'solde_final_credit', 'solde_debit', 'solde_credit', 'solde_final', 'debit', 'credit', 'solde fin cdt ref']
INFO:app.services.upload_service:File saved: app/uploads\F1773661755482_BAL(in).csv
INFO:app.services.upload_service:Upload registered with ID: 102
INFO:app.utils.helpers:Successfully decoded first line with latin1
INFO:app.utils.helpers:Detected delimiter: ';' from: {',': 0, ';': 9, '\t': 0, '|': 0}
INFO:app.utils.helpers:CSV read successfully: 166 rows, 10 columns
INFO:app.services.csv_parsing_service:Raw columns after reading CSV: ['col_0', 'col_1', 'col_2', 'col_3', 'col_4', 'col_5', 'col_6', 'col_7', 'col_8', 'col_9']
INFO:app.services.header_detector:Detected header at row 0: ['Compte', 'Intitulé', 'Solde ant Dbt (réf)', 'Solde ant Cdt (réf)', 'Débit période (réf)', 'Crédit période (réf)', 'Solde pér Dbt (réf)', 'Solde pér Cdt (réf)', 'Solde fin Dbt (réf)', 'Solde fin Cdt (réf)']
INFO:app.services.csv_parsing_service:Preparing DataFrame: normalizing column names and data...
INFO:app.services.preparation_service:Starting DataFrame preparation...
INFO:app.services.preparation_service:Normalized column names: {'Compte': 'compte', 'Intitulé': 'intitule', 'Solde ant Dbt (réf)': 'solde ant dbt ref', 'Solde ant Cdt (réf)': 'solde ant cdt ref', 'Débit période (réf)': 'debit periode ref', 'Crédit période (réf)': 'credit periode ref', 'Solde pér Dbt (réf)': 'solde per dbt ref', 'Solde pér Cdt (réf)': 'solde per cdt ref', 'Solde fin Dbt (réf)': 'solde fin dbt ref', 'Solde fin Cdt (réf)': 'solde fin cdt ref'}
INFO:app.services.preparation_service:Removed empty columns. Remaining: ['compte', 'intitule', 'solde ant dbt ref', 'solde ant cdt ref', 'debit periode ref', 'credit periode ref', 'solde per dbt ref', 'solde per cdt ref', 'solde fin dbt ref', 'solde fin cdt ref']
INFO:app.services.preparation_service:DataFrame preparation complete
INFO:app.services.csv_parsing_service:Columns after preparation: ['compte', 'intitule', 'solde ant dbt ref', 'solde ant cdt ref', 'debit periode ref', 'credit periode ref', 'solde per dbt ref', 'solde per cdt ref', 'solde fin dbt ref', 'solde fin cdt ref']
INFO:app.services.csv_parsing_service:Starting NLP-based column classification with semantic matching...
INFO:app.services.column_classifier:Processing column: 'compte' \u2192 normalized: 'compte'
INFO:app.services.semantic_classifier:Loading semantic model: sentence-transformers/all-MiniLM-L6-v2
INFO:sentence_transformers.SentenceTransformer:Use pytorch device_name: cpu
INFO:sentence_transformers.SentenceTransformer:Load pretrained SentenceTransformer: sentence-transformers/all-MiniLM-L6-v2
INFO:httpx:HTTP Request: HEAD https://huggingface.co/sentence-transformers/all-MiniLM-L6-v2/resolve/main/modules.json "HTTP/1.1 307 Temporary Redirect"
INFO:httpx:HTTP Request: HEAD https://huggingface.co/api/resolve-cache/models/sentence-transformers/all-MiniLM-L6-v2/c9745ed1d9f207416be6d2e6f8de32d1f16199bf/modules.json "HTTP/1.1 200 OK"
INFO:httpx:HTTP Request: HEAD https://huggingface.co/sentence-transformers/all-MiniLM-L6-v2/resolve/main/config_sentence_transformers.json "HTTP/1.1 307 Temporary Redirect"
INFO:httpx:HTTP Request: HEAD https://huggingface.co/api/resolve-cache/models/sentence-transformers/all-MiniLM-L6-v2/c9745ed1d9f207416be6d2e6f8de32d1f16199bf/config_sentence_transformers.json "HTTP/1.1 200 OK"
INFO:httpx:HTTP Request: HEAD https://huggingface.co/sentence-transformers/all-MiniLM-L6-v2/resolve/main/config_sentence_transformers.json "HTTP/1.1 307 Temporary Redirect"
INFO:httpx:HTTP Request: HEAD https://huggingface.co/api/resolve-cache/models/sentence-transformers/all-MiniLM-L6-v2/c9745ed1d9f207416be6d2e6f8de32d1f16199bf/config_sentence_transformers.json "HTTP/1.1 200 OK"
INFO:httpx:HTTP Request: HEAD https://huggingface.co/sentence-transformers/all-MiniLM-L6-v2/resolve/main/README.md "HTTP/1.1 307 Temporary Redirect"
WARNING:huggingface_hub.utils._http:Warning: You are sending unauthenticated requests to the HF Hub. Please set a HF_TOKEN to enable higher rate limits and faster downloads.
INFO:httpx:HTTP Request: HEAD https://huggingface.co/api/resolve-cache/models/sentence-transformers/all-MiniLM-L6-v2/c9745ed1d9f207416be6d2e6f8de32d1f16199bf/README.md "HTTP/1.1 200 OK"
INFO:httpx:HTTP Request: HEAD https://huggingface.co/sentence-transformers/all-MiniLM-L6-v2/resolve/main/modules.json "HTTP/1.1 307 Temporary Redirect"
INFO:httpx:HTTP Request: HEAD https://huggingface.co/api/resolve-cache/models/sentence-transformers/all-MiniLM-L6-v2/c9745ed1d9f207416be6d2e6f8de32d1f16199bf/modules.json "HTTP/1.1 200 OK"
INFO:httpx:HTTP Request: HEAD https://huggingface.co/sentence-transformers/all-MiniLM-L6-v2/resolve/main/sentence_bert_config.json "HTTP/1.1 307 Temporary Redirect"
INFO:httpx:HTTP Request: HEAD https://huggingface.co/api/resolve-cache/models/sentence-transformers/all-MiniLM-L6-v2/c9745ed1d9f207416be6d2e6f8de32d1f16199bf/sentence_bert_config.json "HTTP/1.1 200 OK"
INFO:httpx:HTTP Request: HEAD https://huggingface.co/sentence-transformers/all-MiniLM-L6-v2/resolve/main/adapter_config.json "HTTP/1.1 404 Not Found"
INFO:httpx:HTTP Request: HEAD https://huggingface.co/sentence-transformers/all-MiniLM-L6-v2/resolve/main/config.json "HTTP/1.1 307 Temporary Redirect"
INFO:httpx:HTTP Request: HEAD https://huggingface.co/api/resolve-cache/models/sentence-transformers/all-MiniLM-L6-v2/c9745ed1d9f207416be6d2e6f8de32d1f16199bf/config.json "HTTP/1.1 200 OK"
INFO:httpx:HTTP Request: HEAD https://huggingface.co/sentence-transformers/all-MiniLM-L6-v2/resolve/main/config.json "HTTP/1.1 307 Temporary Redirect"
INFO:httpx:HTTP Request: HEAD https://huggingface.co/api/resolve-cache/models/sentence-transformers/all-MiniLM-L6-v2/c9745ed1d9f207416be6d2e6f8de32d1f16199bf/config.json "HTTP/1.1 200 OK"
INFO:httpx:HTTP Request: HEAD https://huggingface.co/sentence-transformers/all-MiniLM-L6-v2/resolve/main/tokenizer_config.json "HTTP/1.1 307 Temporary Redirect"
INFO:httpx:HTTP Request: HEAD https://huggingface.co/api/resolve-cache/models/sentence-transformers/all-MiniLM-L6-v2/c9745ed1d9f207416be6d2e6f8de32d1f16199bf/tokenizer_config.json "HTTP/1.1 200 OK"
INFO:httpx:HTTP Request: GET https://huggingface.co/api/models/sentence-transformers/all-MiniLM-L6-v2/tree/main/additional_chat_templates?recursive=false&expand=false "HTTP/1.1 404 Not Found"
INFO:httpx:HTTP Request: GET https://huggingface.co/api/models/sentence-transformers/all-MiniLM-L6-v2/tree/main?recursive=true&expand=false "HTTP/1.1 200 OK"
INFO:httpx:HTTP Request: HEAD https://huggingface.co/sentence-transformers/all-MiniLM-L6-v2/resolve/main/1_Pooling/config.json "HTTP/1.1 307 Temporary Redirect"
INFO:httpx:HTTP Request: HEAD https://huggingface.co/api/resolve-cache/models/sentence-transformers/all-MiniLM-L6-v2/c9745ed1d9f207416be6d2e6f8de32d1f16199bf/1_Pooling%2Fconfig.json "HTTP/1.1 200 OK"
INFO:httpx:HTTP Request: GET https://huggingface.co/api/models/sentence-transformers/all-MiniLM-L6-v2 "HTTP/1.1 200 OK"
INFO:app.services.semantic_classifier:Semantic model loaded successfully
INFO:app.services.column_classifier:\u2713 Mapped 'compte' \u2192 'account_code' (confidence: 42.0%) [semantic=0.0, fuzzy=30.0, content=12.0]
INFO:app.services.column_classifier:Processing column: 'intitule' \u2192 normalized: 'intitule'
INFO:app.services.column_classifier:\u2713 Mapped 'intitule' \u2192 'label' (confidence: 45.0%) [semantic=0.0, fuzzy=30.0, content=15.0]
INFO:app.services.column_classifier:Processing column: 'solde ant dbt ref' \u2192 normalized: 'solde ant dbt ref'
INFO:app.services.column_classifier:\u2713 Mapped 'solde ant dbt ref' \u2192 'opening_debit' (confidence: 48.3%) [semantic=7.2, fuzzy=26.1, content=15.0]
INFO:app.services.column_classifier:Processing column: 'solde ant cdt ref' \u2192 normalized: 'solde ant cdt ref'
INFO:app.services.column_classifier:\u2713 Mapped 'solde ant cdt ref' \u2192 'opening_credit' (confidence: 48.9%) [semantic=7.8, fuzzy=26.1, content=15.0]
INFO:app.services.column_classifier:Processing column: 'debit periode ref' \u2192 normalized: 'debit periode ref'
INFO:app.services.column_classifier:\u2713 Mapped 'debit periode ref' \u2192 'solde_debit' (confidence: 71.2%) [semantic=31.1, fuzzy=20.1, content=20.0]
INFO:app.services.column_classifier:Processing column: 'credit periode ref' \u2192 normalized: 'credit periode ref'
INFO:app.services.column_classifier:\u2713 Mapped 'credit periode ref' \u2192 'solde_credit' (confidence: 60.4%) [semantic=23.5, fuzzy=18.9, content=18.0]
INFO:app.services.column_classifier:Processing column: 'solde per dbt ref' \u2192 normalized: 'solde per dbt ref'
INFO:app.services.column_classifier:\u2713 Mapped 'solde per dbt ref' \u2192 'solde_final_debit' (confidence: 50.4%) [semantic=10.3, fuzzy=20.1, content=20.0]
INFO:app.services.column_classifier:Processing column: 'solde per cdt ref' \u2192 normalized: 'solde per cdt ref'
INFO:app.services.column_classifier:\u2713 Mapped 'solde per cdt ref' \u2192 'solde_final_credit' (confidence: 44.3%) [semantic=9.2, fuzzy=20.1, content=15.0]
INFO:app.services.column_classifier:Processing column: 'solde fin dbt ref' \u2192 normalized: 'solde fin dbt ref'
INFO:app.services.column_classifier:\u2713 Mapped 'solde fin dbt ref' \u2192 'solde_final' (confidence: 46.1%) [semantic=6.9, fuzzy=19.2, content=20.0]
INFO:app.services.column_classifier:Processing column: 'solde fin cdt ref' \u2192 normalized: 'solde fin cdt ref'
INFO:app.services.column_classifier:\u2713 Mapped 'solde fin cdt ref' \u2192 'debit' (confidence: 31.2%) [semantic=5.4, fuzzy=10.8, content=15.0]
INFO:app.services.column_classifier:Validating and boosting confidence scores using content analysis...
INFO:app.services.column_classifier:Final column mapping: {'compte': 'account_code', 'intitule': 'label', 'solde ant dbt ref': 'opening_debit', 'solde ant cdt ref': 'opening_credit', 'debit periode ref': 'solde_debit', 'credit periode ref': 'solde_credit', 'solde per dbt ref': 'solde_final_debit', 'solde per cdt ref': 'solde_final_credit', 'solde fin dbt ref': 'solde_final', 'solde fin cdt ref': 'debit'}
INFO:app.services.column_classifier:Confidence scores: [('compte', '42.0%'), ('intitule', '48.8%'), ('solde ant dbt ref', '52.0%'), ('solde ant cdt ref', '52.7%'), ('debit periode ref', '76.2%'), ('credit periode ref', '64.9%'), ('solde per dbt ref', '55.4%'), ('solde per cdt ref', '48.0%'), ('solde fin dbt ref', '51.1%'), ('solde fin cdt ref', '34.9%')]
INFO:app.services.csv_parsing_service:Column classification results with confidence:
INFO:app.services.csv_parsing_service:  'compte' \u2192 'account_code' (confidence: 42.0%)
INFO:app.services.csv_parsing_service:  'intitule' \u2192 'label' (confidence: 48.8%)
INFO:app.services.csv_parsing_service:  'solde ant dbt ref' \u2192 'opening_debit' (confidence: 52.0%)
INFO:app.services.csv_parsing_service:  'solde ant cdt ref' \u2192 'opening_credit' (confidence: 52.7%)
INFO:app.services.csv_parsing_service:  'debit periode ref' \u2192 'solde_debit' (confidence: 76.2%)
INFO:app.services.csv_parsing_service:  'credit periode ref' \u2192 'solde_credit' (confidence: 64.9%)
INFO:app.services.csv_parsing_service:  'solde per dbt ref' \u2192 'solde_final_debit' (confidence: 55.4%)
INFO:app.services.csv_parsing_service:  'solde per cdt ref' \u2192 'solde_final_credit' (confidence: 48.0%)
INFO:app.services.csv_parsing_service:  'solde fin dbt ref' \u2192 'solde_final' (confidence: 51.1%)
INFO:app.services.csv_parsing_service:  'solde fin cdt ref' \u2192 'debit' (confidence: 34.9%)
INFO:app.services.data_extractor:Reverse mapping: {'account_code': ['compte'], 'label': ['intitule'], 'opening_debit': ['solde ant dbt ref'], 'opening_credit': ['solde ant cdt ref'], 'solde_debit': ['debit periode ref'], 'solde_credit': ['credit periode ref'], 'solde_final_debit': ['solde per dbt ref'], 'solde_final_credit': ['solde per cdt ref'], 'solde_final': ['solde fin dbt ref'], 'debit': ['solde fin cdt ref']}
INFO:app.services.data_extractor:DataFrame columns after renaming: ['account_code', 'label', 'opening_debit', 'opening_credit', 'solde_debit', 'solde_credit', 'solde_final_debit', 'solde_final_credit', 'solde_final', 'debit']
INFO:app.services.data_extractor:DataFrame shape: (166, 10)
INFO:app.services.data_extractor:DataFrame sample:
  account_code                           label  ...          solde_final                debit
0       Compte                        Intitulé  ...  Solde fin Dbt (réf)  Solde fin Cdt (réf)
1     10100000                  CAPITAL SOCIAL  ...                    0             12400000
2     10900000  ACTIONNAIRE CAPITAL NON APPELE  ...                   10                    0
3     16210000                EMPRUNT BANCAIRE  ...                    0             21100000
4     16220000                 EMPRUNT LEASING  ...                    0           1298680,66

[5 rows x 10 columns]
INFO:app.services.data_extractor:Converted column 'debit' to numeric (NaN filled with 0)
INFO:app.services.data_extractor:Converted column 'solde_debit' to numeric (NaN filled with 0)
INFO:app.services.data_extractor:Converted column 'solde_credit' to numeric (NaN filled with 0)
INFO:app.services.data_extractor:Converted column 'solde_final' to numeric (NaN filled with 0)
INFO:app.services.data_extractor:Converted column 'solde_final_debit' to numeric (NaN filled with 0)
INFO:app.services.data_extractor:Converted column 'solde_final_credit' to numeric (NaN filled with 0)
INFO:app.services.data_extractor:Rows before filtering: 166
INFO:app.services.data_extractor:Rows after filtering: 166
INFO:app.services.data_extractor:Sample data:
  account_code                           label        opening_debit  ... solde_final_credit  solde_final        debit
0       Compte                        Intitulé  Solde ant Dbt (réf)  ...               0.00          0.0         0.00
1     10100000                  CAPITAL SOCIAL                    0  ...        12400000.00          0.0  12400000.00
2     10900000  ACTIONNAIRE CAPITAL NON APPELE                    0  ...               0.00         10.0         0.00
3     16210000                EMPRUNT BANCAIRE                    0  ...        21100000.00          0.0  21100000.00
4     16220000                 EMPRUNT LEASING                    0  ...         1298680.66          0.0   1298680.66

[5 rows x 10 columns]
INFO:app.services.data_extractor:Successfully extracted 166 records
INFO:root:Upload 102: Encoding=ISO-8859-1, Delimiter=;, Columns={'compte': 'account_code', 'intitule': 'label', 'solde ant dbt ref': 'opening_debit', 'solde ant cdt ref': 'opening_credit', 'debit periode ref': 'solde_debit', 'credit periode ref': 'solde_credit', 'solde per dbt ref': 'solde_final_debit', 'solde per cdt ref': 'solde_final_credit', 'solde fin dbt ref': 'solde_final', 'solde fin cdt ref': 'debit'}, Confidence_Scores={'compte': 42.0%, 'intitule': 48.8%, 'solde ant dbt ref': 52.0%, 'solde ant cdt ref': 52.7%, 'debit periode ref': 76.2%, 'credit periode ref': 64.9%, 'solde per dbt ref': 55.4%, 'solde per cdt ref': 48.0%, 'solde fin dbt ref': 51.1%, 'solde fin cdt ref': 34.9%}
INFO:app.services.upload_service:File saved: app/uploads\F1773661755482_BAL(in).csv
INFO:app.services.upload_service:Upload registered with ID: 103
INFO:app.services.upload_service:Starting to parse upload 103: F1773661755482_BAL(in).csv
INFO:app.utils.helpers:Successfully decoded first line with latin1
INFO:app.utils.helpers:Detected delimiter: ';' from: {',': 0, ';': 9, '\t': 0, '|': 0}
INFO:app.utils.helpers:CSV read successfully: 166 rows, 10 columns
INFO:app.services.csv_parsing_service:Raw columns after reading CSV: ['col_0', 'col_1', 'col_2', 'col_3', 'col_4', 'col_5', 'col_6', 'col_7', 'col_8', 'col_9']
INFO:app.services.header_detector:Detected header at row 0: ['Compte', 'Intitulé', 'Solde ant Dbt (réf)', 'Solde ant Cdt (réf)', 'Débit période (réf)', 'Crédit période (réf)', 'Solde pér Dbt (réf)', 'Solde pér Cdt (réf)', 'Solde fin Dbt (réf)', 'Solde fin Cdt (réf)']
INFO:app.services.csv_parsing_service:Preparing DataFrame: normalizing column names and data...
INFO:app.services.preparation_service:Starting DataFrame preparation...
INFO:app.services.preparation_service:Normalized column names: {'Compte': 'compte', 'Intitulé': 'intitule', 'Solde ant Dbt (réf)': 'solde ant dbt ref', 'Solde ant Cdt (réf)': 'solde ant cdt ref', 'Débit période (réf)': 'debit periode ref', 'Crédit période (réf)': 'credit periode ref', 'Solde pér Dbt (réf)': 'solde per dbt ref', 'Solde pér Cdt (réf)': 'solde per cdt ref', 'Solde fin Dbt (réf)': 'solde fin dbt ref', 'Solde fin Cdt (réf)': 'solde fin cdt ref'}
INFO:app.services.preparation_service:Removed empty columns. Remaining: ['compte', 'intitule', 'solde ant dbt ref', 'solde ant cdt ref', 'debit periode ref', 'credit periode ref', 'solde per dbt ref', 'solde per cdt ref', 'solde fin dbt ref', 'solde fin cdt ref']
INFO:app.services.preparation_service:DataFrame preparation complete
INFO:app.services.csv_parsing_service:Columns after preparation: ['compte', 'intitule', 'solde ant dbt ref', 'solde ant cdt ref', 'debit periode ref', 'credit periode ref', 'solde per dbt ref', 'solde per cdt ref', 'solde fin dbt ref', 'solde fin cdt ref']
INFO:app.services.csv_parsing_service:Starting NLP-based column classification with semantic matching...
INFO:app.services.column_classifier:Processing column: 'compte' \u2192 normalized: 'compte'
INFO:app.services.column_classifier:\u2713 Mapped 'compte' \u2192 'account_code' (confidence: 42.0%) [semantic=0.0, fuzzy=30.0, content=12.0]
INFO:app.services.column_classifier:Processing column: 'intitule' \u2192 normalized: 'intitule'
INFO:app.services.column_classifier:\u2713 Mapped 'intitule' \u2192 'label' (confidence: 45.0%) [semantic=0.0, fuzzy=30.0, content=15.0]
INFO:app.services.column_classifier:Processing column: 'solde ant dbt ref' \u2192 normalized: 'solde ant dbt ref'
INFO:app.services.column_classifier:\u2713 Mapped 'solde ant dbt ref' \u2192 'opening_debit' (confidence: 48.3%) [semantic=7.2, fuzzy=26.1, content=15.0]
INFO:app.services.column_classifier:Processing column: 'solde ant cdt ref' \u2192 normalized: 'solde ant cdt ref'
INFO:app.services.column_classifier:\u2713 Mapped 'solde ant cdt ref' \u2192 'opening_credit' (confidence: 48.9%) [semantic=7.8, fuzzy=26.1, content=15.0]
INFO:app.services.column_classifier:Processing column: 'debit periode ref' \u2192 normalized: 'debit periode ref'
INFO:app.services.column_classifier:\u2713 Mapped 'debit periode ref' \u2192 'solde_debit' (confidence: 71.2%) [semantic=31.1, fuzzy=20.1, content=20.0]
INFO:app.services.column_classifier:Processing column: 'credit periode ref' \u2192 normalized: 'credit periode ref'
INFO:app.services.column_classifier:\u2713 Mapped 'credit periode ref' \u2192 'solde_credit' (confidence: 60.4%) [semantic=23.5, fuzzy=18.9, content=18.0]
INFO:app.services.column_classifier:Processing column: 'solde per dbt ref' \u2192 normalized: 'solde per dbt ref'
INFO:app.services.column_classifier:\u2713 Mapped 'solde per dbt ref' \u2192 'solde_final_debit' (confidence: 50.4%) [semantic=10.3, fuzzy=20.1, content=20.0]
INFO:app.services.column_classifier:Processing column: 'solde per cdt ref' \u2192 normalized: 'solde per cdt ref'
INFO:app.services.column_classifier:\u2713 Mapped 'solde per cdt ref' \u2192 'solde_final_credit' (confidence: 44.3%) [semantic=9.2, fuzzy=20.1, content=15.0]
INFO:app.services.column_classifier:Processing column: 'solde fin dbt ref' \u2192 normalized: 'solde fin dbt ref'
INFO:app.services.column_classifier:\u2713 Mapped 'solde fin dbt ref' \u2192 'solde_final' (confidence: 46.1%) [semantic=6.9, fuzzy=19.2, content=20.0]
INFO:app.services.column_classifier:Processing column: 'solde fin cdt ref' \u2192 normalized: 'solde fin cdt ref'
INFO:app.services.column_classifier:\u2713 Mapped 'solde fin cdt ref' \u2192 'debit' (confidence: 31.2%) [semantic=5.4, fuzzy=10.8, content=15.0]
INFO:app.services.column_classifier:Validating and boosting confidence scores using content analysis...
INFO:app.services.column_classifier:Final column mapping: {'compte': 'account_code', 'intitule': 'label', 'solde ant dbt ref': 'opening_debit', 'solde ant cdt ref': 'opening_credit', 'debit periode ref': 'solde_debit', 'credit periode ref': 'solde_credit', 'solde per dbt ref': 'solde_final_debit', 'solde per cdt ref': 'solde_final_credit', 'solde fin dbt ref': 'solde_final', 'solde fin cdt ref': 'debit'}
INFO:app.services.column_classifier:Confidence scores: [('compte', '42.0%'), ('intitule', '48.8%'), ('solde ant dbt ref', '52.0%'), ('solde ant cdt ref', '52.7%'), ('debit periode ref', '76.2%'), ('credit periode ref', '64.9%'), ('solde per dbt ref', '55.4%'), ('solde per cdt ref', '48.0%'), ('solde fin dbt ref', '51.1%'), ('solde fin cdt ref', '34.9%')]
INFO:app.services.csv_parsing_service:Column classification results with confidence:
INFO:app.services.csv_parsing_service:  'compte' \u2192 'account_code' (confidence: 42.0%)
INFO:app.services.csv_parsing_service:  'intitule' \u2192 'label' (confidence: 48.8%)
INFO:app.services.csv_parsing_service:  'solde ant dbt ref' \u2192 'opening_debit' (confidence: 52.0%)
INFO:app.services.csv_parsing_service:  'solde ant cdt ref' \u2192 'opening_credit' (confidence: 52.7%)
INFO:app.services.csv_parsing_service:  'debit periode ref' \u2192 'solde_debit' (confidence: 76.2%)
INFO:app.services.csv_parsing_service:  'credit periode ref' \u2192 'solde_credit' (confidence: 64.9%)
INFO:app.services.csv_parsing_service:  'solde per dbt ref' \u2192 'solde_final_debit' (confidence: 55.4%)
INFO:app.services.csv_parsing_service:  'solde per cdt ref' \u2192 'solde_final_credit' (confidence: 48.0%)
INFO:app.services.csv_parsing_service:  'solde fin dbt ref' \u2192 'solde_final' (confidence: 51.1%)
INFO:app.services.csv_parsing_service:  'solde fin cdt ref' \u2192 'debit' (confidence: 34.9%)
INFO:app.services.data_extractor:Reverse mapping: {'account_code': ['compte'], 'label': ['intitule'], 'opening_debit': ['solde ant dbt ref'], 'opening_credit': ['solde ant cdt ref'], 'solde_debit': ['debit periode ref'], 'solde_credit': ['credit periode ref'], 'solde_final_debit': ['solde per dbt ref'], 'solde_final_credit': ['solde per cdt ref'], 'solde_final': ['solde fin dbt ref'], 'debit': ['solde fin cdt ref']}
INFO:app.services.data_extractor:DataFrame columns after renaming: ['account_code', 'label', 'opening_debit', 'opening_credit', 'solde_debit', 'solde_credit', 'solde_final_debit', 'solde_final_credit', 'solde_final', 'debit']
INFO:app.services.data_extractor:DataFrame shape: (166, 10)
INFO:app.services.data_extractor:DataFrame sample:
  account_code                           label  ...          solde_final                debit
0       Compte                        Intitulé  ...  Solde fin Dbt (réf)  Solde fin Cdt (réf)
1     10100000                  CAPITAL SOCIAL  ...                    0             12400000
2     10900000  ACTIONNAIRE CAPITAL NON APPELE  ...                   10                    0
3     16210000                EMPRUNT BANCAIRE  ...                    0             21100000
4     16220000                 EMPRUNT LEASING  ...                    0           1298680,66

[5 rows x 10 columns]
INFO:app.services.data_extractor:Converted column 'debit' to numeric (NaN filled with 0)
INFO:app.services.data_extractor:Converted column 'solde_debit' to numeric (NaN filled with 0)
INFO:app.services.data_extractor:Converted column 'solde_credit' to numeric (NaN filled with 0)
INFO:app.services.data_extractor:Converted column 'solde_final' to numeric (NaN filled with 0)
INFO:app.services.data_extractor:Converted column 'solde_final_debit' to numeric (NaN filled with 0)
INFO:app.services.data_extractor:Converted column 'solde_final_credit' to numeric (NaN filled with 0)
INFO:app.services.data_extractor:Rows before filtering: 166
INFO:app.services.data_extractor:Rows after filtering: 166
INFO:app.services.data_extractor:Sample data:
  account_code                           label        opening_debit  ... solde_final_credit  solde_final        debit
0       Compte                        Intitulé  Solde ant Dbt (réf)  ...               0.00          0.0         0.00
1     10100000                  CAPITAL SOCIAL                    0  ...        12400000.00          0.0  12400000.00
2     10900000  ACTIONNAIRE CAPITAL NON APPELE                    0  ...               0.00         10.0         0.00
3     16210000                EMPRUNT BANCAIRE                    0  ...        21100000.00          0.0  21100000.00
4     16220000                 EMPRUNT LEASING                    0  ...         1298680.66          0.0   1298680.66

[5 rows x 10 columns]
INFO:app.services.data_extractor:Successfully extracted 166 records
INFO:root:Upload 103: Encoding=ISO-8859-1, Delimiter=;, Columns={'compte': 'account_code', 'intitule': 'label', 'solde ant dbt ref': 'opening_debit', 'solde ant cdt ref': 'opening_credit', 'debit periode ref': 'solde_debit', 'credit periode ref': 'solde_credit', 'solde per dbt ref': 'solde_final_debit', 'solde per cdt ref': 'solde_final_credit', 'solde fin dbt ref': 'solde_final', 'solde fin cdt ref': 'debit'}, Confidence_Scores={'compte': 42.0%, 'intitule': 48.8%, 'solde ant dbt ref': 52.0%, 'solde ant cdt ref': 52.7%, 'debit periode ref': 76.2%, 'credit periode ref': 64.9%, 'solde per dbt ref': 55.4%, 'solde per cdt ref': 48.0%, 'solde fin dbt ref': 51.1%, 'solde fin cdt ref': 34.9%}
INFO:app.services.upload_service:Upload 103: 165 accounts inserted. Detected columns: ['account_code', 'label', 'opening_debit', 'opening_credit', 'solde_debit', 'solde_credit', 'solde_final_debit', 'solde_final_credit', 'solde_final', 'debit']
INFO:app.services.upload_service:File saved: app/uploads\F1773661755482_BAL(in).csv
INFO:app.services.upload_service:Upload registered with ID: 104
INFO:app.services.upload_service:Starting to parse upload 104: F1773661755482_BAL(in).csv
INFO:app.utils.helpers:Successfully decoded first line with latin1
INFO:app.utils.helpers:Detected delimiter: ';' from: {',': 0, ';': 9, '\t': 0, '|': 0}
INFO:app.utils.helpers:CSV read successfully: 166 rows, 10 columns
INFO:app.services.csv_parsing_service:Raw columns after reading CSV: ['col_0', 'col_1', 'col_2', 'col_3', 'col_4', 'col_5', 'col_6', 'col_7', 'col_8', 'col_9']
INFO:app.services.header_detector:Detected header at row 0: ['Compte', 'Intitulé', 'Solde ant Dbt (réf)', 'Solde ant Cdt (réf)', 'Débit période (réf)', 'Crédit période (réf)', 'Solde pér Dbt (réf)', 'Solde pér Cdt (réf)', 'Solde fin Dbt (réf)', 'Solde fin Cdt (réf)']
INFO:app.services.csv_parsing_service:Preparing DataFrame: normalizing column names and data...
INFO:app.services.preparation_service:Starting DataFrame preparation...
INFO:app.services.preparation_service:Normalized column names: {'Compte': 'compte', 'Intitulé': 'intitule', 'Solde ant Dbt (réf)': 'solde ant dbt ref', 'Solde ant Cdt (réf)': 'solde ant cdt ref', 'Débit période (réf)': 'debit periode ref', 'Crédit période (réf)': 'credit periode ref', 'Solde pér Dbt (réf)': 'solde per dbt ref', 'Solde pér Cdt (réf)': 'solde per cdt ref', 'Solde fin Dbt (réf)': 'solde fin dbt ref', 'Solde fin Cdt (réf)': 'solde fin cdt ref'}
INFO:app.services.preparation_service:Removed empty columns. Remaining: ['compte', 'intitule', 'solde ant dbt ref', 'solde ant cdt ref', 'debit periode ref', 'credit periode ref', 'solde per dbt ref', 'solde per cdt ref', 'solde fin dbt ref', 'solde fin cdt ref']
INFO:app.services.preparation_service:DataFrame preparation complete
INFO:app.services.csv_parsing_service:Columns after preparation: ['compte', 'intitule', 'solde ant dbt ref', 'solde ant cdt ref', 'debit periode ref', 'credit periode ref', 'solde per dbt ref', 'solde per cdt ref', 'solde fin dbt ref', 'solde fin cdt ref']
INFO:app.services.csv_parsing_service:Starting NLP-based column classification with semantic matching...
INFO:app.services.column_classifier:Processing column: 'compte' \u2192 normalized: 'compte'
INFO:app.services.semantic_classifier:Loading semantic model: sentence-transformers/all-MiniLM-L6-v2
INFO:sentence_transformers.SentenceTransformer:Use pytorch device_name: cpu
INFO:sentence_transformers.SentenceTransformer:Load pretrained SentenceTransformer: sentence-transformers/all-MiniLM-L6-v2
INFO:httpx:HTTP Request: HEAD https://huggingface.co/sentence-transformers/all-MiniLM-L6-v2/resolve/main/modules.json "HTTP/1.1 307 Temporary Redirect"
INFO:httpx:HTTP Request: HEAD https://huggingface.co/api/resolve-cache/models/sentence-transformers/all-MiniLM-L6-v2/c9745ed1d9f207416be6d2e6f8de32d1f16199bf/modules.json "HTTP/1.1 200 OK"
INFO:httpx:HTTP Request: HEAD https://huggingface.co/sentence-transformers/all-MiniLM-L6-v2/resolve/main/config_sentence_transformers.json "HTTP/1.1 307 Temporary Redirect"
WARNING:huggingface_hub.utils._http:Warning: You are sending unauthenticated requests to the HF Hub. Please set a HF_TOKEN to enable higher rate limits and faster downloads.
INFO:httpx:HTTP Request: HEAD https://huggingface.co/api/resolve-cache/models/sentence-transformers/all-MiniLM-L6-v2/c9745ed1d9f207416be6d2e6f8de32d1f16199bf/config_sentence_transformers.json "HTTP/1.1 200 OK"
INFO:httpx:HTTP Request: HEAD https://huggingface.co/sentence-transformers/all-MiniLM-L6-v2/resolve/main/config_sentence_transformers.json "HTTP/1.1 307 Temporary Redirect"
INFO:httpx:HTTP Request: HEAD https://huggingface.co/api/resolve-cache/models/sentence-transformers/all-MiniLM-L6-v2/c9745ed1d9f207416be6d2e6f8de32d1f16199bf/config_sentence_transformers.json "HTTP/1.1 200 OK"
INFO:httpx:HTTP Request: HEAD https://huggingface.co/sentence-transformers/all-MiniLM-L6-v2/resolve/main/README.md "HTTP/1.1 307 Temporary Redirect"
INFO:httpx:HTTP Request: HEAD https://huggingface.co/api/resolve-cache/models/sentence-transformers/all-MiniLM-L6-v2/c9745ed1d9f207416be6d2e6f8de32d1f16199bf/README.md "HTTP/1.1 200 OK"
INFO:httpx:HTTP Request: HEAD https://huggingface.co/sentence-transformers/all-MiniLM-L6-v2/resolve/main/modules.json "HTTP/1.1 307 Temporary Redirect"
INFO:httpx:HTTP Request: HEAD https://huggingface.co/api/resolve-cache/models/sentence-transformers/all-MiniLM-L6-v2/c9745ed1d9f207416be6d2e6f8de32d1f16199bf/modules.json "HTTP/1.1 200 OK"
INFO:httpx:HTTP Request: HEAD https://huggingface.co/sentence-transformers/all-MiniLM-L6-v2/resolve/main/sentence_bert_config.json "HTTP/1.1 307 Temporary Redirect"
INFO:httpx:HTTP Request: HEAD https://huggingface.co/api/resolve-cache/models/sentence-transformers/all-MiniLM-L6-v2/c9745ed1d9f207416be6d2e6f8de32d1f16199bf/sentence_bert_config.json "HTTP/1.1 200 OK"
INFO:httpx:HTTP Request: HEAD https://huggingface.co/sentence-transformers/all-MiniLM-L6-v2/resolve/main/adapter_config.json "HTTP/1.1 404 Not Found"
INFO:httpx:HTTP Request: HEAD https://huggingface.co/sentence-transformers/all-MiniLM-L6-v2/resolve/main/config.json "HTTP/1.1 307 Temporary Redirect"
INFO:httpx:HTTP Request: HEAD https://huggingface.co/api/resolve-cache/models/sentence-transformers/all-MiniLM-L6-v2/c9745ed1d9f207416be6d2e6f8de32d1f16199bf/config.json "HTTP/1.1 200 OK"
INFO:httpx:HTTP Request: HEAD https://huggingface.co/sentence-transformers/all-MiniLM-L6-v2/resolve/main/config.json "HTTP/1.1 307 Temporary Redirect"
INFO:httpx:HTTP Request: HEAD https://huggingface.co/api/resolve-cache/models/sentence-transformers/all-MiniLM-L6-v2/c9745ed1d9f207416be6d2e6f8de32d1f16199bf/config.json "HTTP/1.1 200 OK"
INFO:httpx:HTTP Request: HEAD https://huggingface.co/sentence-transformers/all-MiniLM-L6-v2/resolve/main/tokenizer_config.json "HTTP/1.1 307 Temporary Redirect"
INFO:httpx:HTTP Request: HEAD https://huggingface.co/api/resolve-cache/models/sentence-transformers/all-MiniLM-L6-v2/c9745ed1d9f207416be6d2e6f8de32d1f16199bf/tokenizer_config.json "HTTP/1.1 200 OK"
INFO:httpx:HTTP Request: GET https://huggingface.co/api/models/sentence-transformers/all-MiniLM-L6-v2/tree/main/additional_chat_templates?recursive=false&expand=false "HTTP/1.1 404 Not Found"
INFO:httpx:HTTP Request: GET https://huggingface.co/api/models/sentence-transformers/all-MiniLM-L6-v2/tree/main?recursive=true&expand=false "HTTP/1.1 200 OK"
INFO:httpx:HTTP Request: HEAD https://huggingface.co/sentence-transformers/all-MiniLM-L6-v2/resolve/main/1_Pooling/config.json "HTTP/1.1 307 Temporary Redirect"
INFO:httpx:HTTP Request: HEAD https://huggingface.co/api/resolve-cache/models/sentence-transformers/all-MiniLM-L6-v2/c9745ed1d9f207416be6d2e6f8de32d1f16199bf/1_Pooling%2Fconfig.json "HTTP/1.1 200 OK"
INFO:httpx:HTTP Request: GET https://huggingface.co/api/models/sentence-transformers/all-MiniLM-L6-v2 "HTTP/1.1 200 OK"
INFO:app.services.semantic_classifier:Semantic model loaded successfully
INFO:app.services.column_classifier:\u2713 Mapped 'compte' \u2192 'account_code' (confidence: 42.0%) [semantic=0.0, fuzzy=30.0, content=12.0]
INFO:app.services.column_classifier:Processing column: 'intitule' \u2192 normalized: 'intitule'
INFO:app.services.column_classifier:\u2713 Mapped 'intitule' \u2192 'label' (confidence: 45.0%) [semantic=0.0, fuzzy=30.0, content=15.0]
INFO:app.services.column_classifier:Processing column: 'solde ant dbt ref' \u2192 normalized: 'solde ant dbt ref'
INFO:app.services.column_classifier:\u2713 Mapped 'solde ant dbt ref' \u2192 'opening_debit' (confidence: 52.2%) [semantic=7.2, fuzzy=30.0, content=15.0]
INFO:app.services.column_classifier:Processing column: 'solde ant cdt ref' \u2192 normalized: 'solde ant cdt ref'
INFO:app.services.column_classifier:\u2713 Mapped 'solde ant cdt ref' \u2192 'opening_credit' (confidence: 52.8%) [semantic=7.8, fuzzy=30.0, content=15.0]
INFO:app.services.column_classifier:Processing column: 'debit periode ref' \u2192 normalized: 'debit periode ref'
INFO:app.services.column_classifier:\u2713 Mapped 'debit periode ref' \u2192 'debit' (confidence: 80.8%) [semantic=30.8, fuzzy=30.0, content=20.0]
INFO:app.services.column_classifier:Processing column: 'credit periode ref' \u2192 normalized: 'credit periode ref'
INFO:app.services.column_classifier:\u2713 Mapped 'credit periode ref' \u2192 'credit' (confidence: 73.1%) [semantic=25.1, fuzzy=30.0, content=18.0]
INFO:app.services.column_classifier:Processing column: 'solde per dbt ref' \u2192 normalized: 'solde per dbt ref'
INFO:app.services.column_classifier:\u2713 Mapped 'solde per dbt ref' \u2192 'solde_debit' (confidence: 57.1%) [semantic=7.1, fuzzy=30.0, content=20.0]
INFO:app.services.column_classifier:Processing column: 'solde per cdt ref' \u2192 normalized: 'solde per cdt ref'
INFO:app.services.column_classifier:\u2713 Mapped 'solde per cdt ref' \u2192 'solde_credit' (confidence: 51.5%) [semantic=6.5, fuzzy=30.0, content=15.0]
INFO:app.services.column_classifier:Processing column: 'solde fin dbt ref' \u2192 normalized: 'solde fin dbt ref'
INFO:app.services.column_classifier:\u2713 Mapped 'solde fin dbt ref' \u2192 'solde_final_debit' (confidence: 58.6%) [semantic=8.6, fuzzy=30.0, content=20.0]
INFO:app.services.column_classifier:Processing column: 'solde fin cdt ref' \u2192 normalized: 'solde fin cdt ref'
INFO:app.services.column_classifier:\u2713 Mapped 'solde fin cdt ref' \u2192 'solde_final_credit' (confidence: 52.0%) [semantic=7.0, fuzzy=30.0, content=15.0]
INFO:app.services.column_classifier:Validating and boosting confidence scores using content analysis...
INFO:app.services.column_classifier:Final column mapping: {'compte': 'account_code', 'intitule': 'label', 'solde ant dbt ref': 'opening_debit', 'solde ant cdt ref': 'opening_credit', 'debit periode ref': 'debit', 'credit periode ref': 'credit', 'solde per dbt ref': 'solde_debit', 'solde per cdt ref': 'solde_credit', 'solde fin dbt ref': 'solde_final_debit', 'solde fin cdt ref': 'solde_final_credit'}
INFO:app.services.column_classifier:Confidence scores: [('compte', '42.0%'), ('intitule', '48.8%'), ('solde ant dbt ref', '55.9%'), ('solde ant cdt ref', '56.6%'), ('debit periode ref', '85.8%'), ('credit periode ref', '77.6%'), ('solde per dbt ref', '62.1%'), ('solde per cdt ref', '55.3%'), ('solde fin dbt ref', '63.6%'), ('solde fin cdt ref', '55.7%')]
INFO:app.services.csv_parsing_service:Column classification results with confidence:
INFO:app.services.csv_parsing_service:  'compte' \u2192 'account_code' (confidence: 42.0%)
INFO:app.services.csv_parsing_service:  'intitule' \u2192 'label' (confidence: 48.8%)
INFO:app.services.csv_parsing_service:  'solde ant dbt ref' \u2192 'opening_debit' (confidence: 55.9%)
INFO:app.services.csv_parsing_service:  'solde ant cdt ref' \u2192 'opening_credit' (confidence: 56.6%)
INFO:app.services.csv_parsing_service:  'debit periode ref' \u2192 'debit' (confidence: 85.8%)
INFO:app.services.csv_parsing_service:  'credit periode ref' \u2192 'credit' (confidence: 77.6%)
INFO:app.services.csv_parsing_service:  'solde per dbt ref' \u2192 'solde_debit' (confidence: 62.1%)
INFO:app.services.csv_parsing_service:  'solde per cdt ref' \u2192 'solde_credit' (confidence: 55.3%)
INFO:app.services.csv_parsing_service:  'solde fin dbt ref' \u2192 'solde_final_debit' (confidence: 63.6%)
INFO:app.services.csv_parsing_service:  'solde fin cdt ref' \u2192 'solde_final_credit' (confidence: 55.7%)
INFO:app.services.data_extractor:Reverse mapping: {'account_code': ['compte'], 'label': ['intitule'], 'opening_debit': ['solde ant dbt ref'], 'opening_credit': ['solde ant cdt ref'], 'debit': ['debit periode ref'], 'credit': ['credit periode ref'], 'solde_debit': ['solde per dbt ref'], 'solde_credit': ['solde per cdt ref'], 'solde_final_debit': ['solde fin dbt ref'], 'solde_final_credit': ['solde fin cdt ref']}
INFO:app.services.data_extractor:DataFrame columns after renaming: ['account_code', 'label', 'opening_debit', 'opening_credit', 'debit', 'credit', 'solde_debit', 'solde_credit', 'solde_final_debit', 'solde_final_credit']
INFO:app.services.data_extractor:DataFrame shape: (166, 10)
INFO:app.services.data_extractor:DataFrame sample:
  account_code                           label  ...    solde_final_debit   solde_final_credit
0       Compte                        Intitulé  ...  Solde fin Dbt (réf)  Solde fin Cdt (réf)
1     10100000                  CAPITAL SOCIAL  ...                    0             12400000
2     10900000  ACTIONNAIRE CAPITAL NON APPELE  ...                   10                    0
3     16210000                EMPRUNT BANCAIRE  ...                    0             21100000
4     16220000                 EMPRUNT LEASING  ...                    0           1298680,66

[5 rows x 10 columns]
INFO:app.services.data_extractor:Converted column 'debit' to numeric (NaN filled with 0)
INFO:app.services.data_extractor:Converted column 'credit' to numeric (NaN filled with 0)
INFO:app.services.data_extractor:Converted column 'solde_debit' to numeric (NaN filled with 0)
INFO:app.services.data_extractor:Converted column 'solde_credit' to numeric (NaN filled with 0)
INFO:app.services.data_extractor:Converted column 'solde_final_debit' to numeric (NaN filled with 0)
INFO:app.services.data_extractor:Converted column 'solde_final_credit' to numeric (NaN filled with 0)
INFO:app.services.data_extractor:Rows before filtering: 166
INFO:app.services.data_extractor:Rows after filtering: 166
INFO:app.services.data_extractor:Sample data:
  account_code                           label  ... solde_final_debit solde_final_credit
0       Compte                        Intitulé  ...               0.0               0.00
1     10100000                  CAPITAL SOCIAL  ...               0.0        12400000.00
2     10900000  ACTIONNAIRE CAPITAL NON APPELE  ...              10.0               0.00
3     16210000                EMPRUNT BANCAIRE  ...               0.0        21100000.00
4     16220000                 EMPRUNT LEASING  ...               0.0         1298680.66

[5 rows x 10 columns]
INFO:app.services.data_extractor:Successfully extracted 166 records
INFO:root:Upload 104: Encoding=ISO-8859-1, Delimiter=;, Columns={'compte': 'account_code', 'intitule': 'label', 'solde ant dbt ref': 'opening_debit', 'solde ant cdt ref': 'opening_credit', 'debit periode ref': 'debit', 'credit periode ref': 'credit', 'solde per dbt ref': 'solde_debit', 'solde per cdt ref': 'solde_credit', 'solde fin dbt ref': 'solde_final_debit', 'solde fin cdt ref': 'solde_final_credit'}, Confidence_Scores={'compte': 42.0%, 'intitule': 48.8%, 'solde ant dbt ref': 55.9%, 'solde ant cdt ref': 56.6%, 'debit periode ref': 85.8%, 'credit periode ref': 77.6%, 'solde per dbt ref': 62.1%, 'solde per cdt ref': 55.3%, 'solde fin dbt ref': 63.6%, 'solde fin cdt ref': 55.7%}
INFO:app.services.upload_service:Upload 104: 165 accounts inserted. Detected columns: ['account_code', 'label', 'opening_debit', 'opening_credit', 'debit', 'credit', 'solde_debit', 'solde_credit', 'solde_final_debit', 'solde_final_credit']
INFO:app.services.upload_service:File saved: app/uploads\balance_2021_utf.csv
INFO:app.services.upload_service:Upload registered with ID: 105
INFO:app.services.upload_service:Starting to parse upload 105: balance_2021_utf.csv
INFO:app.utils.helpers:Successfully decoded first line with utf-8
INFO:app.utils.helpers:Detected delimiter: ';' from: {',': 0, ';': 6, '\t': 0, '|': 0}
INFO:app.utils.helpers:CSV read successfully: 106 rows, 7 columns
INFO:app.services.csv_parsing_service:Raw columns after reading CSV: ['col_0', 'col_1', 'col_2', 'col_3', 'col_4', 'col_5', 'col_6']
INFO:app.services.header_detector:Detected header at row 2: ['N°', 'Libellé écriture', 'Solde Final', '', '', '', '']
INFO:app.services.csv_parsing_service:Preparing DataFrame: normalizing column names and data...
INFO:app.services.preparation_service:Starting DataFrame preparation...
INFO:app.services.preparation_service:Normalized column names: {'N°': 'n', 'Libellé écriture': 'libelle ecriture', 'Solde Final': 'solde final', '': ''}
INFO:app.services.preparation_service:Removed empty columns. Remaining: ['n', 'libelle ecriture', 'solde final']
INFO:app.services.preparation_service:DataFrame preparation complete
INFO:app.services.csv_parsing_service:Columns after preparation: ['n', 'libelle ecriture', 'solde final']
INFO:app.services.csv_parsing_service:Starting NLP-based column classification with semantic matching...
INFO:app.services.column_classifier:Processing column: 'n' \u2192 normalized: 'n'
INFO:app.services.column_classifier:\u2713 Mapped 'n' \u2192 'account_code' (confidence: 44.7%) [semantic=2.7, fuzzy=30.0, content=12.0]
INFO:app.services.column_classifier:Processing column: 'libelle ecriture' \u2192 normalized: 'libelle ecriture'
INFO:app.services.column_classifier:\u2713 Mapped 'libelle ecriture' \u2192 'label' (confidence: 34.6%) [semantic=1.3, fuzzy=18.3, content=15.0]
INFO:app.services.column_classifier:Processing column: 'solde final' \u2192 normalized: 'solde final'
INFO:app.services.column_classifier:\u2713 Mapped 'solde final' \u2192 'solde_final_debit' (confidence: 36.9%) [semantic=11.4, fuzzy=25.5, content=0.0]
INFO:app.services.column_classifier:Validating and boosting confidence scores using content analysis...
WARNING:app.services.semantic_classifier:\u26a0 Suspicious classification: 'solde final' \u2192 'solde_final_debit' (confidence=36.9%, content_score=0.0)
INFO:app.services.column_classifier:Final column mapping: {'n': 'account_code', 'libelle ecriture': 'label', 'solde final': 'solde_final_debit'}
INFO:app.services.column_classifier:Confidence scores: [('n', '44.7%'), ('libelle ecriture', '38.4%'), ('solde final', '36.9%')]
INFO:app.services.csv_parsing_service:Column classification results with confidence:
INFO:app.services.csv_parsing_service:  'n' \u2192 'account_code' (confidence: 44.7%)
INFO:app.services.csv_parsing_service:  'libelle ecriture' \u2192 'label' (confidence: 38.4%)
INFO:app.services.csv_parsing_service:  'solde final' \u2192 'solde_final_debit' (confidence: 36.9%)
INFO:app.services.data_extractor:Reverse mapping: {'account_code': ['n'], 'label': ['libelle ecriture'], 'solde_final_debit': ['solde final']}
INFO:app.services.data_extractor:DataFrame columns after renaming: ['account_code', 'label', 'solde_final_debit']
INFO:app.services.data_extractor:DataFrame shape: (106, 3)
INFO:app.services.data_extractor:DataFrame sample:
   account_code             label solde_final_debit
0  BALANCE 2021                                    
1                                                  
2            N°  Libellé écriture       Solde Final
3      10100000           CAPITAL        -1 000,000
4      11100000    RESERVE LEGALE                  
INFO:app.services.data_extractor:Converted column 'solde_final_debit' to numeric (NaN filled with 0)
INFO:app.services.data_extractor:Rows before filtering: 106
INFO:app.services.data_extractor:Rows after filtering: 100
INFO:app.services.data_extractor:Sample data:
   account_code               label  solde_final_debit
0  BALANCE 2021                                    0.0
2            N°    Libellé écriture                0.0
3      10100000             CAPITAL            -1000.0
4      11100000      RESERVE LEGALE                0.0
5      12100000  RESULTATS REPORTES          -150000.0
INFO:app.services.data_extractor:Successfully extracted 100 records
INFO:root:Upload 105: Encoding=UTF-8-SIG, Delimiter=;, Columns={'n': 'account_code', 'libelle ecriture': 'label', 'solde final': 'solde_final_debit'}, Confidence_Scores={'n': 44.7%, 'libelle ecriture': 38.4%, 'solde final': 36.9%}
INFO:app.services.upload_service:Upload 105: 98 accounts inserted. Detected columns: ['account_code', 'label', 'solde_final_debit']
INFO:app.services.upload_service:File saved: app/uploads\F1773661755482_BAL(in).csv
INFO:app.services.upload_service:Upload registered with ID: 106
INFO:app.utils.helpers:Successfully decoded first line with latin1
INFO:app.utils.helpers:Detected delimiter: ';' from: {',': 0, ';': 9, '\t': 0, '|': 0}
INFO:app.utils.helpers:CSV read successfully: 166 rows, 10 columns
INFO:app.services.csv_parsing_service:Raw columns after reading CSV: ['col_0', 'col_1', 'col_2', 'col_3', 'col_4', 'col_5', 'col_6', 'col_7', 'col_8', 'col_9']
INFO:app.services.header_detector:Detected header at row 0: ['Compte', 'Intitulé', 'Solde ant Dbt (réf)', 'Solde ant Cdt (réf)', 'Débit période (réf)', 'Crédit période (réf)', 'Solde pér Dbt (réf)', 'Solde pér Cdt (réf)', 'Solde fin Dbt (réf)', 'Solde fin Cdt (réf)']
INFO:app.services.csv_parsing_service:Preparing DataFrame: normalizing column names and data...
INFO:app.services.preparation_service:Starting DataFrame preparation...
INFO:app.services.preparation_service:Normalized column names: {'Compte': 'compte', 'Intitulé': 'intitule', 'Solde ant Dbt (réf)': 'solde ant dbt ref', 'Solde ant Cdt (réf)': 'solde ant cdt ref', 'Débit période (réf)': 'debit periode ref', 'Crédit période (réf)': 'credit periode ref', 'Solde pér Dbt (réf)': 'solde per dbt ref', 'Solde pér Cdt (réf)': 'solde per cdt ref', 'Solde fin Dbt (réf)': 'solde fin dbt ref', 'Solde fin Cdt (réf)': 'solde fin cdt ref'}
INFO:app.services.preparation_service:Removed empty columns. Remaining: ['compte', 'intitule', 'solde ant dbt ref', 'solde ant cdt ref', 'debit periode ref', 'credit periode ref', 'solde per dbt ref', 'solde per cdt ref', 'solde fin dbt ref', 'solde fin cdt ref']
INFO:app.services.preparation_service:DataFrame preparation complete
INFO:app.services.csv_parsing_service:Columns after preparation: ['compte', 'intitule', 'solde ant dbt ref', 'solde ant cdt ref', 'debit periode ref', 'credit periode ref', 'solde per dbt ref', 'solde per cdt ref', 'solde fin dbt ref', 'solde fin cdt ref']
INFO:app.services.csv_parsing_service:Starting NLP-based column classification with semantic matching...
INFO:app.services.column_classifier:Processing column: 'compte' \u2192 normalized: 'compte'
INFO:app.services.column_classifier:\u2713 Mapped 'compte' \u2192 'account_code' (confidence: 42.0%) [semantic=0.0, fuzzy=30.0, content=12.0]
INFO:app.services.column_classifier:Processing column: 'intitule' \u2192 normalized: 'intitule'
INFO:app.services.column_classifier:\u2713 Mapped 'intitule' \u2192 'label' (confidence: 45.0%) [semantic=0.0, fuzzy=30.0, content=15.0]
INFO:app.services.column_classifier:Processing column: 'solde ant dbt ref' \u2192 normalized: 'solde ant dbt ref'
INFO:app.services.column_classifier:\u2713 Mapped 'solde ant dbt ref' \u2192 'opening_debit' (confidence: 52.2%) [semantic=7.2, fuzzy=30.0, content=15.0]
INFO:app.services.column_classifier:Processing column: 'solde ant cdt ref' \u2192 normalized: 'solde ant cdt ref'
INFO:app.services.column_classifier:\u2713 Mapped 'solde ant cdt ref' \u2192 'opening_credit' (confidence: 52.8%) [semantic=7.8, fuzzy=30.0, content=15.0]
INFO:app.services.column_classifier:Processing column: 'debit periode ref' \u2192 normalized: 'debit periode ref'
INFO:app.services.column_classifier:\u2713 Mapped 'debit periode ref' \u2192 'debit' (confidence: 80.8%) [semantic=30.8, fuzzy=30.0, content=20.0]
INFO:app.services.column_classifier:Processing column: 'credit periode ref' \u2192 normalized: 'credit periode ref'
INFO:app.services.column_classifier:\u2713 Mapped 'credit periode ref' \u2192 'credit' (confidence: 73.1%) [semantic=25.1, fuzzy=30.0, content=18.0]
INFO:app.services.column_classifier:Processing column: 'solde per dbt ref' \u2192 normalized: 'solde per dbt ref'
INFO:app.services.column_classifier:\u2713 Mapped 'solde per dbt ref' \u2192 'solde_debit' (confidence: 57.1%) [semantic=7.1, fuzzy=30.0, content=20.0]
INFO:app.services.column_classifier:Processing column: 'solde per cdt ref' \u2192 normalized: 'solde per cdt ref'
INFO:app.services.column_classifier:\u2713 Mapped 'solde per cdt ref' \u2192 'solde_credit' (confidence: 51.5%) [semantic=6.5, fuzzy=30.0, content=15.0]
INFO:app.services.column_classifier:Processing column: 'solde fin dbt ref' \u2192 normalized: 'solde fin dbt ref'
INFO:app.services.column_classifier:\u2713 Mapped 'solde fin dbt ref' \u2192 'solde_final_debit' (confidence: 58.6%) [semantic=8.6, fuzzy=30.0, content=20.0]
INFO:app.services.column_classifier:Processing column: 'solde fin cdt ref' \u2192 normalized: 'solde fin cdt ref'
INFO:app.services.column_classifier:\u2713 Mapped 'solde fin cdt ref' \u2192 'solde_final_credit' (confidence: 52.0%) [semantic=7.0, fuzzy=30.0, content=15.0]
INFO:app.services.column_classifier:Validating and boosting confidence scores using content analysis...
INFO:app.services.column_classifier:Final column mapping: {'compte': 'account_code', 'intitule': 'label', 'solde ant dbt ref': 'opening_debit', 'solde ant cdt ref': 'opening_credit', 'debit periode ref': 'debit', 'credit periode ref': 'credit', 'solde per dbt ref': 'solde_debit', 'solde per cdt ref': 'solde_credit', 'solde fin dbt ref': 'solde_final_debit', 'solde fin cdt ref': 'solde_final_credit'}
INFO:app.services.column_classifier:Confidence scores: [('compte', '42.0%'), ('intitule', '48.8%'), ('solde ant dbt ref', '55.9%'), ('solde ant cdt ref', '56.6%'), ('debit periode ref', '85.8%'), ('credit periode ref', '77.6%'), ('solde per dbt ref', '62.1%'), ('solde per cdt ref', '55.3%'), ('solde fin dbt ref', '63.6%'), ('solde fin cdt ref', '55.7%')]
INFO:app.services.csv_parsing_service:Column classification results with confidence:
INFO:app.services.csv_parsing_service:  'compte' \u2192 'account_code' (confidence: 42.0%)
INFO:app.services.csv_parsing_service:  'intitule' \u2192 'label' (confidence: 48.8%)
INFO:app.services.csv_parsing_service:  'solde ant dbt ref' \u2192 'opening_debit' (confidence: 55.9%)
INFO:app.services.csv_parsing_service:  'solde ant cdt ref' \u2192 'opening_credit' (confidence: 56.6%)
INFO:app.services.csv_parsing_service:  'debit periode ref' \u2192 'debit' (confidence: 85.8%)
INFO:app.services.csv_parsing_service:  'credit periode ref' \u2192 'credit' (confidence: 77.6%)
INFO:app.services.csv_parsing_service:  'solde per dbt ref' \u2192 'solde_debit' (confidence: 62.1%)
INFO:app.services.csv_parsing_service:  'solde per cdt ref' \u2192 'solde_credit' (confidence: 55.3%)
INFO:app.services.csv_parsing_service:  'solde fin dbt ref' \u2192 'solde_final_debit' (confidence: 63.6%)
INFO:app.services.csv_parsing_service:  'solde fin cdt ref' \u2192 'solde_final_credit' (confidence: 55.7%)
INFO:app.services.data_extractor:Reverse mapping: {'account_code': ['compte'], 'label': ['intitule'], 'opening_debit': ['solde ant dbt ref'], 'opening_credit': ['solde ant cdt ref'], 'debit': ['debit periode ref'], 'credit': ['credit periode ref'], 'solde_debit': ['solde per dbt ref'], 'solde_credit': ['solde per cdt ref'], 'solde_final_debit': ['solde fin dbt ref'], 'solde_final_credit': ['solde fin cdt ref']}
INFO:app.services.data_extractor:DataFrame columns after renaming: ['account_code', 'label', 'opening_debit', 'opening_credit', 'debit', 'credit', 'solde_debit', 'solde_credit', 'solde_final_debit', 'solde_final_credit']
INFO:app.services.data_extractor:DataFrame shape: (166, 10)
INFO:app.services.data_extractor:DataFrame sample:
  account_code                           label  ...    solde_final_debit   solde_final_credit
0       Compte                        Intitulé  ...  Solde fin Dbt (réf)  Solde fin Cdt (réf)
1     10100000                  CAPITAL SOCIAL  ...                    0             12400000
2     10900000  ACTIONNAIRE CAPITAL NON APPELE  ...                   10                    0
3     16210000                EMPRUNT BANCAIRE  ...                    0             21100000
4     16220000                 EMPRUNT LEASING  ...                    0           1298680,66

[5 rows x 10 columns]
INFO:app.services.data_extractor:Converted column 'debit' to numeric (NaN filled with 0)
INFO:app.services.data_extractor:Converted column 'credit' to numeric (NaN filled with 0)
INFO:app.services.data_extractor:Converted column 'solde_debit' to numeric (NaN filled with 0)
INFO:app.services.data_extractor:Converted column 'solde_credit' to numeric (NaN filled with 0)
INFO:app.services.data_extractor:Converted column 'solde_final_debit' to numeric (NaN filled with 0)
INFO:app.services.data_extractor:Converted column 'solde_final_credit' to numeric (NaN filled with 0)
INFO:app.services.data_extractor:Rows before filtering: 166
INFO:app.services.data_extractor:Rows after filtering: 166
INFO:app.services.data_extractor:Sample data:
  account_code                           label  ... solde_final_debit solde_final_credit
0       Compte                        Intitulé  ...               0.0               0.00
1     10100000                  CAPITAL SOCIAL  ...               0.0        12400000.00
2     10900000  ACTIONNAIRE CAPITAL NON APPELE  ...              10.0               0.00
3     16210000                EMPRUNT BANCAIRE  ...               0.0        21100000.00
4     16220000                 EMPRUNT LEASING  ...               0.0         1298680.66

[5 rows x 10 columns]
INFO:app.services.data_extractor:Successfully extracted 166 records
INFO:root:Upload 106: Encoding=ISO-8859-1, Delimiter=;, Columns={'compte': 'account_code', 'intitule': 'label', 'solde ant dbt ref': 'opening_debit', 'solde ant cdt ref': 'opening_credit', 'debit periode ref': 'debit', 'credit periode ref': 'credit', 'solde per dbt ref': 'solde_debit', 'solde per cdt ref': 'solde_credit', 'solde fin dbt ref': 'solde_final_debit', 'solde fin cdt ref': 'solde_final_credit'}, Confidence_Scores={'compte': 42.0%, 'intitule': 48.8%, 'solde ant dbt ref': 55.9%, 'solde ant cdt ref': 56.6%, 'debit periode ref': 85.8%, 'credit periode ref': 77.6%, 'solde per dbt ref': 62.1%, 'solde per cdt ref': 55.3%, 'solde fin dbt ref': 63.6%, 'solde fin cdt ref': 55.7%}
